ano,mes,faixa,sexo,grupo,subgrupo,obitos
2024,1,0-9,F,circulatorio,cardiomiopatia_i42_i43,5
2024,1,0-9,F,circulatorio,cerebrovascular_i60_i69,3
2024,1,0-9,F,circulatorio,circulatorio_outras,2
2024,1,0-9,F,circulatorio,isquemica_outras_i20_i25,2
2024,1,0-9,F,circulatorio,miocardite_i40_i41,3
2024,1,0-9,F,covid,"",7
2024,1,0-9,F,digestivo,"",29
2024,1,0-9,F,endocrino_diabetes,"",21
2024,1,0-9,F,endocrino_diabetes,diabetes_e10_e14,2
2024,1,0-9,F,externas,"",115
2024,1,0-9,F,geniturinario,"",12
2024,1,0-9,F,infecciosas,"",43
2024,1,0-9,F,infecciosas,sepse_a40_a41,27
2024,1,0-9,F,mal_definidas,"",48
2024,1,0-9,F,neoplasias,cancer_hematologico_c81_c96,18
2024,1,0-9,F,neoplasias,cancer_outros_c00_c97,29
2024,1,0-9,F,neoplasias,neoplasia_in_situ_benigna_d00_d48,1
2024,1,0-9,F,neuro_mentais,"",49
2024,1,0-9,F,outras,"",975
2024,1,0-9,F,respiratorio,"",26
2024,1,0-9,F,respiratorio,pneumonia_j12_j18,34
2024,1,0-9,I,digestivo,"",1
2024,1,0-9,I,outras,"",8
2024,1,0-9,M,circulatorio,cardiomiopatia_i42_i43,3
2024,1,0-9,M,circulatorio,cerebrovascular_i60_i69,7
2024,1,0-9,M,circulatorio,circulatorio_outras,8
2024,1,0-9,M,circulatorio,embolia_pulmonar_i26,2
2024,1,0-9,M,circulatorio,infarto_agudo_i21_i22,1
2024,1,0-9,M,circulatorio,isquemica_outras_i20_i25,2
2024,1,0-9,M,circulatorio,miocardite_i40_i41,2
2024,1,0-9,M,circulatorio,trombose_venosa_i80_i82,1
2024,1,0-9,M,covid,"",7
2024,1,0-9,M,digestivo,"",34
2024,1,0-9,M,endocrino_diabetes,"",15
2024,1,0-9,M,externas,"",168
2024,1,0-9,M,geniturinario,"",16
2024,1,0-9,M,infecciosas,"",56
2024,1,0-9,M,infecciosas,sepse_a40_a41,26
2024,1,0-9,M,mal_definidas,"",59
2024,1,0-9,M,neoplasias,cancer_hematologico_c81_c96,19
2024,1,0-9,M,neoplasias,cancer_outros_c00_c97,14
2024,1,0-9,M,neoplasias,neoplasia_in_situ_benigna_d00_d48,1
2024,1,0-9,M,neuro_mentais,"",52
2024,1,0-9,M,outras,"",1217
2024,1,0-9,M,respiratorio,"",31
2024,1,0-9,M,respiratorio,pneumonia_j12_j18,43
2024,1,10-19,F,circulatorio,cerebrovascular_i60_i69,5
2024,1,10-19,F,circulatorio,circulatorio_outras,4
2024,1,10-19,F,circulatorio,hipertensao_i10,1
2024,1,10-19,F,circulatorio,infarto_agudo_i21_i22,2
2024,1,10-19,F,circulatorio,parada_arritmia_i46_i49,1
2024,1,10-19,F,circulatorio,trombose_venosa_i80_i82,2
2024,1,10-19,F,covid,"",1
2024,1,10-19,F,digestivo,"",8
2024,1,10-19,F,endocrino_diabetes,"",12
2024,1,10-19,F,endocrino_diabetes,diabetes_e10_e14,4
2024,1,10-19,F,externas,"",144
2024,1,10-19,F,geniturinario,"",6
2024,1,10-19,F,infecciosas,"",16
2024,1,10-19,F,infecciosas,sepse_a40_a41,7
2024,1,10-19,F,mal_definidas,"",21
2024,1,10-19,F,neoplasias,cancer_hematologico_c81_c96,11
2024,1,10-19,F,neoplasias,cancer_outros_c00_c97,21
2024,1,10-19,F,neoplasias,cancer_pulmao_c34,1
2024,1,10-19,F,neoplasias,neoplasia_in_situ_benigna_d00_d48,3
2024,1,10-19,F,neuro_mentais,"",33
2024,1,10-19,F,outras,"",42
2024,1,10-19,F,respiratorio,"",9
2024,1,10-19,F,respiratorio,pneumonia_j12_j18,10
2024,1,10-19,I,externas,"",1
2024,1,10-19,M,circulatorio,cardiomiopatia_i42_i43,3
2024,1,10-19,M,circulatorio,cardiopatia_mal_definida_i51,3
2024,1,10-19,M,circulatorio,cerebrovascular_i60_i69,5
2024,1,10-19,M,circulatorio,circulatorio_outras,4
2024,1,10-19,M,circulatorio,embolia_pulmonar_i26,3
2024,1,10-19,M,circulatorio,infarto_agudo_i21_i22,5
2024,1,10-19,M,circulatorio,insuf_cardiaca_i50,2
2024,1,10-19,M,circulatorio,isquemica_outras_i20_i25,2
2024,1,10-19,M,circulatorio,miocardite_i40_i41,1
2024,1,10-19,M,circulatorio,parada_arritmia_i46_i49,2
2024,1,10-19,M,circulatorio,trombose_venosa_i80_i82,1
2024,1,10-19,M,digestivo,"",18
2024,1,10-19,M,endocrino_diabetes,"",3
2024,1,10-19,M,endocrino_diabetes,diabetes_e10_e14,4
2024,1,10-19,M,externas,"",772
2024,1,10-19,M,geniturinario,"",8
2024,1,10-19,M,infecciosas,"",19
2024,1,10-19,M,infecciosas,sepse_a40_a41,4
2024,1,10-19,M,mal_definidas,"",53
2024,1,10-19,M,neoplasias,cancer_hematologico_c81_c96,36
2024,1,10-19,M,neoplasias,cancer_outros_c00_c97,27
2024,1,10-19,M,neuro_mentais,"",57
2024,1,10-19,M,outras,"",22
2024,1,10-19,M,respiratorio,"",10
2024,1,10-19,M,respiratorio,pneumonia_j12_j18,17
2024,1,20-29,F,circulatorio,cardiomiopatia_i42_i43,5
2024,1,20-29,F,circulatorio,cardiopatia_mal_definida_i51,5
2024,1,20-29,F,circulatorio,cerebrovascular_i60_i69,19
2024,1,20-29,F,circulatorio,circulatorio_outras,16
2024,1,20-29,F,circulatorio,embolia_pulmonar_i26,6
2024,1,20-29,F,circulatorio,infarto_agudo_i21_i22,12
2024,1,20-29,F,circulatorio,insuf_cardiaca_i50,6
2024,1,20-29,F,circulatorio,isquemica_outras_i20_i25,1
2024,1,20-29,F,circulatorio,miocardite_i40_i41,1
2024,1,20-29,F,circulatorio,parada_arritmia_i46_i49,3
2024,1,20-29,F,circulatorio,trombose_venosa_i80_i82,2
2024,1,20-29,F,covid,"",3
2024,1,20-29,F,digestivo,"",28
2024,1,20-29,F,endocrino_diabetes,"",15
2024,1,20-29,F,endocrino_diabetes,diabetes_e10_e14,17
2024,1,20-29,F,externas,"",320
2024,1,20-29,F,geniturinario,"",27
2024,1,20-29,F,infecciosas,"",58
2024,1,20-29,F,infecciosas,sepse_a40_a41,12
2024,1,20-29,F,mal_definidas,"",54
2024,1,20-29,F,neoplasias,cancer_colorretal_c18_c21,6
2024,1,20-29,F,neoplasias,cancer_estomago_c16,4
2024,1,20-29,F,neoplasias,cancer_hematologico_c81_c96,21
2024,1,20-29,F,neoplasias,cancer_mama_c50,14
2024,1,20-29,F,neoplasias,cancer_outros_c00_c97,71
2024,1,20-29,F,neoplasias,cancer_pancreas_c25,1
2024,1,20-29,F,neoplasias,cancer_pulmao_c34,2
2024,1,20-29,F,neoplasias,neoplasia_in_situ_benigna_d00_d48,4
2024,1,20-29,F,neuro_mentais,"",39
2024,1,20-29,F,outras,"",85
2024,1,20-29,F,respiratorio,"",18
2024,1,20-29,F,respiratorio,pneumonia_j12_j18,21
2024,1,20-29,I,externas,"",2
2024,1,20-29,M,circulatorio,cardiomiopatia_i42_i43,14
2024,1,20-29,M,circulatorio,cerebrovascular_i60_i69,28
2024,1,20-29,M,circulatorio,circulatorio_outras,17
2024,1,20-29,M,circulatorio,embolia_pulmonar_i26,6
2024,1,20-29,M,circulatorio,hipertensao_i10,8
2024,1,20-29,M,circulatorio,infarto_agudo_i21_i22,30
2024,1,20-29,M,circulatorio,insuf_cardiaca_i50,10
2024,1,20-29,M,circulatorio,isquemica_outras_i20_i25,7
2024,1,20-29,M,circulatorio,miocardite_i40_i41,1
2024,1,20-29,M,circulatorio,parada_arritmia_i46_i49,4
2024,1,20-29,M,circulatorio,trombose_venosa_i80_i82,3
2024,1,20-29,M,covid,"",3
2024,1,20-29,M,digestivo,"",65
2024,1,20-29,M,endocrino_diabetes,"",22
2024,1,20-29,M,endocrino_diabetes,diabetes_e10_e14,16
2024,1,20-29,M,externas,"",2453
2024,1,20-29,M,geniturinario,"",25
2024,1,20-29,M,infecciosas,"",114
2024,1,20-29,M,infecciosas,sepse_a40_a41,17
2024,1,20-29,M,mal_definidas,"",142
2024,1,20-29,M,neoplasias,cancer_colorretal_c18_c21,7
2024,1,20-29,M,neoplasias,cancer_estomago_c16,2
2024,1,20-29,M,neoplasias,cancer_hematologico_c81_c96,38
2024,1,20-29,M,neoplasias,cancer_outros_c00_c97,74
2024,1,20-29,M,neoplasias,cancer_pancreas_c25,2
2024,1,20-29,M,neoplasias,cancer_pulmao_c34,9
2024,1,20-29,M,neoplasias,neoplasia_in_situ_benigna_d00_d48,5
2024,1,20-29,M,neuro_mentais,"",84
2024,1,20-29,M,outras,"",46
2024,1,20-29,M,respiratorio,"",42
2024,1,20-29,M,respiratorio,pneumonia_j12_j18,41
2024,1,30-39,F,circulatorio,cardiomiopatia_i42_i43,9
2024,1,30-39,F,circulatorio,cardiopatia_mal_definida_i51,8
2024,1,30-39,F,circulatorio,cerebrovascular_i60_i69,52
2024,1,30-39,F,circulatorio,circulatorio_outras,33
2024,1,30-39,F,circulatorio,embolia_pulmonar_i26,35
2024,1,30-39,F,circulatorio,hipertensao_i10,8
2024,1,30-39,F,circulatorio,infarto_agudo_i21_i22,42
2024,1,30-39,F,circulatorio,insuf_cardiaca_i50,11
2024,1,30-39,F,circulatorio,isquemica_outras_i20_i25,7
2024,1,30-39,F,circulatorio,miocardite_i40_i41,1
2024,1,30-39,F,circulatorio,parada_arritmia_i46_i49,6
2024,1,30-39,F,circulatorio,trombose_venosa_i80_i82,5
2024,1,30-39,F,covid,"",4
2024,1,30-39,F,digestivo,"",77
2024,1,30-39,F,endocrino_diabetes,"",32
2024,1,30-39,F,endocrino_diabetes,diabetes_e10_e14,32
2024,1,30-39,F,externas,"",317
2024,1,30-39,F,geniturinario,"",39
2024,1,30-39,F,infecciosas,"",106
2024,1,30-39,F,infecciosas,sepse_a40_a41,12
2024,1,30-39,F,mal_definidas,"",83
2024,1,30-39,F,neoplasias,cancer_colorretal_c18_c21,29
2024,1,30-39,F,neoplasias,cancer_estomago_c16,23
2024,1,30-39,F,neoplasias,cancer_hematologico_c81_c96,30
2024,1,30-39,F,neoplasias,cancer_mama_c50,120
2024,1,30-39,F,neoplasias,cancer_outros_c00_c97,190
2024,1,30-39,F,neoplasias,cancer_pancreas_c25,6
2024,1,30-39,F,neoplasias,cancer_pulmao_c34,10
2024,1,30-39,F,neoplasias,neoplasia_in_situ_benigna_d00_d48,5
2024,1,30-39,F,neuro_mentais,"",59
2024,1,30-39,F,outras,"",116
2024,1,30-39,F,respiratorio,"",29
2024,1,30-39,F,respiratorio,pneumonia_j12_j18,29
2024,1,30-39,M,circulatorio,cardiomiopatia_i42_i43,43
2024,1,30-39,M,circulatorio,cardiopatia_mal_definida_i51,9
2024,1,30-39,M,circulatorio,cerebrovascular_i60_i69,77
2024,1,30-39,M,circulatorio,circulatorio_outras,49
2024,1,30-39,M,circulatorio,embolia_pulmonar_i26,18
2024,1,30-39,M,circulatorio,hipertensao_i10,12
2024,1,30-39,M,circulatorio,infarto_agudo_i21_i22,115
2024,1,30-39,M,circulatorio,insuf_cardiaca_i50,25
2024,1,30-39,M,circulatorio,isquemica_outras_i20_i25,15
2024,1,30-39,M,circulatorio,miocardite_i40_i41,1
2024,1,30-39,M,circulatorio,parada_arritmia_i46_i49,13
2024,1,30-39,M,circulatorio,trombose_venosa_i80_i82,5
2024,1,30-39,M,covid,"",7
2024,1,30-39,M,digestivo,"",198
2024,1,30-39,M,endocrino_diabetes,"",35
2024,1,30-39,M,endocrino_diabetes,diabetes_e10_e14,56
2024,1,30-39,M,externas,"",1991
2024,1,30-39,M,geniturinario,"",53
2024,1,30-39,M,infecciosas,"",210
2024,1,30-39,M,infecciosas,sepse_a40_a41,26
2024,1,30-39,M,mal_definidas,"",272
2024,1,30-39,M,neoplasias,cancer_colorretal_c18_c21,27
2024,1,30-39,M,neoplasias,cancer_estomago_c16,11
2024,1,30-39,M,neoplasias,cancer_hematologico_c81_c96,33
2024,1,30-39,M,neoplasias,cancer_mama_c50,2
2024,1,30-39,M,neoplasias,cancer_outros_c00_c97,117
2024,1,30-39,M,neoplasias,cancer_pancreas_c25,8
2024,1,30-39,M,neoplasias,cancer_pulmao_c34,8
2024,1,30-39,M,neoplasias,neoplasia_in_situ_benigna_d00_d48,6
2024,1,30-39,M,neuro_mentais,"",170
2024,1,30-39,M,outras,"",41
2024,1,30-39,M,respiratorio,"",76
2024,1,30-39,M,respiratorio,pneumonia_j12_j18,89
2024,1,40-49,F,circulatorio,cardiomiopatia_i42_i43,25
2024,1,40-49,F,circulatorio,cardiopatia_mal_definida_i51,10
2024,1,40-49,F,circulatorio,cerebrovascular_i60_i69,215
2024,1,40-49,F,circulatorio,circulatorio_outras,98
2024,1,40-49,F,circulatorio,embolia_pulmonar_i26,26
2024,1,40-49,F,circulatorio,hipertensao_i10,50
2024,1,40-49,F,circulatorio,infarto_agudo_i21_i22,131
2024,1,40-49,F,circulatorio,insuf_cardiaca_i50,28
2024,1,40-49,F,circulatorio,isquemica_outras_i20_i25,22
2024,1,40-49,F,circulatorio,parada_arritmia_i46_i49,11
2024,1,40-49,F,circulatorio,trombose_venosa_i80_i82,10
2024,1,40-49,F,covid,"",14
2024,1,40-49,F,digestivo,"",182
2024,1,40-49,F,endocrino_diabetes,"",43
2024,1,40-49,F,endocrino_diabetes,diabetes_e10_e14,128
2024,1,40-49,F,externas,"",290
2024,1,40-49,F,geniturinario,"",79
2024,1,40-49,F,infecciosas,"",127
2024,1,40-49,F,infecciosas,sepse_a40_a41,33
2024,1,40-49,F,mal_definidas,"",145
2024,1,40-49,F,neoplasias,cancer_colorretal_c18_c21,66
2024,1,40-49,F,neoplasias,cancer_estomago_c16,42
2024,1,40-49,F,neoplasias,cancer_hematologico_c81_c96,41
2024,1,40-49,F,neoplasias,cancer_mama_c50,239
2024,1,40-49,F,neoplasias,cancer_outros_c00_c97,437
2024,1,40-49,F,neoplasias,cancer_pancreas_c25,31
2024,1,40-49,F,neoplasias,cancer_pulmao_c34,46
2024,1,40-49,F,neoplasias,neoplasia_in_situ_benigna_d00_d48,21
2024,1,40-49,F,neuro_mentais,"",93
2024,1,40-49,F,outras,"",105
2024,1,40-49,F,respiratorio,"",85
2024,1,40-49,F,respiratorio,pneumonia_j12_j18,63
2024,1,40-49,I,circulatorio,isquemica_outras_i20_i25,1
2024,1,40-49,I,mal_definidas,"",1
2024,1,40-49,M,circulatorio,cardiomiopatia_i42_i43,74
2024,1,40-49,M,circulatorio,cardiopatia_mal_definida_i51,18
2024,1,40-49,M,circulatorio,cerebrovascular_i60_i69,212
2024,1,40-49,M,circulatorio,circulatorio_outras,131
2024,1,40-49,M,circulatorio,embolia_pulmonar_i26,42
2024,1,40-49,M,circulatorio,hipertensao_i10,65
2024,1,40-49,M,circulatorio,infarto_agudo_i21_i22,372
2024,1,40-49,M,circulatorio,insuf_cardiaca_i50,38
2024,1,40-49,M,circulatorio,isquemica_outras_i20_i25,52
2024,1,40-49,M,circulatorio,miocardite_i40_i41,2
2024,1,40-49,M,circulatorio,parada_arritmia_i46_i49,27
2024,1,40-49,M,circulatorio,trombose_venosa_i80_i82,12
2024,1,40-49,M,covid,"",15
2024,1,40-49,M,digestivo,"",432
2024,1,40-49,M,endocrino_diabetes,"",54
2024,1,40-49,M,endocrino_diabetes,diabetes_e10_e14,111
2024,1,40-49,M,externas,"",1567
2024,1,40-49,M,geniturinario,"",107
2024,1,40-49,M,infecciosas,"",285
2024,1,40-49,M,infecciosas,sepse_a40_a41,68
2024,1,40-49,M,mal_definidas,"",406
2024,1,40-49,M,neoplasias,cancer_colorretal_c18_c21,72
2024,1,40-49,M,neoplasias,cancer_estomago_c16,53
2024,1,40-49,M,neoplasias,cancer_hematologico_c81_c96,60
2024,1,40-49,M,neoplasias,cancer_mama_c50,1
2024,1,40-49,M,neoplasias,cancer_outros_c00_c97,315
2024,1,40-49,M,neoplasias,cancer_pancreas_c25,39
2024,1,40-49,M,neoplasias,cancer_prostata_c61,6
2024,1,40-49,M,neoplasias,cancer_pulmao_c34,45
2024,1,40-49,M,neoplasias,neoplasia_in_situ_benigna_d00_d48,12
2024,1,40-49,M,neuro_mentais,"",300
2024,1,40-49,M,outras,"",76
2024,1,40-49,M,respiratorio,"",130
2024,1,40-49,M,respiratorio,pneumonia_j12_j18,154
2024,1,50-59,F,circulatorio,cardiomiopatia_i42_i43,34
2024,1,50-59,F,circulatorio,cardiopatia_mal_definida_i51,15
2024,1,50-59,F,circulatorio,cerebrovascular_i60_i69,314
2024,1,50-59,F,circulatorio,circulatorio_outras,197
2024,1,50-59,F,circulatorio,embolia_pulmonar_i26,56
2024,1,50-59,F,circulatorio,hipertensao_i10,95
2024,1,50-59,F,circulatorio,infarto_agudo_i21_i22,298
2024,1,50-59,F,circulatorio,insuf_cardiaca_i50,72
2024,1,50-59,F,circulatorio,isquemica_outras_i20_i25,68
2024,1,50-59,F,circulatorio,miocardite_i40_i41,2
2024,1,50-59,F,circulatorio,parada_arritmia_i46_i49,37
2024,1,50-59,F,circulatorio,trombose_venosa_i80_i82,14
2024,1,50-59,F,covid,"",32
2024,1,50-59,F,digestivo,"",257
2024,1,50-59,F,endocrino_diabetes,"",66
2024,1,50-59,F,endocrino_diabetes,diabetes_e10_e14,260
2024,1,50-59,F,externas,"",222
2024,1,50-59,F,geniturinario,"",169
2024,1,50-59,F,infecciosas,"",182
2024,1,50-59,F,infecciosas,sepse_a40_a41,76
2024,1,50-59,F,mal_definidas,"",203
2024,1,50-59,F,neoplasias,cancer_colorretal_c18_c21,153
2024,1,50-59,F,neoplasias,cancer_estomago_c16,79
2024,1,50-59,F,neoplasias,cancer_hematologico_c81_c96,97
2024,1,50-59,F,neoplasias,cancer_mama_c50,384
2024,1,50-59,F,neoplasias,cancer_outros_c00_c97,712
2024,1,50-59,F,neoplasias,cancer_pancreas_c25,75
2024,1,50-59,F,neoplasias,cancer_pulmao_c34,147
2024,1,50-59,F,neoplasias,neoplasia_in_situ_benigna_d00_d48,32
2024,1,50-59,F,neuro_mentais,"",141
2024,1,50-59,F,neuro_mentais,alzheimer_g30,2
2024,1,50-59,F,outras,"",82
2024,1,50-59,F,respiratorio,"",187
2024,1,50-59,F,respiratorio,pneumonia_j12_j18,153
2024,1,50-59,I,externas,"",2
2024,1,50-59,M,circulatorio,cardiomiopatia_i42_i43,80
2024,1,50-59,M,circulatorio,cardiopatia_mal_definida_i51,22
2024,1,50-59,M,circulatorio,cerebrovascular_i60_i69,473
2024,1,50-59,M,circulatorio,circulatorio_outras,286
2024,1,50-59,M,circulatorio,embolia_pulmonar_i26,61
2024,1,50-59,M,circulatorio,hipertensao_i10,152
2024,1,50-59,M,circulatorio,infarto_agudo_i21_i22,786
2024,1,50-59,M,circulatorio,insuf_cardiaca_i50,155
2024,1,50-59,M,circulatorio,isquemica_outras_i20_i25,142
2024,1,50-59,M,circulatorio,miocardite_i40_i41,4
2024,1,50-59,M,circulatorio,parada_arritmia_i46_i49,69
2024,1,50-59,M,circulatorio,trombose_venosa_i80_i82,12
2024,1,50-59,M,covid,"",38
2024,1,50-59,M,digestivo,"",718
2024,1,50-59,M,endocrino_diabetes,"",89
2024,1,50-59,M,endocrino_diabetes,diabetes_e10_e14,321
2024,1,50-59,M,externas,"",1138
2024,1,50-59,M,geniturinario,"",175
2024,1,50-59,M,infecciosas,"",353
2024,1,50-59,M,infecciosas,sepse_a40_a41,113
2024,1,50-59,M,mal_definidas,"",584
2024,1,50-59,M,neoplasias,cancer_colorretal_c18_c21,165
2024,1,50-59,M,neoplasias,cancer_estomago_c16,118
2024,1,50-59,M,neoplasias,cancer_hematologico_c81_c96,109
2024,1,50-59,M,neoplasias,cancer_mama_c50,3
2024,1,50-59,M,neoplasias,cancer_outros_c00_c97,827
2024,1,50-59,M,neoplasias,cancer_pancreas_c25,88
2024,1,50-59,M,neoplasias,cancer_prostata_c61,51
2024,1,50-59,M,neoplasias,cancer_pulmao_c34,146
2024,1,50-59,M,neoplasias,neoplasia_in_situ_benigna_d00_d48,28
2024,1,50-59,M,neuro_mentais,"",361
2024,1,50-59,M,neuro_mentais,alzheimer_g30,5
2024,1,50-59,M,outras,"",144
2024,1,50-59,M,respiratorio,"",281
2024,1,50-59,M,respiratorio,pneumonia_j12_j18,282
2024,1,60-69,F,circulatorio,cardiomiopatia_i42_i43,42
2024,1,60-69,F,circulatorio,cardiopatia_mal_definida_i51,23
2024,1,60-69,F,circulatorio,cerebrovascular_i60_i69,683
2024,1,60-69,F,circulatorio,circulatorio_outras,373
2024,1,60-69,F,circulatorio,embolia_pulmonar_i26,70
2024,1,60-69,F,circulatorio,hipertensao_i10,199
2024,1,60-69,F,circulatorio,infarto_agudo_i21_i22,645
2024,1,60-69,F,circulatorio,insuf_cardiaca_i50,187
2024,1,60-69,F,circulatorio,isquemica_outras_i20_i25,136
2024,1,60-69,F,circulatorio,parada_arritmia_i46_i49,77
2024,1,60-69,F,circulatorio,trombose_venosa_i80_i82,21
2024,1,60-69,F,covid,"",38
2024,1,60-69,F,digestivo,"",458
2024,1,60-69,F,endocrino_diabetes,"",113
2024,1,60-69,F,endocrino_diabetes,diabetes_e10_e14,570
2024,1,60-69,F,externas,"",271
2024,1,60-69,F,geniturinario,"",327
2024,1,60-69,F,infecciosas,"",176
2024,1,60-69,F,infecciosas,sepse_a40_a41,163
2024,1,60-69,F,mal_definidas,"",350
2024,1,60-69,F,neoplasias,cancer_colorretal_c18_c21,264
2024,1,60-69,F,neoplasias,cancer_estomago_c16,116
2024,1,60-69,F,neoplasias,cancer_hematologico_c81_c96,152
2024,1,60-69,F,neoplasias,cancer_mama_c50,368
2024,1,60-69,F,neoplasias,cancer_outros_c00_c97,1090
2024,1,60-69,F,neoplasias,cancer_pancreas_c25,166
2024,1,60-69,F,neoplasias,cancer_prostata_c61,1
2024,1,60-69,F,neoplasias,cancer_pulmao_c34,403
2024,1,60-69,F,neoplasias,neoplasia_in_situ_benigna_d00_d48,48
2024,1,60-69,F,neuro_mentais,"",198
2024,1,60-69,F,neuro_mentais,alzheimer_g30,39
2024,1,60-69,F,outras,"",182
2024,1,60-69,F,respiratorio,"",485
2024,1,60-69,F,respiratorio,pneumonia_j12_j18,306
2024,1,60-69,I,neoplasias,cancer_mama_c50,1
2024,1,60-69,I,respiratorio,pneumonia_j12_j18,1
2024,1,60-69,M,circulatorio,cardiomiopatia_i42_i43,99
2024,1,60-69,M,circulatorio,cardiopatia_mal_definida_i51,41
2024,1,60-69,M,circulatorio,cerebrovascular_i60_i69,931
2024,1,60-69,M,circulatorio,circulatorio_outras,485
2024,1,60-69,M,circulatorio,embolia_pulmonar_i26,69
2024,1,60-69,M,circulatorio,hipertensao_i10,278
2024,1,60-69,M,circulatorio,infarto_agudo_i21_i22,1173
2024,1,60-69,M,circulatorio,insuf_cardiaca_i50,264
2024,1,60-69,M,circulatorio,isquemica_outras_i20_i25,281
2024,1,60-69,M,circulatorio,parada_arritmia_i46_i49,119
2024,1,60-69,M,circulatorio,trombose_venosa_i80_i82,22
2024,1,60-69,M,covid,"",60
2024,1,60-69,M,digestivo,"",882
2024,1,60-69,M,endocrino_diabetes,"",121
2024,1,60-69,M,endocrino_diabetes,diabetes_e10_e14,629
2024,1,60-69,M,externas,"",862
2024,1,60-69,M,geniturinario,"",381
2024,1,60-69,M,infecciosas,"",320
2024,1,60-69,M,infecciosas,sepse_a40_a41,200
2024,1,60-69,M,mal_definidas,"",744
2024,1,60-69,M,neoplasias,cancer_colorretal_c18_c21,288
2024,1,60-69,M,neoplasias,cancer_estomago_c16,241
2024,1,60-69,M,neoplasias,cancer_hematologico_c81_c96,165
2024,1,60-69,M,neoplasias,cancer_mama_c50,2
2024,1,60-69,M,neoplasias,cancer_outros_c00_c97,1397
2024,1,60-69,M,neoplasias,cancer_pancreas_c25,172
2024,1,60-69,M,neoplasias,cancer_prostata_c61,262
2024,1,60-69,M,neoplasias,cancer_pulmao_c34,418
2024,1,60-69,M,neoplasias,neoplasia_in_situ_benigna_d00_d48,60
2024,1,60-69,M,neuro_mentais,"",380
2024,1,60-69,M,neuro_mentais,alzheimer_g30,37
2024,1,60-69,M,outras,"",221
2024,1,60-69,M,respiratorio,"",594
2024,1,60-69,M,respiratorio,pneumonia_j12_j18,491
2024,1,70-79,F,circulatorio,cardiomiopatia_i42_i43,64
2024,1,70-79,F,circulatorio,cardiopatia_mal_definida_i51,35
2024,1,70-79,F,circulatorio,cerebrovascular_i60_i69,1035
2024,1,70-79,F,circulatorio,circulatorio_outras,571
2024,1,70-79,F,circulatorio,embolia_pulmonar_i26,109
2024,1,70-79,F,circulatorio,hipertensao_i10,305
2024,1,70-79,F,circulatorio,infarto_agudo_i21_i22,803
2024,1,70-79,F,circulatorio,insuf_cardiaca_i50,317
2024,1,70-79,F,circulatorio,isquemica_outras_i20_i25,209
2024,1,70-79,F,circulatorio,miocardite_i40_i41,2
2024,1,70-79,F,circulatorio,parada_arritmia_i46_i49,142
2024,1,70-79,F,circulatorio,trombose_venosa_i80_i82,23
2024,1,70-79,F,covid,"",74
2024,1,70-79,F,digestivo,"",658
2024,1,70-79,F,endocrino_diabetes,"",156
2024,1,70-79,F,endocrino_diabetes,diabetes_e10_e14,878
2024,1,70-79,F,externas,"",353
2024,1,70-79,F,geniturinario,"",558
2024,1,70-79,F,infecciosas,"",278
2024,1,70-79,F,infecciosas,sepse_a40_a41,254
2024,1,70-79,F,mal_definidas,"",469
2024,1,70-79,F,neoplasias,cancer_colorretal_c18_c21,254
2024,1,70-79,F,neoplasias,cancer_estomago_c16,112
2024,1,70-79,F,neoplasias,cancer_hematologico_c81_c96,161
2024,1,70-79,F,neoplasias,cancer_mama_c50,313
2024,1,70-79,F,neoplasias,cancer_outros_c00_c97,1053
2024,1,70-79,F,neoplasias,cancer_pancreas_c25,161
2024,1,70-79,F,neoplasias,cancer_pulmao_c34,334
2024,1,70-79,F,neoplasias,neoplasia_in_situ_benigna_d00_d48,42
2024,1,70-79,F,neuro_mentais,"",245
2024,1,70-79,F,neuro_mentais,alzheimer_g30,260
2024,1,70-79,F,outras,"",283
2024,1,70-79,F,respiratorio,"",781
2024,1,70-79,F,respiratorio,pneumonia_j12_j18,667
2024,1,70-79,M,circulatorio,cardiomiopatia_i42_i43,90
2024,1,70-79,M,circulatorio,cardiopatia_mal_definida_i51,34
2024,1,70-79,M,circulatorio,cerebrovascular_i60_i69,1258
2024,1,70-79,M,circulatorio,circulatorio_outras,634
2024,1,70-79,M,circulatorio,embolia_pulmonar_i26,71
2024,1,70-79,M,circulatorio,hipertensao_i10,302
2024,1,70-79,M,circulatorio,infarto_agudo_i21_i22,1157
2024,1,70-79,M,circulatorio,insuf_cardiaca_i50,328
2024,1,70-79,M,circulatorio,isquemica_outras_i20_i25,325
2024,1,70-79,M,circulatorio,miocardite_i40_i41,2
2024,1,70-79,M,circulatorio,parada_arritmia_i46_i49,149
2024,1,70-79,M,circulatorio,trombose_venosa_i80_i82,15
2024,1,70-79,M,covid,"",97
2024,1,70-79,M,digestivo,"",754
2024,1,70-79,M,endocrino_diabetes,"",136
2024,1,70-79,M,endocrino_diabetes,diabetes_e10_e14,761
2024,1,70-79,M,externas,"",646
2024,1,70-79,M,geniturinario,"",610
2024,1,70-79,M,infecciosas,"",247
2024,1,70-79,M,infecciosas,sepse_a40_a41,287
2024,1,70-79,M,mal_definidas,"",667
2024,1,70-79,M,neoplasias,cancer_colorretal_c18_c21,309
2024,1,70-79,M,neoplasias,cancer_estomago_c16,203
2024,1,70-79,M,neoplasias,cancer_hematologico_c81_c96,197
2024,1,70-79,M,neoplasias,cancer_mama_c50,5
2024,1,70-79,M,neoplasias,cancer_outros_c00_c97,1217
2024,1,70-79,M,neoplasias,cancer_pancreas_c25,181
2024,1,70-79,M,neoplasias,cancer_prostata_c61,510
2024,1,70-79,M,neoplasias,cancer_pulmao_c34,505
2024,1,70-79,M,neoplasias,neoplasia_in_situ_benigna_d00_d48,68
2024,1,70-79,M,neuro_mentais,"",382
2024,1,70-79,M,neuro_mentais,alzheimer_g30,198
2024,1,70-79,M,outras,"",255
2024,1,70-79,M,respiratorio,"",894
2024,1,70-79,M,respiratorio,pneumonia_j12_j18,783
2024,1,80+,F,circulatorio,cardiomiopatia_i42_i43,122
2024,1,80+,F,circulatorio,cardiopatia_mal_definida_i51,74
2024,1,80+,F,circulatorio,cerebrovascular_i60_i69,1780
2024,1,80+,F,circulatorio,circulatorio_outras,998
2024,1,80+,F,circulatorio,embolia_pulmonar_i26,174
2024,1,80+,F,circulatorio,hipertensao_i10,807
2024,1,80+,F,circulatorio,infarto_agudo_i21_i22,1035
2024,1,80+,F,circulatorio,insuf_cardiaca_i50,670
2024,1,80+,F,circulatorio,isquemica_outras_i20_i25,343
2024,1,80+,F,circulatorio,miocardite_i40_i41,4
2024,1,80+,F,circulatorio,parada_arritmia_i46_i49,283
2024,1,80+,F,circulatorio,trombose_venosa_i80_i82,35
2024,1,80+,F,covid,"",173
2024,1,80+,F,digestivo,"",923
2024,1,80+,F,endocrino_diabetes,"",339
2024,1,80+,F,endocrino_diabetes,diabetes_e10_e14,1134
2024,1,80+,F,externas,"",824
2024,1,80+,F,geniturinario,"",1384
2024,1,80+,F,infecciosas,"",364
2024,1,80+,F,infecciosas,sepse_a40_a41,503
2024,1,80+,F,mal_definidas,"",1232
2024,1,80+,F,neoplasias,cancer_colorretal_c18_c21,259
2024,1,80+,F,neoplasias,cancer_estomago_c16,92
2024,1,80+,F,neoplasias,cancer_hematologico_c81_c96,155
2024,1,80+,F,neoplasias,cancer_mama_c50,290
2024,1,80+,F,neoplasias,cancer_outros_c00_c97,947
2024,1,80+,F,neoplasias,cancer_pancreas_c25,164
2024,1,80+,F,neoplasias,cancer_pulmao_c34,244
2024,1,80+,F,neoplasias,neoplasia_in_situ_benigna_d00_d48,77
2024,1,80+,F,neuro_mentais,"",644
2024,1,80+,F,neuro_mentais,alzheimer_g30,1266
2024,1,80+,F,outras,"",527
2024,1,80+,F,respiratorio,"",1487
2024,1,80+,F,respiratorio,pneumonia_j12_j18,1992
2024,1,80+,I,endocrino_diabetes,diabetes_e10_e14,1
2024,1,80+,M,circulatorio,cardiomiopatia_i42_i43,89
2024,1,80+,M,circulatorio,cardiopatia_mal_definida_i51,56
2024,1,80+,M,circulatorio,cerebrovascular_i60_i69,1336
2024,1,80+,M,circulatorio,circulatorio_outras,702
2024,1,80+,M,circulatorio,embolia_pulmonar_i26,67
2024,1,80+,M,circulatorio,hipertensao_i10,461
2024,1,80+,M,circulatorio,infarto_agudo_i21_i22,814
2024,1,80+,M,circulatorio,insuf_cardiaca_i50,435
2024,1,80+,M,circulatorio,isquemica_outras_i20_i25,282
2024,1,80+,M,circulatorio,parada_arritmia_i46_i49,194
2024,1,80+,M,circulatorio,trombose_venosa_i80_i82,19
2024,1,80+,M,covid,"",126
2024,1,80+,M,digestivo,"",683
2024,1,80+,M,endocrino_diabetes,"",191
2024,1,80+,M,endocrino_diabetes,diabetes_e10_e14,707
2024,1,80+,M,externas,"",562
2024,1,80+,M,geniturinario,"",937
2024,1,80+,M,infecciosas,"",252
2024,1,80+,M,infecciosas,sepse_a40_a41,323
2024,1,80+,M,mal_definidas,"",791
2024,1,80+,M,neoplasias,cancer_colorretal_c18_c21,226
2024,1,80+,M,neoplasias,cancer_estomago_c16,137
2024,1,80+,M,neoplasias,cancer_hematologico_c81_c96,137
2024,1,80+,M,neoplasias,cancer_mama_c50,4
2024,1,80+,M,neoplasias,cancer_outros_c00_c97,843
2024,1,80+,M,neoplasias,cancer_pancreas_c25,114
2024,1,80+,M,neoplasias,cancer_prostata_c61,643
2024,1,80+,M,neoplasias,cancer_pulmao_c34,261
2024,1,80+,M,neoplasias,neoplasia_in_situ_benigna_d00_d48,65
2024,1,80+,M,neuro_mentais,"",464
2024,1,80+,M,neuro_mentais,alzheimer_g30,538
2024,1,80+,M,outras,"",256
2024,1,80+,M,respiratorio,"",1312
2024,1,80+,M,respiratorio,pneumonia_j12_j18,1399
2024,1,ignorada,F,circulatorio,cardiomiopatia_i42_i43,1
2024,1,ignorada,F,circulatorio,embolia_pulmonar_i26,2
2024,1,ignorada,F,circulatorio,hipertensao_i10,1
2024,1,ignorada,F,circulatorio,infarto_agudo_i21_i22,1
2024,1,ignorada,F,endocrino_diabetes,diabetes_e10_e14,1
2024,1,ignorada,F,externas,"",1
2024,1,ignorada,F,mal_definidas,"",5
2024,1,ignorada,F,outras,"",1
2024,1,ignorada,F,respiratorio,"",2
2024,1,ignorada,F,respiratorio,pneumonia_j12_j18,1
2024,1,ignorada,I,circulatorio,isquemica_outras_i20_i25,1
2024,1,ignorada,I,externas,"",11
2024,1,ignorada,I,mal_definidas,"",7
2024,1,ignorada,I,respiratorio,"",1
2024,1,ignorada,M,circulatorio,cardiomiopatia_i42_i43,1
2024,1,ignorada,M,circulatorio,cerebrovascular_i60_i69,2
2024,1,ignorada,M,circulatorio,embolia_pulmonar_i26,1
2024,1,ignorada,M,circulatorio,infarto_agudo_i21_i22,2
2024,1,ignorada,M,circulatorio,isquemica_outras_i20_i25,2
2024,1,ignorada,M,digestivo,"",4
2024,1,ignorada,M,endocrino_diabetes,"",1
2024,1,ignorada,M,externas,"",69
2024,1,ignorada,M,geniturinario,"",2
2024,1,ignorada,M,infecciosas,"",1
2024,1,ignorada,M,mal_definidas,"",28
2024,1,ignorada,M,neoplasias,cancer_prostata_c61,1
2024,1,ignorada,M,neuro_mentais,"",2
2024,1,ignorada,M,neuro_mentais,alzheimer_g30,1
2024,1,ignorada,M,outras,"",1
2024,1,ignorada,M,respiratorio,"",2
2024,1,ignorada,M,respiratorio,pneumonia_j12_j18,1
2024,2,0-9,F,circulatorio,cardiomiopatia_i42_i43,7
2024,2,0-9,F,circulatorio,cardiopatia_mal_definida_i51,2
2024,2,0-9,F,circulatorio,cerebrovascular_i60_i69,2
2024,2,0-9,F,circulatorio,circulatorio_outras,7
2024,2,0-9,F,circulatorio,embolia_pulmonar_i26,1
2024,2,0-9,F,circulatorio,infarto_agudo_i21_i22,1
2024,2,0-9,F,circulatorio,insuf_cardiaca_i50,3
2024,2,0-9,F,circulatorio,miocardite_i40_i41,1
2024,2,0-9,F,circulatorio,parada_arritmia_i46_i49,2
2024,2,0-9,F,circulatorio,trombose_venosa_i80_i82,1
2024,2,0-9,F,covid,"",5
2024,2,0-9,F,digestivo,"",20
2024,2,0-9,F,endocrino_diabetes,"",16
2024,2,0-9,F,endocrino_diabetes,diabetes_e10_e14,1
2024,2,0-9,F,externas,"",94
2024,2,0-9,F,geniturinario,"",8
2024,2,0-9,F,infecciosas,"",45
2024,2,0-9,F,infecciosas,sepse_a40_a41,20
2024,2,0-9,F,mal_definidas,"",38
2024,2,0-9,F,neoplasias,cancer_hematologico_c81_c96,13
2024,2,0-9,F,neoplasias,cancer_outros_c00_c97,34
2024,2,0-9,F,neoplasias,neoplasia_in_situ_benigna_d00_d48,2
2024,2,0-9,F,neuro_mentais,"",46
2024,2,0-9,F,outras,"",944
2024,2,0-9,F,respiratorio,"",27
2024,2,0-9,F,respiratorio,pneumonia_j12_j18,30
2024,2,0-9,I,outras,"",8
2024,2,0-9,M,circulatorio,cardiomiopatia_i42_i43,9
2024,2,0-9,M,circulatorio,cardiopatia_mal_definida_i51,1
2024,2,0-9,M,circulatorio,cerebrovascular_i60_i69,4
2024,2,0-9,M,circulatorio,circulatorio_outras,3
2024,2,0-9,M,circulatorio,hipertensao_i10,1
2024,2,0-9,M,circulatorio,infarto_agudo_i21_i22,1
2024,2,0-9,M,circulatorio,insuf_cardiaca_i50,1
2024,2,0-9,M,circulatorio,miocardite_i40_i41,1
2024,2,0-9,M,circulatorio,parada_arritmia_i46_i49,1
2024,2,0-9,M,circulatorio,trombose_venosa_i80_i82,1
2024,2,0-9,M,covid,"",10
2024,2,0-9,M,digestivo,"",30
2024,2,0-9,M,endocrino_diabetes,"",12
2024,2,0-9,M,endocrino_diabetes,diabetes_e10_e14,1
2024,2,0-9,M,externas,"",145
2024,2,0-9,M,geniturinario,"",18
2024,2,0-9,M,infecciosas,"",61
2024,2,0-9,M,infecciosas,sepse_a40_a41,29
2024,2,0-9,M,mal_definidas,"",36
2024,2,0-9,M,neoplasias,cancer_hematologico_c81_c96,16
2024,2,0-9,M,neoplasias,cancer_outros_c00_c97,29
2024,2,0-9,M,neoplasias,neoplasia_in_situ_benigna_d00_d48,1
2024,2,0-9,M,neuro_mentais,"",47
2024,2,0-9,M,outras,"",1146
2024,2,0-9,M,respiratorio,"",33
2024,2,0-9,M,respiratorio,pneumonia_j12_j18,48
2024,2,10-19,F,circulatorio,cardiomiopatia_i42_i43,1
2024,2,10-19,F,circulatorio,cerebrovascular_i60_i69,9
2024,2,10-19,F,circulatorio,circulatorio_outras,4
2024,2,10-19,F,circulatorio,embolia_pulmonar_i26,1
2024,2,10-19,F,circulatorio,insuf_cardiaca_i50,4
2024,2,10-19,F,circulatorio,parada_arritmia_i46_i49,1
2024,2,10-19,F,covid,"",5
2024,2,10-19,F,digestivo,"",6
2024,2,10-19,F,endocrino_diabetes,"",5
2024,2,10-19,F,endocrino_diabetes,diabetes_e10_e14,12
2024,2,10-19,F,externas,"",124
2024,2,10-19,F,geniturinario,"",12
2024,2,10-19,F,infecciosas,"",26
2024,2,10-19,F,infecciosas,sepse_a40_a41,1
2024,2,10-19,F,mal_definidas,"",18
2024,2,10-19,F,neoplasias,cancer_hematologico_c81_c96,13
2024,2,10-19,F,neoplasias,cancer_outros_c00_c97,22
2024,2,10-19,F,neoplasias,cancer_pulmao_c34,1
2024,2,10-19,F,neoplasias,neoplasia_in_situ_benigna_d00_d48,6
2024,2,10-19,F,neuro_mentais,"",20
2024,2,10-19,F,outras,"",33
2024,2,10-19,F,respiratorio,"",8
2024,2,10-19,F,respiratorio,pneumonia_j12_j18,6
2024,2,10-19,M,circulatorio,cardiomiopatia_i42_i43,5
2024,2,10-19,M,circulatorio,cerebrovascular_i60_i69,5
2024,2,10-19,M,circulatorio,circulatorio_outras,6
2024,2,10-19,M,circulatorio,embolia_pulmonar_i26,2
2024,2,10-19,M,circulatorio,infarto_agudo_i21_i22,5
2024,2,10-19,M,circulatorio,isquemica_outras_i20_i25,2
2024,2,10-19,M,circulatorio,miocardite_i40_i41,2
2024,2,10-19,M,circulatorio,parada_arritmia_i46_i49,1
2024,2,10-19,M,covid,"",1
2024,2,10-19,M,digestivo,"",12
2024,2,10-19,M,endocrino_diabetes,"",4
2024,2,10-19,M,endocrino_diabetes,diabetes_e10_e14,7
2024,2,10-19,M,externas,"",705
2024,2,10-19,M,geniturinario,"",5
2024,2,10-19,M,infecciosas,"",24
2024,2,10-19,M,infecciosas,sepse_a40_a41,9
2024,2,10-19,M,mal_definidas,"",37
2024,2,10-19,M,neoplasias,cancer_colorretal_c18_c21,1
2024,2,10-19,M,neoplasias,cancer_hematologico_c81_c96,19
2024,2,10-19,M,neoplasias,cancer_outros_c00_c97,29
2024,2,10-19,M,neoplasias,neoplasia_in_situ_benigna_d00_d48,3
2024,2,10-19,M,neuro_mentais,"",60
2024,2,10-19,M,outras,"",21
2024,2,10-19,M,respiratorio,"",14
2024,2,10-19,M,respiratorio,pneumonia_j12_j18,15
2024,2,20-29,F,circulatorio,cardiomiopatia_i42_i43,5
2024,2,20-29,F,circulatorio,cerebrovascular_i60_i69,13
2024,2,20-29,F,circulatorio,circulatorio_outras,8
2024,2,20-29,F,circulatorio,embolia_pulmonar_i26,6
2024,2,20-29,F,circulatorio,hipertensao_i10,3
2024,2,20-29,F,circulatorio,infarto_agudo_i21_i22,8
2024,2,20-29,F,circulatorio,insuf_cardiaca_i50,3
2024,2,20-29,F,circulatorio,isquemica_outras_i20_i25,2
2024,2,20-29,F,circulatorio,miocardite_i40_i41,1
2024,2,20-29,F,circulatorio,parada_arritmia_i46_i49,3
2024,2,20-29,F,circulatorio,trombose_venosa_i80_i82,2
2024,2,20-29,F,covid,"",8
2024,2,20-29,F,digestivo,"",30
2024,2,20-29,F,endocrino_diabetes,"",13
2024,2,20-29,F,endocrino_diabetes,diabetes_e10_e14,18
2024,2,20-29,F,externas,"",260
2024,2,20-29,F,geniturinario,"",18
2024,2,20-29,F,infecciosas,"",62
2024,2,20-29,F,infecciosas,sepse_a40_a41,8
2024,2,20-29,F,mal_definidas,"",62
2024,2,20-29,F,neoplasias,cancer_estomago_c16,2
2024,2,20-29,F,neoplasias,cancer_hematologico_c81_c96,18
2024,2,20-29,F,neoplasias,cancer_mama_c50,13
2024,2,20-29,F,neoplasias,cancer_outros_c00_c97,70
2024,2,20-29,F,neoplasias,cancer_pancreas_c25,4
2024,2,20-29,F,neoplasias,cancer_pulmao_c34,1
2024,2,20-29,F,neoplasias,neoplasia_in_situ_benigna_d00_d48,5
2024,2,20-29,F,neuro_mentais,"",37
2024,2,20-29,F,outras,"",99
2024,2,20-29,F,respiratorio,"",23
2024,2,20-29,F,respiratorio,pneumonia_j12_j18,23
2024,2,20-29,M,circulatorio,cardiomiopatia_i42_i43,17
2024,2,20-29,M,circulatorio,cardiopatia_mal_definida_i51,2
2024,2,20-29,M,circulatorio,cerebrovascular_i60_i69,25
2024,2,20-29,M,circulatorio,circulatorio_outras,21
2024,2,20-29,M,circulatorio,embolia_pulmonar_i26,8
2024,2,20-29,M,circulatorio,infarto_agudo_i21_i22,31
2024,2,20-29,M,circulatorio,insuf_cardiaca_i50,6
2024,2,20-29,M,circulatorio,isquemica_outras_i20_i25,7
2024,2,20-29,M,circulatorio,miocardite_i40_i41,1
2024,2,20-29,M,circulatorio,parada_arritmia_i46_i49,3
2024,2,20-29,M,circulatorio,trombose_venosa_i80_i82,2
2024,2,20-29,M,covid,"",2
2024,2,20-29,M,digestivo,"",58
2024,2,20-29,M,endocrino_diabetes,"",9
2024,2,20-29,M,endocrino_diabetes,diabetes_e10_e14,20
2024,2,20-29,M,externas,"",2282
2024,2,20-29,M,geniturinario,"",19
2024,2,20-29,M,infecciosas,"",129
2024,2,20-29,M,infecciosas,sepse_a40_a41,17
2024,2,20-29,M,mal_definidas,"",152
2024,2,20-29,M,neoplasias,cancer_colorretal_c18_c21,11
2024,2,20-29,M,neoplasias,cancer_estomago_c16,4
2024,2,20-29,M,neoplasias,cancer_hematologico_c81_c96,27
2024,2,20-29,M,neoplasias,cancer_outros_c00_c97,58
2024,2,20-29,M,neoplasias,cancer_pancreas_c25,2
2024,2,20-29,M,neoplasias,cancer_pulmao_c34,4
2024,2,20-29,M,neoplasias,neoplasia_in_situ_benigna_d00_d48,3
2024,2,20-29,M,neuro_mentais,"",77
2024,2,20-29,M,outras,"",46
2024,2,20-29,M,respiratorio,"",26
2024,2,20-29,M,respiratorio,pneumonia_j12_j18,37
2024,2,30-39,F,circulatorio,cardiomiopatia_i42_i43,12
2024,2,30-39,F,circulatorio,cardiopatia_mal_definida_i51,5
2024,2,30-39,F,circulatorio,cerebrovascular_i60_i69,66
2024,2,30-39,F,circulatorio,circulatorio_outras,40
2024,2,30-39,F,circulatorio,embolia_pulmonar_i26,19
2024,2,30-39,F,circulatorio,hipertensao_i10,14
2024,2,30-39,F,circulatorio,infarto_agudo_i21_i22,50
2024,2,30-39,F,circulatorio,insuf_cardiaca_i50,11
2024,2,30-39,F,circulatorio,isquemica_outras_i20_i25,5
2024,2,30-39,F,circulatorio,parada_arritmia_i46_i49,6
2024,2,30-39,F,circulatorio,trombose_venosa_i80_i82,5
2024,2,30-39,F,covid,"",13
2024,2,30-39,F,digestivo,"",85
2024,2,30-39,F,endocrino_diabetes,"",31
2024,2,30-39,F,endocrino_diabetes,diabetes_e10_e14,43
2024,2,30-39,F,externas,"",276
2024,2,30-39,F,geniturinario,"",38
2024,2,30-39,F,infecciosas,"",109
2024,2,30-39,F,infecciosas,sepse_a40_a41,15
2024,2,30-39,F,mal_definidas,"",76
2024,2,30-39,F,neoplasias,cancer_colorretal_c18_c21,22
2024,2,30-39,F,neoplasias,cancer_estomago_c16,20
2024,2,30-39,F,neoplasias,cancer_hematologico_c81_c96,34
2024,2,30-39,F,neoplasias,cancer_mama_c50,102
2024,2,30-39,F,neoplasias,cancer_outros_c00_c97,189
2024,2,30-39,F,neoplasias,cancer_pancreas_c25,4
2024,2,30-39,F,neoplasias,cancer_pulmao_c34,9
2024,2,30-39,F,neoplasias,neoplasia_in_situ_benigna_d00_d48,7
2024,2,30-39,F,neuro_mentais,"",74
2024,2,30-39,F,outras,"",110
2024,2,30-39,F,respiratorio,"",40
2024,2,30-39,F,respiratorio,pneumonia_j12_j18,31
2024,2,30-39,M,circulatorio,cardiomiopatia_i42_i43,31
2024,2,30-39,M,circulatorio,cardiopatia_mal_definida_i51,7
2024,2,30-39,M,circulatorio,cerebrovascular_i60_i69,64
2024,2,30-39,M,circulatorio,circulatorio_outras,52
2024,2,30-39,M,circulatorio,embolia_pulmonar_i26,25
2024,2,30-39,M,circulatorio,hipertensao_i10,15
2024,2,30-39,M,circulatorio,infarto_agudo_i21_i22,84
2024,2,30-39,M,circulatorio,insuf_cardiaca_i50,21
2024,2,30-39,M,circulatorio,isquemica_outras_i20_i25,18
2024,2,30-39,M,circulatorio,parada_arritmia_i46_i49,14
2024,2,30-39,M,circulatorio,trombose_venosa_i80_i82,3
2024,2,30-39,M,covid,"",20
2024,2,30-39,M,digestivo,"",167
2024,2,30-39,M,endocrino_diabetes,"",22
2024,2,30-39,M,endocrino_diabetes,diabetes_e10_e14,58
2024,2,30-39,M,externas,"",1851
2024,2,30-39,M,geniturinario,"",52
2024,2,30-39,M,infecciosas,"",242
2024,2,30-39,M,infecciosas,sepse_a40_a41,31
2024,2,30-39,M,mal_definidas,"",263
2024,2,30-39,M,neoplasias,cancer_colorretal_c18_c21,18
2024,2,30-39,M,neoplasias,cancer_estomago_c16,22
2024,2,30-39,M,neoplasias,cancer_hematologico_c81_c96,42
2024,2,30-39,M,neoplasias,cancer_mama_c50,2
2024,2,30-39,M,neoplasias,cancer_outros_c00_c97,97
2024,2,30-39,M,neoplasias,cancer_pancreas_c25,8
2024,2,30-39,M,neoplasias,cancer_pulmao_c34,11
2024,2,30-39,M,neoplasias,neoplasia_in_situ_benigna_d00_d48,3
2024,2,30-39,M,neuro_mentais,"",129
2024,2,30-39,M,outras,"",58
2024,2,30-39,M,respiratorio,"",51
2024,2,30-39,M,respiratorio,pneumonia_j12_j18,93
2024,2,40-49,F,circulatorio,cardiomiopatia_i42_i43,18
2024,2,40-49,F,circulatorio,cardiopatia_mal_definida_i51,9
2024,2,40-49,F,circulatorio,cerebrovascular_i60_i69,203
2024,2,40-49,F,circulatorio,circulatorio_outras,96
2024,2,40-49,F,circulatorio,embolia_pulmonar_i26,48
2024,2,40-49,F,circulatorio,hipertensao_i10,52
2024,2,40-49,F,circulatorio,infarto_agudo_i21_i22,129
2024,2,40-49,F,circulatorio,insuf_cardiaca_i50,27
2024,2,40-49,F,circulatorio,isquemica_outras_i20_i25,22
2024,2,40-49,F,circulatorio,parada_arritmia_i46_i49,13
2024,2,40-49,F,circulatorio,trombose_venosa_i80_i82,13
2024,2,40-49,F,covid,"",18
2024,2,40-49,F,digestivo,"",155
2024,2,40-49,F,endocrino_diabetes,"",60
2024,2,40-49,F,endocrino_diabetes,diabetes_e10_e14,116
2024,2,40-49,F,externas,"",276
2024,2,40-49,F,geniturinario,"",91
2024,2,40-49,F,infecciosas,"",144
2024,2,40-49,F,infecciosas,sepse_a40_a41,48
2024,2,40-49,F,mal_definidas,"",146
2024,2,40-49,F,neoplasias,cancer_colorretal_c18_c21,90
2024,2,40-49,F,neoplasias,cancer_estomago_c16,52
2024,2,40-49,F,neoplasias,cancer_hematologico_c81_c96,35
2024,2,40-49,F,neoplasias,cancer_mama_c50,290
2024,2,40-49,F,neoplasias,cancer_outros_c00_c97,399
2024,2,40-49,F,neoplasias,cancer_pancreas_c25,19
2024,2,40-49,F,neoplasias,cancer_pulmao_c34,34
2024,2,40-49,F,neoplasias,neoplasia_in_situ_benigna_d00_d48,19
2024,2,40-49,F,neuro_mentais,"",101
2024,2,40-49,F,outras,"",96
2024,2,40-49,F,respiratorio,"",87
2024,2,40-49,F,respiratorio,pneumonia_j12_j18,62
2024,2,40-49,I,mal_definidas,"",1
2024,2,40-49,M,circulatorio,cardiomiopatia_i42_i43,60
2024,2,40-49,M,circulatorio,cardiopatia_mal_definida_i51,14
2024,2,40-49,M,circulatorio,cerebrovascular_i60_i69,213
2024,2,40-49,M,circulatorio,circulatorio_outras,121
2024,2,40-49,M,circulatorio,embolia_pulmonar_i26,40
2024,2,40-49,M,circulatorio,hipertensao_i10,66
2024,2,40-49,M,circulatorio,infarto_agudo_i21_i22,327
2024,2,40-49,M,circulatorio,insuf_cardiaca_i50,48
2024,2,40-49,M,circulatorio,isquemica_outras_i20_i25,49
2024,2,40-49,M,circulatorio,miocardite_i40_i41,2
2024,2,40-49,M,circulatorio,parada_arritmia_i46_i49,29
2024,2,40-49,M,circulatorio,trombose_venosa_i80_i82,7
2024,2,40-49,M,covid,"",20
2024,2,40-49,M,digestivo,"",436
2024,2,40-49,M,endocrino_diabetes,"",55
2024,2,40-49,M,endocrino_diabetes,diabetes_e10_e14,123
2024,2,40-49,M,externas,"",1475
2024,2,40-49,M,geniturinario,"",90
2024,2,40-49,M,infecciosas,"",318
2024,2,40-49,M,infecciosas,sepse_a40_a41,59
2024,2,40-49,M,mal_definidas,"",413
2024,2,40-49,M,neoplasias,cancer_colorretal_c18_c21,59
2024,2,40-49,M,neoplasias,cancer_estomago_c16,41
2024,2,40-49,M,neoplasias,cancer_hematologico_c81_c96,54
2024,2,40-49,M,neoplasias,cancer_mama_c50,3
2024,2,40-49,M,neoplasias,cancer_outros_c00_c97,328
2024,2,40-49,M,neoplasias,cancer_pancreas_c25,38
2024,2,40-49,M,neoplasias,cancer_prostata_c61,4
2024,2,40-49,M,neoplasias,cancer_pulmao_c34,41
2024,2,40-49,M,neoplasias,neoplasia_in_situ_benigna_d00_d48,13
2024,2,40-49,M,neuro_mentais,"",255
2024,2,40-49,M,neuro_mentais,alzheimer_g30,2
2024,2,40-49,M,outras,"",79
2024,2,40-49,M,respiratorio,"",113
2024,2,40-49,M,respiratorio,pneumonia_j12_j18,169
2024,2,50-59,F,circulatorio,cardiomiopatia_i42_i43,34
2024,2,50-59,F,circulatorio,cardiopatia_mal_definida_i51,7
2024,2,50-59,F,circulatorio,cerebrovascular_i60_i69,326
2024,2,50-59,F,circulatorio,circulatorio_outras,188
2024,2,50-59,F,circulatorio,embolia_pulmonar_i26,28
2024,2,50-59,F,circulatorio,hipertensao_i10,93
2024,2,50-59,F,circulatorio,infarto_agudo_i21_i22,284
2024,2,50-59,F,circulatorio,insuf_cardiaca_i50,81
2024,2,50-59,F,circulatorio,isquemica_outras_i20_i25,55
2024,2,50-59,F,circulatorio,parada_arritmia_i46_i49,35
2024,2,50-59,F,circulatorio,trombose_venosa_i80_i82,11
2024,2,50-59,F,covid,"",25
2024,2,50-59,F,digestivo,"",267
2024,2,50-59,F,endocrino_diabetes,"",71
2024,2,50-59,F,endocrino_diabetes,diabetes_e10_e14,240
2024,2,50-59,F,externas,"",261
2024,2,50-59,F,geniturinario,"",151
2024,2,50-59,F,infecciosas,"",175
2024,2,50-59,F,infecciosas,sepse_a40_a41,72
2024,2,50-59,F,mal_definidas,"",202
2024,2,50-59,F,neoplasias,cancer_colorretal_c18_c21,168
2024,2,50-59,F,neoplasias,cancer_estomago_c16,68
2024,2,50-59,F,neoplasias,cancer_hematologico_c81_c96,76
2024,2,50-59,F,neoplasias,cancer_mama_c50,347
2024,2,50-59,F,neoplasias,cancer_outros_c00_c97,668
2024,2,50-59,F,neoplasias,cancer_pancreas_c25,76
2024,2,50-59,F,neoplasias,cancer_pulmao_c34,128
2024,2,50-59,F,neoplasias,neoplasia_in_situ_benigna_d00_d48,35
2024,2,50-59,F,neuro_mentais,"",120
2024,2,50-59,F,neuro_mentais,alzheimer_g30,3
2024,2,50-59,F,outras,"",119
2024,2,50-59,F,respiratorio,"",183
2024,2,50-59,F,respiratorio,pneumonia_j12_j18,163
2024,2,50-59,M,circulatorio,cardiomiopatia_i42_i43,85
2024,2,50-59,M,circulatorio,cardiopatia_mal_definida_i51,32
2024,2,50-59,M,circulatorio,cerebrovascular_i60_i69,495
2024,2,50-59,M,circulatorio,circulatorio_outras,250
2024,2,50-59,M,circulatorio,embolia_pulmonar_i26,48
2024,2,50-59,M,circulatorio,hipertensao_i10,138
2024,2,50-59,M,circulatorio,infarto_agudo_i21_i22,763
2024,2,50-59,M,circulatorio,insuf_cardiaca_i50,117
2024,2,50-59,M,circulatorio,isquemica_outras_i20_i25,135
2024,2,50-59,M,circulatorio,miocardite_i40_i41,4
2024,2,50-59,M,circulatorio,parada_arritmia_i46_i49,66
2024,2,50-59,M,circulatorio,trombose_venosa_i80_i82,15
2024,2,50-59,M,covid,"",42
2024,2,50-59,M,digestivo,"",653
2024,2,50-59,M,endocrino_diabetes,"",88
2024,2,50-59,M,endocrino_diabetes,diabetes_e10_e14,313
2024,2,50-59,M,externas,"",1094
2024,2,50-59,M,geniturinario,"",165
2024,2,50-59,M,infecciosas,"",337
2024,2,50-59,M,infecciosas,sepse_a40_a41,123
2024,2,50-59,M,mal_definidas,"",555
2024,2,50-59,M,neoplasias,cancer_colorretal_c18_c21,160
2024,2,50-59,M,neoplasias,cancer_estomago_c16,112
2024,2,50-59,M,neoplasias,cancer_hematologico_c81_c96,94
2024,2,50-59,M,neoplasias,cancer_mama_c50,4
2024,2,50-59,M,neoplasias,cancer_outros_c00_c97,762
2024,2,50-59,M,neoplasias,cancer_pancreas_c25,79
2024,2,50-59,M,neoplasias,cancer_prostata_c61,57
2024,2,50-59,M,neoplasias,cancer_pulmao_c34,160
2024,2,50-59,M,neoplasias,neoplasia_in_situ_benigna_d00_d48,26
2024,2,50-59,M,neuro_mentais,"",318
2024,2,50-59,M,neuro_mentais,alzheimer_g30,3
2024,2,50-59,M,outras,"",131
2024,2,50-59,M,respiratorio,"",234
2024,2,50-59,M,respiratorio,pneumonia_j12_j18,299
2024,2,60-69,F,circulatorio,cardiomiopatia_i42_i43,55
2024,2,60-69,F,circulatorio,cardiopatia_mal_definida_i51,16
2024,2,60-69,F,circulatorio,cerebrovascular_i60_i69,619
2024,2,60-69,F,circulatorio,circulatorio_outras,350
2024,2,60-69,F,circulatorio,embolia_pulmonar_i26,62
2024,2,60-69,F,circulatorio,hipertensao_i10,171
2024,2,60-69,F,circulatorio,infarto_agudo_i21_i22,573
2024,2,60-69,F,circulatorio,insuf_cardiaca_i50,160
2024,2,60-69,F,circulatorio,isquemica_outras_i20_i25,132
2024,2,60-69,F,circulatorio,parada_arritmia_i46_i49,58
2024,2,60-69,F,circulatorio,trombose_venosa_i80_i82,14
2024,2,60-69,F,covid,"",67
2024,2,60-69,F,digestivo,"",459
2024,2,60-69,F,endocrino_diabetes,"",113
2024,2,60-69,F,endocrino_diabetes,diabetes_e10_e14,545
2024,2,60-69,F,externas,"",264
2024,2,60-69,F,geniturinario,"",280
2024,2,60-69,F,infecciosas,"",223
2024,2,60-69,F,infecciosas,sepse_a40_a41,164
2024,2,60-69,F,mal_definidas,"",311
2024,2,60-69,F,neoplasias,cancer_colorretal_c18_c21,240
2024,2,60-69,F,neoplasias,cancer_estomago_c16,100
2024,2,60-69,F,neoplasias,cancer_hematologico_c81_c96,129
2024,2,60-69,F,neoplasias,cancer_mama_c50,351
2024,2,60-69,F,neoplasias,cancer_outros_c00_c97,1039
2024,2,60-69,F,neoplasias,cancer_pancreas_c25,129
2024,2,60-69,F,neoplasias,cancer_pulmao_c34,358
2024,2,60-69,F,neoplasias,neoplasia_in_situ_benigna_d00_d48,38
2024,2,60-69,F,neuro_mentais,"",162
2024,2,60-69,F,neuro_mentais,alzheimer_g30,33
2024,2,60-69,F,outras,"",170
2024,2,60-69,F,respiratorio,"",482
2024,2,60-69,F,respiratorio,pneumonia_j12_j18,333
2024,2,60-69,I,digestivo,"",1
2024,2,60-69,I,neoplasias,cancer_outros_c00_c97,1
2024,2,60-69,M,circulatorio,cardiomiopatia_i42_i43,92
2024,2,60-69,M,circulatorio,cardiopatia_mal_definida_i51,41
2024,2,60-69,M,circulatorio,cerebrovascular_i60_i69,876
2024,2,60-69,M,circulatorio,circulatorio_outras,470
2024,2,60-69,M,circulatorio,embolia_pulmonar_i26,69
2024,2,60-69,M,circulatorio,hipertensao_i10,255
2024,2,60-69,M,circulatorio,infarto_agudo_i21_i22,1094
2024,2,60-69,M,circulatorio,insuf_cardiaca_i50,228
2024,2,60-69,M,circulatorio,isquemica_outras_i20_i25,271
2024,2,60-69,M,circulatorio,miocardite_i40_i41,1
2024,2,60-69,M,circulatorio,parada_arritmia_i46_i49,108
2024,2,60-69,M,circulatorio,trombose_venosa_i80_i82,16
2024,2,60-69,M,covid,"",97
2024,2,60-69,M,digestivo,"",848
2024,2,60-69,M,endocrino_diabetes,"",112
2024,2,60-69,M,endocrino_diabetes,diabetes_e10_e14,632
2024,2,60-69,M,externas,"",866
2024,2,60-69,M,geniturinario,"",391
2024,2,60-69,M,infecciosas,"",362
2024,2,60-69,M,infecciosas,sepse_a40_a41,192
2024,2,60-69,M,mal_definidas,"",696
2024,2,60-69,M,neoplasias,cancer_colorretal_c18_c21,306
2024,2,60-69,M,neoplasias,cancer_estomago_c16,207
2024,2,60-69,M,neoplasias,cancer_hematologico_c81_c96,148
2024,2,60-69,M,neoplasias,cancer_mama_c50,5
2024,2,60-69,M,neoplasias,cancer_outros_c00_c97,1275
2024,2,60-69,M,neoplasias,cancer_pancreas_c25,167
2024,2,60-69,M,neoplasias,cancer_prostata_c61,218
2024,2,60-69,M,neoplasias,cancer_pulmao_c34,389
2024,2,60-69,M,neoplasias,neoplasia_in_situ_benigna_d00_d48,48
2024,2,60-69,M,neuro_mentais,"",374
2024,2,60-69,M,neuro_mentais,alzheimer_g30,28
2024,2,60-69,M,outras,"",201
2024,2,60-69,M,respiratorio,"",577
2024,2,60-69,M,respiratorio,pneumonia_j12_j18,486
2024,2,70-79,F,circulatorio,cardiomiopatia_i42_i43,61
2024,2,70-79,F,circulatorio,cardiopatia_mal_definida_i51,39
2024,2,70-79,F,circulatorio,cerebrovascular_i60_i69,931
2024,2,70-79,F,circulatorio,circulatorio_outras,536
2024,2,70-79,F,circulatorio,embolia_pulmonar_i26,93
2024,2,70-79,F,circulatorio,hipertensao_i10,310
2024,2,70-79,F,circulatorio,infarto_agudo_i21_i22,756
2024,2,70-79,F,circulatorio,insuf_cardiaca_i50,275
2024,2,70-79,F,circulatorio,isquemica_outras_i20_i25,219
2024,2,70-79,F,circulatorio,miocardite_i40_i41,2
2024,2,70-79,F,circulatorio,parada_arritmia_i46_i49,122
2024,2,70-79,F,circulatorio,trombose_venosa_i80_i82,23
2024,2,70-79,F,covid,"",106
2024,2,70-79,F,digestivo,"",594
2024,2,70-79,F,endocrino_diabetes,"",148
2024,2,70-79,F,endocrino_diabetes,diabetes_e10_e14,801
2024,2,70-79,F,externas,"",325
2024,2,70-79,F,geniturinario,"",547
2024,2,70-79,F,infecciosas,"",287
2024,2,70-79,F,infecciosas,sepse_a40_a41,223
2024,2,70-79,F,mal_definidas,"",441
2024,2,70-79,F,neoplasias,cancer_colorretal_c18_c21,270
2024,2,70-79,F,neoplasias,cancer_estomago_c16,109
2024,2,70-79,F,neoplasias,cancer_hematologico_c81_c96,155
2024,2,70-79,F,neoplasias,cancer_mama_c50,295
2024,2,70-79,F,neoplasias,cancer_outros_c00_c97,965
2024,2,70-79,F,neoplasias,cancer_pancreas_c25,161
2024,2,70-79,F,neoplasias,cancer_prostata_c61,1
2024,2,70-79,F,neoplasias,cancer_pulmao_c34,368
2024,2,70-79,F,neoplasias,neoplasia_in_situ_benigna_d00_d48,49
2024,2,70-79,F,neuro_mentais,"",265
2024,2,70-79,F,neuro_mentais,alzheimer_g30,265
2024,2,70-79,F,outras,"",244
2024,2,70-79,F,respiratorio,"",717
2024,2,70-79,F,respiratorio,pneumonia_j12_j18,616
2024,2,70-79,M,circulatorio,cardiomiopatia_i42_i43,95
2024,2,70-79,M,circulatorio,cardiopatia_mal_definida_i51,44
2024,2,70-79,M,circulatorio,cerebrovascular_i60_i69,1136
2024,2,70-79,M,circulatorio,circulatorio_outras,622
2024,2,70-79,M,circulatorio,embolia_pulmonar_i26,84
2024,2,70-79,M,circulatorio,hipertensao_i10,283
2024,2,70-79,M,circulatorio,infarto_agudo_i21_i22,1069
2024,2,70-79,M,circulatorio,insuf_cardiaca_i50,323
2024,2,70-79,M,circulatorio,isquemica_outras_i20_i25,308
2024,2,70-79,M,circulatorio,miocardite_i40_i41,3
2024,2,70-79,M,circulatorio,parada_arritmia_i46_i49,137
2024,2,70-79,M,circulatorio,trombose_venosa_i80_i82,23
2024,2,70-79,M,covid,"",136
2024,2,70-79,M,digestivo,"",791
2024,2,70-79,M,endocrino_diabetes,"",138
2024,2,70-79,M,endocrino_diabetes,diabetes_e10_e14,674
2024,2,70-79,M,externas,"",553
2024,2,70-79,M,geniturinario,"",573
2024,2,70-79,M,infecciosas,"",316
2024,2,70-79,M,infecciosas,sepse_a40_a41,255
2024,2,70-79,M,mal_definidas,"",634
2024,2,70-79,M,neoplasias,cancer_colorretal_c18_c21,283
2024,2,70-79,M,neoplasias,cancer_estomago_c16,208
2024,2,70-79,M,neoplasias,cancer_hematologico_c81_c96,198
2024,2,70-79,M,neoplasias,cancer_mama_c50,5
2024,2,70-79,M,neoplasias,cancer_outros_c00_c97,1177
2024,2,70-79,M,neoplasias,cancer_pancreas_c25,174
2024,2,70-79,M,neoplasias,cancer_prostata_c61,486
2024,2,70-79,M,neoplasias,cancer_pulmao_c34,460
2024,2,70-79,M,neoplasias,neoplasia_in_situ_benigna_d00_d48,67
2024,2,70-79,M,neuro_mentais,"",352
2024,2,70-79,M,neuro_mentais,alzheimer_g30,178
2024,2,70-79,M,outras,"",239
2024,2,70-79,M,respiratorio,"",883
2024,2,70-79,M,respiratorio,pneumonia_j12_j18,786
2024,2,80+,F,circulatorio,cardiomiopatia_i42_i43,106
2024,2,80+,F,circulatorio,cardiopatia_mal_definida_i51,55
2024,2,80+,F,circulatorio,cerebrovascular_i60_i69,1752
2024,2,80+,F,circulatorio,circulatorio_outras,973
2024,2,80+,F,circulatorio,embolia_pulmonar_i26,137
2024,2,80+,F,circulatorio,hipertensao_i10,720
2024,2,80+,F,circulatorio,infarto_agudo_i21_i22,1003
2024,2,80+,F,circulatorio,insuf_cardiaca_i50,618
2024,2,80+,F,circulatorio,isquemica_outras_i20_i25,333
2024,2,80+,F,circulatorio,miocardite_i40_i41,1
2024,2,80+,F,circulatorio,parada_arritmia_i46_i49,317
2024,2,80+,F,circulatorio,trombose_venosa_i80_i82,43
2024,2,80+,F,covid,"",229
2024,2,80+,F,digestivo,"",937
2024,2,80+,F,endocrino_diabetes,"",318
2024,2,80+,F,endocrino_diabetes,diabetes_e10_e14,1044
2024,2,80+,F,externas,"",764
2024,2,80+,F,geniturinario,"",1427
2024,2,80+,F,infecciosas,"",464
2024,2,80+,F,infecciosas,sepse_a40_a41,457
2024,2,80+,F,mal_definidas,"",1121
2024,2,80+,F,neoplasias,cancer_colorretal_c18_c21,240
2024,2,80+,F,neoplasias,cancer_estomago_c16,102
2024,2,80+,F,neoplasias,cancer_hematologico_c81_c96,162
2024,2,80+,F,neoplasias,cancer_mama_c50,261
2024,2,80+,F,neoplasias,cancer_outros_c00_c97,938
2024,2,80+,F,neoplasias,cancer_pancreas_c25,143
2024,2,80+,F,neoplasias,cancer_prostata_c61,2
2024,2,80+,F,neoplasias,cancer_pulmao_c34,267
2024,2,80+,F,neoplasias,neoplasia_in_situ_benigna_d00_d48,70
2024,2,80+,F,neuro_mentais,"",600
2024,2,80+,F,neuro_mentais,alzheimer_g30,1158
2024,2,80+,F,outras,"",493
2024,2,80+,F,respiratorio,"",1401
2024,2,80+,F,respiratorio,pneumonia_j12_j18,1857
2024,2,80+,I,circulatorio,infarto_agudo_i21_i22,1
2024,2,80+,I,endocrino_diabetes,diabetes_e10_e14,1
2024,2,80+,I,respiratorio,pneumonia_j12_j18,1
2024,2,80+,M,circulatorio,cardiomiopatia_i42_i43,67
2024,2,80+,M,circulatorio,cardiopatia_mal_definida_i51,49
2024,2,80+,M,circulatorio,cerebrovascular_i60_i69,1217
2024,2,80+,M,circulatorio,circulatorio_outras,651
2024,2,80+,M,circulatorio,embolia_pulmonar_i26,63
2024,2,80+,M,circulatorio,hipertensao_i10,413
2024,2,80+,M,circulatorio,infarto_agudo_i21_i22,781
2024,2,80+,M,circulatorio,insuf_cardiaca_i50,432
2024,2,80+,M,circulatorio,isquemica_outras_i20_i25,309
2024,2,80+,M,circulatorio,miocardite_i40_i41,2
2024,2,80+,M,circulatorio,parada_arritmia_i46_i49,173
2024,2,80+,M,circulatorio,trombose_venosa_i80_i82,13
2024,2,80+,M,covid,"",204
2024,2,80+,M,digestivo,"",632
2024,2,80+,M,endocrino_diabetes,"",148
2024,2,80+,M,endocrino_diabetes,diabetes_e10_e14,602
2024,2,80+,M,externas,"",523
2024,2,80+,M,geniturinario,"",928
2024,2,80+,M,infecciosas,"",342
2024,2,80+,M,infecciosas,sepse_a40_a41,305
2024,2,80+,M,mal_definidas,"",774
2024,2,80+,M,neoplasias,cancer_colorretal_c18_c21,199
2024,2,80+,M,neoplasias,cancer_estomago_c16,125
2024,2,80+,M,neoplasias,cancer_hematologico_c81_c96,150
2024,2,80+,M,neoplasias,cancer_mama_c50,4
2024,2,80+,M,neoplasias,cancer_outros_c00_c97,768
2024,2,80+,M,neoplasias,cancer_pancreas_c25,103
2024,2,80+,M,neoplasias,cancer_prostata_c61,587
2024,2,80+,M,neoplasias,cancer_pulmao_c34,261
2024,2,80+,M,neoplasias,neoplasia_in_situ_benigna_d00_d48,63
2024,2,80+,M,neuro_mentais,"",424
2024,2,80+,M,neuro_mentais,alzheimer_g30,506
2024,2,80+,M,outras,"",262
2024,2,80+,M,respiratorio,"",1172
2024,2,80+,M,respiratorio,pneumonia_j12_j18,1373
2024,2,ignorada,F,circulatorio,circulatorio_outras,1
2024,2,ignorada,F,circulatorio,embolia_pulmonar_i26,1
2024,2,ignorada,F,circulatorio,infarto_agudo_i21_i22,1
2024,2,ignorada,F,externas,"",2
2024,2,ignorada,F,infecciosas,"",1
2024,2,ignorada,F,mal_definidas,"",5
2024,2,ignorada,F,outras,"",1
2024,2,ignorada,F,respiratorio,pneumonia_j12_j18,1
2024,2,ignorada,I,externas,"",9
2024,2,ignorada,I,mal_definidas,"",12
2024,2,ignorada,I,respiratorio,"",1
2024,2,ignorada,M,circulatorio,cardiomiopatia_i42_i43,1
2024,2,ignorada,M,circulatorio,cerebrovascular_i60_i69,1
2024,2,ignorada,M,circulatorio,embolia_pulmonar_i26,1
2024,2,ignorada,M,circulatorio,infarto_agudo_i21_i22,2
2024,2,ignorada,M,digestivo,"",1
2024,2,ignorada,M,externas,"",55
2024,2,ignorada,M,infecciosas,"",2
2024,2,ignorada,M,mal_definidas,"",32
2024,2,ignorada,M,neoplasias,cancer_outros_c00_c97,1
2024,2,ignorada,M,neoplasias,cancer_pulmao_c34,1
2024,2,ignorada,M,respiratorio,"",1
2024,2,ignorada,M,respiratorio,pneumonia_j12_j18,3
2024,3,0-9,F,circulatorio,cardiomiopatia_i42_i43,13
2024,3,0-9,F,circulatorio,cerebrovascular_i60_i69,4
2024,3,0-9,F,circulatorio,circulatorio_outras,7
2024,3,0-9,F,circulatorio,insuf_cardiaca_i50,2
2024,3,0-9,F,circulatorio,isquemica_outras_i20_i25,2
2024,3,0-9,F,circulatorio,miocardite_i40_i41,3
2024,3,0-9,F,circulatorio,parada_arritmia_i46_i49,3
2024,3,0-9,F,covid,"",11
2024,3,0-9,F,digestivo,"",10
2024,3,0-9,F,endocrino_diabetes,"",18
2024,3,0-9,F,endocrino_diabetes,diabetes_e10_e14,4
2024,3,0-9,F,externas,"",93
2024,3,0-9,F,geniturinario,"",8
2024,3,0-9,F,infecciosas,"",57
2024,3,0-9,F,infecciosas,sepse_a40_a41,33
2024,3,0-9,F,mal_definidas,"",48
2024,3,0-9,F,neoplasias,cancer_hematologico_c81_c96,19
2024,3,0-9,F,neoplasias,cancer_outros_c00_c97,33
2024,3,0-9,F,neoplasias,neoplasia_in_situ_benigna_d00_d48,2
2024,3,0-9,F,neuro_mentais,"",45
2024,3,0-9,F,outras,"",1066
2024,3,0-9,F,respiratorio,"",51
2024,3,0-9,F,respiratorio,pneumonia_j12_j18,59
2024,3,0-9,I,mal_definidas,"",1
2024,3,0-9,I,neuro_mentais,"",1
2024,3,0-9,I,outras,"",19
2024,3,0-9,I,respiratorio,"",1
2024,3,0-9,M,circulatorio,cardiomiopatia_i42_i43,6
2024,3,0-9,M,circulatorio,cardiopatia_mal_definida_i51,4
2024,3,0-9,M,circulatorio,cerebrovascular_i60_i69,3
2024,3,0-9,M,circulatorio,circulatorio_outras,5
2024,3,0-9,M,circulatorio,insuf_cardiaca_i50,2
2024,3,0-9,M,circulatorio,miocardite_i40_i41,1
2024,3,0-9,M,covid,"",15
2024,3,0-9,M,digestivo,"",36
2024,3,0-9,M,endocrino_diabetes,"",18
2024,3,0-9,M,endocrino_diabetes,diabetes_e10_e14,3
2024,3,0-9,M,externas,"",137
2024,3,0-9,M,geniturinario,"",13
2024,3,0-9,M,infecciosas,"",75
2024,3,0-9,M,infecciosas,sepse_a40_a41,37
2024,3,0-9,M,mal_definidas,"",69
2024,3,0-9,M,neoplasias,cancer_hematologico_c81_c96,18
2024,3,0-9,M,neoplasias,cancer_outros_c00_c97,40
2024,3,0-9,M,neoplasias,neoplasia_in_situ_benigna_d00_d48,3
2024,3,0-9,M,neuro_mentais,"",70
2024,3,0-9,M,outras,"",1147
2024,3,0-9,M,respiratorio,"",58
2024,3,0-9,M,respiratorio,pneumonia_j12_j18,70
2024,3,10-19,F,circulatorio,cardiomiopatia_i42_i43,2
2024,3,10-19,F,circulatorio,cardiopatia_mal_definida_i51,2
2024,3,10-19,F,circulatorio,cerebrovascular_i60_i69,6
2024,3,10-19,F,circulatorio,circulatorio_outras,7
2024,3,10-19,F,circulatorio,embolia_pulmonar_i26,1
2024,3,10-19,F,circulatorio,hipertensao_i10,1
2024,3,10-19,F,circulatorio,insuf_cardiaca_i50,1
2024,3,10-19,F,circulatorio,miocardite_i40_i41,1
2024,3,10-19,F,covid,"",1
2024,3,10-19,F,digestivo,"",16
2024,3,10-19,F,endocrino_diabetes,"",3
2024,3,10-19,F,endocrino_diabetes,diabetes_e10_e14,10
2024,3,10-19,F,externas,"",135
2024,3,10-19,F,geniturinario,"",9
2024,3,10-19,F,infecciosas,"",33
2024,3,10-19,F,infecciosas,sepse_a40_a41,10
2024,3,10-19,F,mal_definidas,"",31
2024,3,10-19,F,neoplasias,cancer_hematologico_c81_c96,14
2024,3,10-19,F,neoplasias,cancer_outros_c00_c97,24
2024,3,10-19,F,neoplasias,cancer_pancreas_c25,1
2024,3,10-19,F,neoplasias,cancer_pulmao_c34,1
2024,3,10-19,F,neoplasias,neoplasia_in_situ_benigna_d00_d48,2
2024,3,10-19,F,neuro_mentais,"",38
2024,3,10-19,F,outras,"",43
2024,3,10-19,F,respiratorio,"",15
2024,3,10-19,F,respiratorio,pneumonia_j12_j18,10
2024,3,10-19,M,circulatorio,cardiomiopatia_i42_i43,4
2024,3,10-19,M,circulatorio,cardiopatia_mal_definida_i51,2
2024,3,10-19,M,circulatorio,cerebrovascular_i60_i69,11
2024,3,10-19,M,circulatorio,circulatorio_outras,5
2024,3,10-19,M,circulatorio,embolia_pulmonar_i26,2
2024,3,10-19,M,circulatorio,infarto_agudo_i21_i22,4
2024,3,10-19,M,circulatorio,insuf_cardiaca_i50,1
2024,3,10-19,M,circulatorio,isquemica_outras_i20_i25,2
2024,3,10-19,M,circulatorio,parada_arritmia_i46_i49,2
2024,3,10-19,M,circulatorio,trombose_venosa_i80_i82,2
2024,3,10-19,M,covid,"",2
2024,3,10-19,M,digestivo,"",27
2024,3,10-19,M,endocrino_diabetes,"",11
2024,3,10-19,M,endocrino_diabetes,diabetes_e10_e14,2
2024,3,10-19,M,externas,"",770
2024,3,10-19,M,geniturinario,"",6
2024,3,10-19,M,infecciosas,"",35
2024,3,10-19,M,infecciosas,sepse_a40_a41,12
2024,3,10-19,M,mal_definidas,"",36
2024,3,10-19,M,neoplasias,cancer_colorretal_c18_c21,2
2024,3,10-19,M,neoplasias,cancer_hematologico_c81_c96,28
2024,3,10-19,M,neoplasias,cancer_outros_c00_c97,35
2024,3,10-19,M,neoplasias,cancer_pulmao_c34,1
2024,3,10-19,M,neoplasias,neoplasia_in_situ_benigna_d00_d48,4
2024,3,10-19,M,neuro_mentais,"",71
2024,3,10-19,M,outras,"",51
2024,3,10-19,M,respiratorio,"",22
2024,3,10-19,M,respiratorio,pneumonia_j12_j18,16
2024,3,20-29,F,circulatorio,cardiomiopatia_i42_i43,5
2024,3,20-29,F,circulatorio,cardiopatia_mal_definida_i51,3
2024,3,20-29,F,circulatorio,cerebrovascular_i60_i69,26
2024,3,20-29,F,circulatorio,circulatorio_outras,15
2024,3,20-29,F,circulatorio,embolia_pulmonar_i26,7
2024,3,20-29,F,circulatorio,hipertensao_i10,2
2024,3,20-29,F,circulatorio,infarto_agudo_i21_i22,12
2024,3,20-29,F,circulatorio,insuf_cardiaca_i50,7
2024,3,20-29,F,circulatorio,isquemica_outras_i20_i25,1
2024,3,20-29,F,circulatorio,parada_arritmia_i46_i49,3
2024,3,20-29,F,circulatorio,trombose_venosa_i80_i82,6
2024,3,20-29,F,covid,"",2
2024,3,20-29,F,digestivo,"",40
2024,3,20-29,F,endocrino_diabetes,"",18
2024,3,20-29,F,endocrino_diabetes,diabetes_e10_e14,30
2024,3,20-29,F,externas,"",306
2024,3,20-29,F,geniturinario,"",31
2024,3,20-29,F,infecciosas,"",91
2024,3,20-29,F,infecciosas,sepse_a40_a41,13
2024,3,20-29,F,mal_definidas,"",55
2024,3,20-29,F,neoplasias,cancer_colorretal_c18_c21,3
2024,3,20-29,F,neoplasias,cancer_estomago_c16,5
2024,3,20-29,F,neoplasias,cancer_hematologico_c81_c96,32
2024,3,20-29,F,neoplasias,cancer_mama_c50,8
2024,3,20-29,F,neoplasias,cancer_outros_c00_c97,81
2024,3,20-29,F,neoplasias,cancer_pancreas_c25,1
2024,3,20-29,F,neoplasias,cancer_pulmao_c34,6
2024,3,20-29,F,neoplasias,neoplasia_in_situ_benigna_d00_d48,2
2024,3,20-29,F,neuro_mentais,"",46
2024,3,20-29,F,outras,"",82
2024,3,20-29,F,respiratorio,"",35
2024,3,20-29,F,respiratorio,pneumonia_j12_j18,24
2024,3,20-29,M,circulatorio,cardiomiopatia_i42_i43,15
2024,3,20-29,M,circulatorio,cardiopatia_mal_definida_i51,2
2024,3,20-29,M,circulatorio,cerebrovascular_i60_i69,25
2024,3,20-29,M,circulatorio,circulatorio_outras,23
2024,3,20-29,M,circulatorio,embolia_pulmonar_i26,13
2024,3,20-29,M,circulatorio,hipertensao_i10,3
2024,3,20-29,M,circulatorio,infarto_agudo_i21_i22,44
2024,3,20-29,M,circulatorio,insuf_cardiaca_i50,11
2024,3,20-29,M,circulatorio,isquemica_outras_i20_i25,9
2024,3,20-29,M,circulatorio,miocardite_i40_i41,1
2024,3,20-29,M,circulatorio,parada_arritmia_i46_i49,4
2024,3,20-29,M,circulatorio,trombose_venosa_i80_i82,3
2024,3,20-29,M,covid,"",8
2024,3,20-29,M,digestivo,"",75
2024,3,20-29,M,endocrino_diabetes,"",12
2024,3,20-29,M,endocrino_diabetes,diabetes_e10_e14,27
2024,3,20-29,M,externas,"",2441
2024,3,20-29,M,geniturinario,"",20
2024,3,20-29,M,infecciosas,"",179
2024,3,20-29,M,infecciosas,sepse_a40_a41,20
2024,3,20-29,M,mal_definidas,"",181
2024,3,20-29,M,neoplasias,cancer_colorretal_c18_c21,11
2024,3,20-29,M,neoplasias,cancer_estomago_c16,5
2024,3,20-29,M,neoplasias,cancer_hematologico_c81_c96,40
2024,3,20-29,M,neoplasias,cancer_outros_c00_c97,63
2024,3,20-29,M,neoplasias,cancer_pancreas_c25,1
2024,3,20-29,M,neoplasias,cancer_pulmao_c34,4
2024,3,20-29,M,neoplasias,neoplasia_in_situ_benigna_d00_d48,5
2024,3,20-29,M,neuro_mentais,"",101
2024,3,20-29,M,outras,"",60
2024,3,20-29,M,respiratorio,"",45
2024,3,20-29,M,respiratorio,pneumonia_j12_j18,47
2024,3,30-39,F,circulatorio,cardiomiopatia_i42_i43,14
2024,3,30-39,F,circulatorio,cardiopatia_mal_definida_i51,4
2024,3,30-39,F,circulatorio,cerebrovascular_i60_i69,57
2024,3,30-39,F,circulatorio,circulatorio_outras,40
2024,3,30-39,F,circulatorio,embolia_pulmonar_i26,27
2024,3,30-39,F,circulatorio,hipertensao_i10,19
2024,3,30-39,F,circulatorio,infarto_agudo_i21_i22,43
2024,3,30-39,F,circulatorio,insuf_cardiaca_i50,8
2024,3,30-39,F,circulatorio,isquemica_outras_i20_i25,10
2024,3,30-39,F,circulatorio,miocardite_i40_i41,1
2024,3,30-39,F,circulatorio,parada_arritmia_i46_i49,7
2024,3,30-39,F,circulatorio,trombose_venosa_i80_i82,5
2024,3,30-39,F,covid,"",5
2024,3,30-39,F,digestivo,"",74
2024,3,30-39,F,endocrino_diabetes,"",30
2024,3,30-39,F,endocrino_diabetes,diabetes_e10_e14,34
2024,3,30-39,F,externas,"",285
2024,3,30-39,F,geniturinario,"",50
2024,3,30-39,F,infecciosas,"",161
2024,3,30-39,F,infecciosas,sepse_a40_a41,23
2024,3,30-39,F,mal_definidas,"",92
2024,3,30-39,F,neoplasias,cancer_colorretal_c18_c21,24
2024,3,30-39,F,neoplasias,cancer_estomago_c16,14
2024,3,30-39,F,neoplasias,cancer_hematologico_c81_c96,39
2024,3,30-39,F,neoplasias,cancer_mama_c50,98
2024,3,30-39,F,neoplasias,cancer_outros_c00_c97,179
2024,3,30-39,F,neoplasias,cancer_pancreas_c25,7
2024,3,30-39,F,neoplasias,cancer_pulmao_c34,18
2024,3,30-39,F,neoplasias,neoplasia_in_situ_benigna_d00_d48,8
2024,3,30-39,F,neuro_mentais,"",71
2024,3,30-39,F,outras,"",133
2024,3,30-39,F,respiratorio,"",36
2024,3,30-39,F,respiratorio,pneumonia_j12_j18,44
2024,3,30-39,M,circulatorio,cardiomiopatia_i42_i43,41
2024,3,30-39,M,circulatorio,cardiopatia_mal_definida_i51,6
2024,3,30-39,M,circulatorio,cerebrovascular_i60_i69,70
2024,3,30-39,M,circulatorio,circulatorio_outras,49
2024,3,30-39,M,circulatorio,embolia_pulmonar_i26,19
2024,3,30-39,M,circulatorio,hipertensao_i10,23
2024,3,30-39,M,circulatorio,infarto_agudo_i21_i22,141
2024,3,30-39,M,circulatorio,insuf_cardiaca_i50,26
2024,3,30-39,M,circulatorio,isquemica_outras_i20_i25,20
2024,3,30-39,M,circulatorio,parada_arritmia_i46_i49,21
2024,3,30-39,M,circulatorio,trombose_venosa_i80_i82,2
2024,3,30-39,M,covid,"",8
2024,3,30-39,M,digestivo,"",174
2024,3,30-39,M,endocrino_diabetes,"",31
2024,3,30-39,M,endocrino_diabetes,diabetes_e10_e14,58
2024,3,30-39,M,externas,"",2037
2024,3,30-39,M,geniturinario,"",42
2024,3,30-39,M,infecciosas,"",259
2024,3,30-39,M,infecciosas,sepse_a40_a41,37
2024,3,30-39,M,mal_definidas,"",294
2024,3,30-39,M,neoplasias,cancer_colorretal_c18_c21,19
2024,3,30-39,M,neoplasias,cancer_estomago_c16,18
2024,3,30-39,M,neoplasias,cancer_hematologico_c81_c96,44
2024,3,30-39,M,neoplasias,cancer_mama_c50,2
2024,3,30-39,M,neoplasias,cancer_outros_c00_c97,123
2024,3,30-39,M,neoplasias,cancer_pancreas_c25,9
2024,3,30-39,M,neoplasias,cancer_prostata_c61,1
2024,3,30-39,M,neoplasias,cancer_pulmao_c34,14
2024,3,30-39,M,neoplasias,neoplasia_in_situ_benigna_d00_d48,8
2024,3,30-39,M,neuro_mentais,"",185
2024,3,30-39,M,outras,"",61
2024,3,30-39,M,respiratorio,"",84
2024,3,30-39,M,respiratorio,pneumonia_j12_j18,113
2024,3,40-49,F,circulatorio,cardiomiopatia_i42_i43,29
2024,3,40-49,F,circulatorio,cardiopatia_mal_definida_i51,13
2024,3,40-49,F,circulatorio,cerebrovascular_i60_i69,205
2024,3,40-49,F,circulatorio,circulatorio_outras,113
2024,3,40-49,F,circulatorio,embolia_pulmonar_i26,37
2024,3,40-49,F,circulatorio,hipertensao_i10,56
2024,3,40-49,F,circulatorio,infarto_agudo_i21_i22,146
2024,3,40-49,F,circulatorio,insuf_cardiaca_i50,38
2024,3,40-49,F,circulatorio,isquemica_outras_i20_i25,28
2024,3,40-49,F,circulatorio,miocardite_i40_i41,2
2024,3,40-49,F,circulatorio,parada_arritmia_i46_i49,20
2024,3,40-49,F,circulatorio,trombose_venosa_i80_i82,15
2024,3,40-49,F,covid,"",13
2024,3,40-49,F,digestivo,"",163
2024,3,40-49,F,endocrino_diabetes,"",60
2024,3,40-49,F,endocrino_diabetes,diabetes_e10_e14,109
2024,3,40-49,F,externas,"",310
2024,3,40-49,F,geniturinario,"",93
2024,3,40-49,F,infecciosas,"",217
2024,3,40-49,F,infecciosas,sepse_a40_a41,51
2024,3,40-49,F,mal_definidas,"",154
2024,3,40-49,F,neoplasias,cancer_colorretal_c18_c21,71
2024,3,40-49,F,neoplasias,cancer_estomago_c16,47
2024,3,40-49,F,neoplasias,cancer_hematologico_c81_c96,53
2024,3,40-49,F,neoplasias,cancer_mama_c50,271
2024,3,40-49,F,neoplasias,cancer_outros_c00_c97,397
2024,3,40-49,F,neoplasias,cancer_pancreas_c25,36
2024,3,40-49,F,neoplasias,cancer_pulmao_c34,50
2024,3,40-49,F,neoplasias,neoplasia_in_situ_benigna_d00_d48,11
2024,3,40-49,F,neuro_mentais,"",122
2024,3,40-49,F,outras,"",94
2024,3,40-49,F,respiratorio,"",105
2024,3,40-49,F,respiratorio,pneumonia_j12_j18,77
2024,3,40-49,M,circulatorio,cardiomiopatia_i42_i43,73
2024,3,40-49,M,circulatorio,cardiopatia_mal_definida_i51,19
2024,3,40-49,M,circulatorio,cerebrovascular_i60_i69,227
2024,3,40-49,M,circulatorio,circulatorio_outras,140
2024,3,40-49,M,circulatorio,embolia_pulmonar_i26,43
2024,3,40-49,M,circulatorio,hipertensao_i10,61
2024,3,40-49,M,circulatorio,infarto_agudo_i21_i22,395
2024,3,40-49,M,circulatorio,insuf_cardiaca_i50,57
2024,3,40-49,M,circulatorio,isquemica_outras_i20_i25,61
2024,3,40-49,M,circulatorio,miocardite_i40_i41,2
2024,3,40-49,M,circulatorio,parada_arritmia_i46_i49,40
2024,3,40-49,M,circulatorio,trombose_venosa_i80_i82,7
2024,3,40-49,M,covid,"",26
2024,3,40-49,M,digestivo,"",516
2024,3,40-49,M,endocrino_diabetes,"",61
2024,3,40-49,M,endocrino_diabetes,diabetes_e10_e14,156
2024,3,40-49,M,externas,"",1651
2024,3,40-49,M,geniturinario,"",99
2024,3,40-49,M,infecciosas,"",341
2024,3,40-49,M,infecciosas,sepse_a40_a41,74
2024,3,40-49,M,mal_definidas,"",415
2024,3,40-49,M,neoplasias,cancer_colorretal_c18_c21,71
2024,3,40-49,M,neoplasias,cancer_estomago_c16,55
2024,3,40-49,M,neoplasias,cancer_hematologico_c81_c96,72
2024,3,40-49,M,neoplasias,cancer_mama_c50,2
2024,3,40-49,M,neoplasias,cancer_outros_c00_c97,322
2024,3,40-49,M,neoplasias,cancer_pancreas_c25,35
2024,3,40-49,M,neoplasias,cancer_prostata_c61,7
2024,3,40-49,M,neoplasias,cancer_pulmao_c34,40
2024,3,40-49,M,neoplasias,neoplasia_in_situ_benigna_d00_d48,10
2024,3,40-49,M,neuro_mentais,"",316
2024,3,40-49,M,neuro_mentais,alzheimer_g30,1
2024,3,40-49,M,outras,"",88
2024,3,40-49,M,respiratorio,"",154
2024,3,40-49,M,respiratorio,pneumonia_j12_j18,190
2024,3,50-59,F,circulatorio,cardiomiopatia_i42_i43,36
2024,3,50-59,F,circulatorio,cardiopatia_mal_definida_i51,22
2024,3,50-59,F,circulatorio,cerebrovascular_i60_i69,372
2024,3,50-59,F,circulatorio,circulatorio_outras,212
2024,3,50-59,F,circulatorio,embolia_pulmonar_i26,47
2024,3,50-59,F,circulatorio,hipertensao_i10,85
2024,3,50-59,F,circulatorio,infarto_agudo_i21_i22,336
2024,3,50-59,F,circulatorio,insuf_cardiaca_i50,85
2024,3,50-59,F,circulatorio,isquemica_outras_i20_i25,76
2024,3,50-59,F,circulatorio,parada_arritmia_i46_i49,37
2024,3,50-59,F,circulatorio,trombose_venosa_i80_i82,10
2024,3,50-59,F,covid,"",37
2024,3,50-59,F,digestivo,"",302
2024,3,50-59,F,endocrino_diabetes,"",70
2024,3,50-59,F,endocrino_diabetes,diabetes_e10_e14,244
2024,3,50-59,F,externas,"",257
2024,3,50-59,F,geniturinario,"",156
2024,3,50-59,F,infecciosas,"",217
2024,3,50-59,F,infecciosas,sepse_a40_a41,84
2024,3,50-59,F,mal_definidas,"",231
2024,3,50-59,F,neoplasias,cancer_colorretal_c18_c21,167
2024,3,50-59,F,neoplasias,cancer_estomago_c16,64
2024,3,50-59,F,neoplasias,cancer_hematologico_c81_c96,74
2024,3,50-59,F,neoplasias,cancer_mama_c50,364
2024,3,50-59,F,neoplasias,cancer_outros_c00_c97,794
2024,3,50-59,F,neoplasias,cancer_pancreas_c25,91
2024,3,50-59,F,neoplasias,cancer_pulmao_c34,167
2024,3,50-59,F,neoplasias,neoplasia_in_situ_benigna_d00_d48,35
2024,3,50-59,F,neuro_mentais,"",130
2024,3,50-59,F,neuro_mentais,alzheimer_g30,6
2024,3,50-59,F,outras,"",111
2024,3,50-59,F,respiratorio,"",217
2024,3,50-59,F,respiratorio,pneumonia_j12_j18,205
2024,3,50-59,I,neuro_mentais,"",1
2024,3,50-59,I,respiratorio,pneumonia_j12_j18,1
2024,3,50-59,M,circulatorio,cardiomiopatia_i42_i43,93
2024,3,50-59,M,circulatorio,cardiopatia_mal_definida_i51,46
2024,3,50-59,M,circulatorio,cerebrovascular_i60_i69,474
2024,3,50-59,M,circulatorio,circulatorio_outras,322
2024,3,50-59,M,circulatorio,embolia_pulmonar_i26,65
2024,3,50-59,M,circulatorio,hipertensao_i10,156
2024,3,50-59,M,circulatorio,infarto_agudo_i21_i22,776
2024,3,50-59,M,circulatorio,insuf_cardiaca_i50,156
2024,3,50-59,M,circulatorio,isquemica_outras_i20_i25,174
2024,3,50-59,M,circulatorio,parada_arritmia_i46_i49,63
2024,3,50-59,M,circulatorio,trombose_venosa_i80_i82,14
2024,3,50-59,M,covid,"",51
2024,3,50-59,M,digestivo,"",778
2024,3,50-59,M,endocrino_diabetes,"",92
2024,3,50-59,M,endocrino_diabetes,diabetes_e10_e14,377
2024,3,50-59,M,externas,"",1217
2024,3,50-59,M,geniturinario,"",202
2024,3,50-59,M,infecciosas,"",415
2024,3,50-59,M,infecciosas,sepse_a40_a41,128
2024,3,50-59,M,mal_definidas,"",585
2024,3,50-59,M,neoplasias,cancer_colorretal_c18_c21,181
2024,3,50-59,M,neoplasias,cancer_estomago_c16,137
2024,3,50-59,M,neoplasias,cancer_hematologico_c81_c96,123
2024,3,50-59,M,neoplasias,cancer_mama_c50,2
2024,3,50-59,M,neoplasias,cancer_outros_c00_c97,832
2024,3,50-59,M,neoplasias,cancer_pancreas_c25,96
2024,3,50-59,M,neoplasias,cancer_prostata_c61,54
2024,3,50-59,M,neoplasias,cancer_pulmao_c34,181
2024,3,50-59,M,neoplasias,neoplasia_in_situ_benigna_d00_d48,21
2024,3,50-59,M,neuro_mentais,"",401
2024,3,50-59,M,neuro_mentais,alzheimer_g30,4
2024,3,50-59,M,outras,"",147
2024,3,50-59,M,respiratorio,"",281
2024,3,50-59,M,respiratorio,pneumonia_j12_j18,345
2024,3,60-69,F,circulatorio,cardiomiopatia_i42_i43,58
2024,3,60-69,F,circulatorio,cardiopatia_mal_definida_i51,24
2024,3,60-69,F,circulatorio,cerebrovascular_i60_i69,653
2024,3,60-69,F,circulatorio,circulatorio_outras,403
2024,3,60-69,F,circulatorio,embolia_pulmonar_i26,70
2024,3,60-69,F,circulatorio,hipertensao_i10,203
2024,3,60-69,F,circulatorio,infarto_agudo_i21_i22,683
2024,3,60-69,F,circulatorio,insuf_cardiaca_i50,181
2024,3,60-69,F,circulatorio,isquemica_outras_i20_i25,174
2024,3,60-69,F,circulatorio,miocardite_i40_i41,2
2024,3,60-69,F,circulatorio,parada_arritmia_i46_i49,72
2024,3,60-69,F,circulatorio,trombose_venosa_i80_i82,13
2024,3,60-69,F,covid,"",57
2024,3,60-69,F,digestivo,"",519
2024,3,60-69,F,endocrino_diabetes,"",110
2024,3,60-69,F,endocrino_diabetes,diabetes_e10_e14,620
2024,3,60-69,F,externas,"",267
2024,3,60-69,F,geniturinario,"",358
2024,3,60-69,F,infecciosas,"",293
2024,3,60-69,F,infecciosas,sepse_a40_a41,174
2024,3,60-69,F,mal_definidas,"",377
2024,3,60-69,F,neoplasias,cancer_colorretal_c18_c21,256
2024,3,60-69,F,neoplasias,cancer_estomago_c16,113
2024,3,60-69,F,neoplasias,cancer_hematologico_c81_c96,177
2024,3,60-69,F,neoplasias,cancer_mama_c50,403
2024,3,60-69,F,neoplasias,cancer_outros_c00_c97,1141
2024,3,60-69,F,neoplasias,cancer_pancreas_c25,159
2024,3,60-69,F,neoplasias,cancer_prostata_c61,1
2024,3,60-69,F,neoplasias,cancer_pulmao_c34,390
2024,3,60-69,F,neoplasias,neoplasia_in_situ_benigna_d00_d48,45
2024,3,60-69,F,neuro_mentais,"",234
2024,3,60-69,F,neuro_mentais,alzheimer_g30,54
2024,3,60-69,F,outras,"",196
2024,3,60-69,F,respiratorio,"",574
2024,3,60-69,F,respiratorio,pneumonia_j12_j18,409
2024,3,60-69,I,endocrino_diabetes,diabetes_e10_e14,1
2024,3,60-69,I,mal_definidas,"",1
2024,3,60-69,M,circulatorio,cardiomiopatia_i42_i43,113
2024,3,60-69,M,circulatorio,cardiopatia_mal_definida_i51,43
2024,3,60-69,M,circulatorio,cerebrovascular_i60_i69,990
2024,3,60-69,M,circulatorio,circulatorio_outras,556
2024,3,60-69,M,circulatorio,embolia_pulmonar_i26,75
2024,3,60-69,M,circulatorio,hipertensao_i10,308
2024,3,60-69,M,circulatorio,infarto_agudo_i21_i22,1213
2024,3,60-69,M,circulatorio,insuf_cardiaca_i50,279
2024,3,60-69,M,circulatorio,isquemica_outras_i20_i25,303
2024,3,60-69,M,circulatorio,parada_arritmia_i46_i49,116
2024,3,60-69,M,circulatorio,trombose_venosa_i80_i82,19
2024,3,60-69,M,covid,"",77
2024,3,60-69,M,digestivo,"",937
2024,3,60-69,M,endocrino_diabetes,"",128
2024,3,60-69,M,endocrino_diabetes,diabetes_e10_e14,736
2024,3,60-69,M,externas,"",950
2024,3,60-69,M,geniturinario,"",417
2024,3,60-69,M,infecciosas,"",475
2024,3,60-69,M,infecciosas,sepse_a40_a41,229
2024,3,60-69,M,mal_definidas,"",801
2024,3,60-69,M,neoplasias,cancer_colorretal_c18_c21,292
2024,3,60-69,M,neoplasias,cancer_estomago_c16,224
2024,3,60-69,M,neoplasias,cancer_hematologico_c81_c96,177
2024,3,60-69,M,neoplasias,cancer_mama_c50,9
2024,3,60-69,M,neoplasias,cancer_outros_c00_c97,1408
2024,3,60-69,M,neoplasias,cancer_pancreas_c25,152
2024,3,60-69,M,neoplasias,cancer_prostata_c61,254
2024,3,60-69,M,neoplasias,cancer_pulmao_c34,427
2024,3,60-69,M,neoplasias,neoplasia_in_situ_benigna_d00_d48,45
2024,3,60-69,M,neuro_mentais,"",435
2024,3,60-69,M,neuro_mentais,alzheimer_g30,60
2024,3,60-69,M,outras,"",198
2024,3,60-69,M,respiratorio,"",740
2024,3,60-69,M,respiratorio,pneumonia_j12_j18,614
2024,3,70-79,F,circulatorio,cardiomiopatia_i42_i43,83
2024,3,70-79,F,circulatorio,cardiopatia_mal_definida_i51,34
2024,3,70-79,F,circulatorio,cerebrovascular_i60_i69,1129
2024,3,70-79,F,circulatorio,circulatorio_outras,651
2024,3,70-79,F,circulatorio,embolia_pulmonar_i26,114
2024,3,70-79,F,circulatorio,hipertensao_i10,367
2024,3,70-79,F,circulatorio,infarto_agudo_i21_i22,841
2024,3,70-79,F,circulatorio,insuf_cardiaca_i50,312
2024,3,70-79,F,circulatorio,isquemica_outras_i20_i25,232
2024,3,70-79,F,circulatorio,parada_arritmia_i46_i49,150
2024,3,70-79,F,circulatorio,trombose_venosa_i80_i82,27
2024,3,70-79,F,covid,"",105
2024,3,70-79,F,digestivo,"",639
2024,3,70-79,F,endocrino_diabetes,"",146
2024,3,70-79,F,endocrino_diabetes,diabetes_e10_e14,869
2024,3,70-79,F,externas,"",389
2024,3,70-79,F,geniturinario,"",632
2024,3,70-79,F,infecciosas,"",383
2024,3,70-79,F,infecciosas,sepse_a40_a41,273
2024,3,70-79,F,mal_definidas,"",527
2024,3,70-79,F,neoplasias,cancer_colorretal_c18_c21,289
2024,3,70-79,F,neoplasias,cancer_estomago_c16,103
2024,3,70-79,F,neoplasias,cancer_hematologico_c81_c96,200
2024,3,70-79,F,neoplasias,cancer_mama_c50,327
2024,3,70-79,F,neoplasias,cancer_outros_c00_c97,1115
2024,3,70-79,F,neoplasias,cancer_pancreas_c25,197
2024,3,70-79,F,neoplasias,cancer_pulmao_c34,411
2024,3,70-79,F,neoplasias,neoplasia_in_situ_benigna_d00_d48,69
2024,3,70-79,F,neuro_mentais,"",321
2024,3,70-79,F,neuro_mentais,alzheimer_g30,301
2024,3,70-79,F,outras,"",319
2024,3,70-79,F,respiratorio,"",944
2024,3,70-79,F,respiratorio,pneumonia_j12_j18,818
2024,3,70-79,M,circulatorio,cardiomiopatia_i42_i43,116
2024,3,70-79,M,circulatorio,cardiopatia_mal_definida_i51,41
2024,3,70-79,M,circulatorio,cerebrovascular_i60_i69,1393
2024,3,70-79,M,circulatorio,circulatorio_outras,697
2024,3,70-79,M,circulatorio,embolia_pulmonar_i26,96
2024,3,70-79,M,circulatorio,hipertensao_i10,339
2024,3,70-79,M,circulatorio,infarto_agudo_i21_i22,1225
2024,3,70-79,M,circulatorio,insuf_cardiaca_i50,354
2024,3,70-79,M,circulatorio,isquemica_outras_i20_i25,399
2024,3,70-79,M,circulatorio,miocardite_i40_i41,1
2024,3,70-79,M,circulatorio,parada_arritmia_i46_i49,156
2024,3,70-79,M,circulatorio,trombose_venosa_i80_i82,27
2024,3,70-79,M,covid,"",148
2024,3,70-79,M,digestivo,"",883
2024,3,70-79,M,endocrino_diabetes,"",146
2024,3,70-79,M,endocrino_diabetes,diabetes_e10_e14,791
2024,3,70-79,M,externas,"",696
2024,3,70-79,M,geniturinario,"",616
2024,3,70-79,M,infecciosas,"",470
2024,3,70-79,M,infecciosas,sepse_a40_a41,315
2024,3,70-79,M,mal_definidas,"",740
2024,3,70-79,M,neoplasias,cancer_colorretal_c18_c21,287
2024,3,70-79,M,neoplasias,cancer_estomago_c16,226
2024,3,70-79,M,neoplasias,cancer_hematologico_c81_c96,177
2024,3,70-79,M,neoplasias,cancer_mama_c50,6
2024,3,70-79,M,neoplasias,cancer_outros_c00_c97,1263
2024,3,70-79,M,neoplasias,cancer_pancreas_c25,162
2024,3,70-79,M,neoplasias,cancer_prostata_c61,530
2024,3,70-79,M,neoplasias,cancer_pulmao_c34,474
2024,3,70-79,M,neoplasias,neoplasia_in_situ_benigna_d00_d48,62
2024,3,70-79,M,neuro_mentais,"",408
2024,3,70-79,M,neuro_mentais,alzheimer_g30,221
2024,3,70-79,M,outras,"",262
2024,3,70-79,M,respiratorio,"",1069
2024,3,70-79,M,respiratorio,pneumonia_j12_j18,957
2024,3,80+,F,circulatorio,cardiomiopatia_i42_i43,128
2024,3,80+,F,circulatorio,cardiopatia_mal_definida_i51,71
2024,3,80+,F,circulatorio,cerebrovascular_i60_i69,1942
2024,3,80+,F,circulatorio,circulatorio_outras,1161
2024,3,80+,F,circulatorio,embolia_pulmonar_i26,176
2024,3,80+,F,circulatorio,hipertensao_i10,855
2024,3,80+,F,circulatorio,infarto_agudo_i21_i22,1072
2024,3,80+,F,circulatorio,insuf_cardiaca_i50,728
2024,3,80+,F,circulatorio,isquemica_outras_i20_i25,386
2024,3,80+,F,circulatorio,parada_arritmia_i46_i49,344
2024,3,80+,F,circulatorio,trombose_venosa_i80_i82,55
2024,3,80+,F,covid,"",283
2024,3,80+,F,digestivo,"",1063
2024,3,80+,F,endocrino_diabetes,"",376
2024,3,80+,F,endocrino_diabetes,diabetes_e10_e14,1252
2024,3,80+,F,externas,"",885
2024,3,80+,F,geniturinario,"",1625
2024,3,80+,F,infecciosas,"",638
2024,3,80+,F,infecciosas,sepse_a40_a41,560
2024,3,80+,F,mal_definidas,"",1327
2024,3,80+,F,neoplasias,cancer_colorretal_c18_c21,298
2024,3,80+,F,neoplasias,cancer_estomago_c16,112
2024,3,80+,F,neoplasias,cancer_hematologico_c81_c96,158
2024,3,80+,F,neoplasias,cancer_mama_c50,278
2024,3,80+,F,neoplasias,cancer_outros_c00_c97,1023
2024,3,80+,F,neoplasias,cancer_pancreas_c25,163
2024,3,80+,F,neoplasias,cancer_pulmao_c34,279
2024,3,80+,F,neoplasias,neoplasia_in_situ_benigna_d00_d48,66
2024,3,80+,F,neuro_mentais,"",735
2024,3,80+,F,neuro_mentais,alzheimer_g30,1398
2024,3,80+,F,outras,"",524
2024,3,80+,F,respiratorio,"",1839
2024,3,80+,F,respiratorio,pneumonia_j12_j18,2373
2024,3,80+,I,mal_definidas,"",1
2024,3,80+,I,neoplasias,cancer_outros_c00_c97,1
2024,3,80+,M,circulatorio,cardiomiopatia_i42_i43,115
2024,3,80+,M,circulatorio,cardiopatia_mal_definida_i51,71
2024,3,80+,M,circulatorio,cerebrovascular_i60_i69,1409
2024,3,80+,M,circulatorio,circulatorio_outras,806
2024,3,80+,M,circulatorio,embolia_pulmonar_i26,76
2024,3,80+,M,circulatorio,hipertensao_i10,489
2024,3,80+,M,circulatorio,infarto_agudo_i21_i22,920
2024,3,80+,M,circulatorio,insuf_cardiaca_i50,520
2024,3,80+,M,circulatorio,isquemica_outras_i20_i25,311
2024,3,80+,M,circulatorio,miocardite_i40_i41,3
2024,3,80+,M,circulatorio,parada_arritmia_i46_i49,212
2024,3,80+,M,circulatorio,trombose_venosa_i80_i82,24
2024,3,80+,M,covid,"",219
2024,3,80+,M,digestivo,"",720
2024,3,80+,M,endocrino_diabetes,"",212
2024,3,80+,M,endocrino_diabetes,diabetes_e10_e14,741
2024,3,80+,M,externas,"",648
2024,3,80+,M,geniturinario,"",1042
2024,3,80+,M,infecciosas,"",472
2024,3,80+,M,infecciosas,sepse_a40_a41,326
2024,3,80+,M,mal_definidas,"",955
2024,3,80+,M,neoplasias,cancer_colorretal_c18_c21,217
2024,3,80+,M,neoplasias,cancer_estomago_c16,173
2024,3,80+,M,neoplasias,cancer_hematologico_c81_c96,146
2024,3,80+,M,neoplasias,cancer_mama_c50,4
2024,3,80+,M,neoplasias,cancer_outros_c00_c97,874
2024,3,80+,M,neoplasias,cancer_pancreas_c25,108
2024,3,80+,M,neoplasias,cancer_prostata_c61,621
2024,3,80+,M,neoplasias,cancer_pulmao_c34,342
2024,3,80+,M,neoplasias,neoplasia_in_situ_benigna_d00_d48,49
2024,3,80+,M,neuro_mentais,"",522
2024,3,80+,M,neuro_mentais,alzheimer_g30,664
2024,3,80+,M,outras,"",255
2024,3,80+,M,respiratorio,"",1509
2024,3,80+,M,respiratorio,pneumonia_j12_j18,1702
2024,3,ignorada,F,externas,"",5
2024,3,ignorada,F,geniturinario,"",1
2024,3,ignorada,F,infecciosas,"",1
2024,3,ignorada,F,mal_definidas,"",4
2024,3,ignorada,F,outras,"",2
2024,3,ignorada,F,respiratorio,"",1
2024,3,ignorada,F,respiratorio,pneumonia_j12_j18,1
2024,3,ignorada,I,externas,"",8
2024,3,ignorada,I,infecciosas,"",1
2024,3,ignorada,I,mal_definidas,"",13
2024,3,ignorada,M,circulatorio,cardiomiopatia_i42_i43,2
2024,3,ignorada,M,circulatorio,infarto_agudo_i21_i22,4
2024,3,ignorada,M,circulatorio,isquemica_outras_i20_i25,1
2024,3,ignorada,M,circulatorio,parada_arritmia_i46_i49,1
2024,3,ignorada,M,digestivo,"",3
2024,3,ignorada,M,externas,"",60
2024,3,ignorada,M,geniturinario,"",1
2024,3,ignorada,M,infecciosas,"",2
2024,3,ignorada,M,infecciosas,sepse_a40_a41,2
2024,3,ignorada,M,mal_definidas,"",23
2024,3,ignorada,M,neoplasias,cancer_hematologico_c81_c96,1
2024,3,ignorada,M,respiratorio,"",2
2024,3,ignorada,M,respiratorio,pneumonia_j12_j18,2
2024,4,0-9,F,circulatorio,cardiomiopatia_i42_i43,7
2024,4,0-9,F,circulatorio,cardiopatia_mal_definida_i51,2
2024,4,0-9,F,circulatorio,cerebrovascular_i60_i69,6
2024,4,0-9,F,circulatorio,circulatorio_outras,10
2024,4,0-9,F,circulatorio,embolia_pulmonar_i26,1
2024,4,0-9,F,circulatorio,hipertensao_i10,1
2024,4,0-9,F,circulatorio,insuf_cardiaca_i50,2
2024,4,0-9,F,circulatorio,isquemica_outras_i20_i25,1
2024,4,0-9,F,circulatorio,trombose_venosa_i80_i82,1
2024,4,0-9,F,covid,"",3
2024,4,0-9,F,digestivo,"",20
2024,4,0-9,F,endocrino_diabetes,"",29
2024,4,0-9,F,externas,"",102
2024,4,0-9,F,geniturinario,"",10
2024,4,0-9,F,infecciosas,"",74
2024,4,0-9,F,infecciosas,sepse_a40_a41,33
2024,4,0-9,F,mal_definidas,"",49
2024,4,0-9,F,neoplasias,cancer_hematologico_c81_c96,18
2024,4,0-9,F,neoplasias,cancer_outros_c00_c97,20
2024,4,0-9,F,neoplasias,neoplasia_in_situ_benigna_d00_d48,4
2024,4,0-9,F,neuro_mentais,"",50
2024,4,0-9,F,outras,"",930
2024,4,0-9,F,respiratorio,"",82
2024,4,0-9,F,respiratorio,pneumonia_j12_j18,102
2024,4,0-9,I,outras,"",13
2024,4,0-9,M,circulatorio,cardiomiopatia_i42_i43,5
2024,4,0-9,M,circulatorio,cardiopatia_mal_definida_i51,3
2024,4,0-9,M,circulatorio,cerebrovascular_i60_i69,6
2024,4,0-9,M,circulatorio,circulatorio_outras,7
2024,4,0-9,M,circulatorio,embolia_pulmonar_i26,2
2024,4,0-9,M,circulatorio,insuf_cardiaca_i50,1
2024,4,0-9,M,covid,"",6
2024,4,0-9,M,digestivo,"",25
2024,4,0-9,M,endocrino_diabetes,"",32
2024,4,0-9,M,endocrino_diabetes,diabetes_e10_e14,1
2024,4,0-9,M,externas,"",145
2024,4,0-9,M,geniturinario,"",8
2024,4,0-9,M,infecciosas,"",62
2024,4,0-9,M,infecciosas,sepse_a40_a41,35
2024,4,0-9,M,mal_definidas,"",58
2024,4,0-9,M,neoplasias,cancer_hematologico_c81_c96,11
2024,4,0-9,M,neoplasias,cancer_outros_c00_c97,22
2024,4,0-9,M,neuro_mentais,"",77
2024,4,0-9,M,outras,"",1197
2024,4,0-9,M,respiratorio,"",113
2024,4,0-9,M,respiratorio,pneumonia_j12_j18,95
2024,4,10-19,F,circulatorio,cardiomiopatia_i42_i43,2
2024,4,10-19,F,circulatorio,cerebrovascular_i60_i69,12
2024,4,10-19,F,circulatorio,circulatorio_outras,4
2024,4,10-19,F,circulatorio,embolia_pulmonar_i26,1
2024,4,10-19,F,circulatorio,insuf_cardiaca_i50,3
2024,4,10-19,F,circulatorio,parada_arritmia_i46_i49,5
2024,4,10-19,F,covid,"",2
2024,4,10-19,F,digestivo,"",18
2024,4,10-19,F,endocrino_diabetes,"",6
2024,4,10-19,F,endocrino_diabetes,diabetes_e10_e14,16
2024,4,10-19,F,externas,"",146
2024,4,10-19,F,geniturinario,"",7
2024,4,10-19,F,infecciosas,"",32
2024,4,10-19,F,infecciosas,sepse_a40_a41,15
2024,4,10-19,F,mal_definidas,"",32
2024,4,10-19,F,neoplasias,cancer_colorretal_c18_c21,1
2024,4,10-19,F,neoplasias,cancer_hematologico_c81_c96,15
2024,4,10-19,F,neoplasias,cancer_outros_c00_c97,27
2024,4,10-19,F,neoplasias,cancer_pancreas_c25,1
2024,4,10-19,F,neoplasias,neoplasia_in_situ_benigna_d00_d48,1
2024,4,10-19,F,neuro_mentais,"",42
2024,4,10-19,F,outras,"",58
2024,4,10-19,F,respiratorio,"",17
2024,4,10-19,F,respiratorio,pneumonia_j12_j18,17
2024,4,10-19,M,circulatorio,cardiomiopatia_i42_i43,7
2024,4,10-19,M,circulatorio,cardiopatia_mal_definida_i51,1
2024,4,10-19,M,circulatorio,cerebrovascular_i60_i69,11
2024,4,10-19,M,circulatorio,circulatorio_outras,6
2024,4,10-19,M,circulatorio,embolia_pulmonar_i26,1
2024,4,10-19,M,circulatorio,hipertensao_i10,1
2024,4,10-19,M,circulatorio,infarto_agudo_i21_i22,4
2024,4,10-19,M,circulatorio,insuf_cardiaca_i50,3
2024,4,10-19,M,circulatorio,isquemica_outras_i20_i25,1
2024,4,10-19,M,circulatorio,parada_arritmia_i46_i49,2
2024,4,10-19,M,circulatorio,trombose_venosa_i80_i82,1
2024,4,10-19,M,digestivo,"",12
2024,4,10-19,M,endocrino_diabetes,"",4
2024,4,10-19,M,endocrino_diabetes,diabetes_e10_e14,4
2024,4,10-19,M,externas,"",701
2024,4,10-19,M,geniturinario,"",2
2024,4,10-19,M,infecciosas,"",49
2024,4,10-19,M,infecciosas,sepse_a40_a41,7
2024,4,10-19,M,mal_definidas,"",34
2024,4,10-19,M,neoplasias,cancer_hematologico_c81_c96,26
2024,4,10-19,M,neoplasias,cancer_outros_c00_c97,34
2024,4,10-19,M,neoplasias,cancer_pulmao_c34,1
2024,4,10-19,M,neoplasias,neoplasia_in_situ_benigna_d00_d48,2
2024,4,10-19,M,neuro_mentais,"",74
2024,4,10-19,M,outras,"",41
2024,4,10-19,M,respiratorio,"",18
2024,4,10-19,M,respiratorio,pneumonia_j12_j18,27
2024,4,20-29,F,circulatorio,cardiomiopatia_i42_i43,6
2024,4,20-29,F,circulatorio,cardiopatia_mal_definida_i51,3
2024,4,20-29,F,circulatorio,cerebrovascular_i60_i69,23
2024,4,20-29,F,circulatorio,circulatorio_outras,20
2024,4,20-29,F,circulatorio,embolia_pulmonar_i26,11
2024,4,20-29,F,circulatorio,hipertensao_i10,3
2024,4,20-29,F,circulatorio,infarto_agudo_i21_i22,10
2024,4,20-29,F,circulatorio,insuf_cardiaca_i50,4
2024,4,20-29,F,circulatorio,isquemica_outras_i20_i25,2
2024,4,20-29,F,circulatorio,miocardite_i40_i41,1
2024,4,20-29,F,circulatorio,parada_arritmia_i46_i49,4
2024,4,20-29,F,circulatorio,trombose_venosa_i80_i82,2
2024,4,20-29,F,covid,"",2
2024,4,20-29,F,digestivo,"",33
2024,4,20-29,F,endocrino_diabetes,"",13
2024,4,20-29,F,endocrino_diabetes,diabetes_e10_e14,25
2024,4,20-29,F,externas,"",280
2024,4,20-29,F,geniturinario,"",23
2024,4,20-29,F,infecciosas,"",80
2024,4,20-29,F,infecciosas,sepse_a40_a41,20
2024,4,20-29,F,mal_definidas,"",58
2024,4,20-29,F,neoplasias,cancer_colorretal_c18_c21,6
2024,4,20-29,F,neoplasias,cancer_estomago_c16,6
2024,4,20-29,F,neoplasias,cancer_hematologico_c81_c96,23
2024,4,20-29,F,neoplasias,cancer_mama_c50,21
2024,4,20-29,F,neoplasias,cancer_outros_c00_c97,59
2024,4,20-29,F,neoplasias,cancer_pancreas_c25,2
2024,4,20-29,F,neoplasias,cancer_pulmao_c34,1
2024,4,20-29,F,neuro_mentais,"",51
2024,4,20-29,F,outras,"",114
2024,4,20-29,F,respiratorio,"",29
2024,4,20-29,F,respiratorio,pneumonia_j12_j18,31
2024,4,20-29,M,circulatorio,cardiomiopatia_i42_i43,22
2024,4,20-29,M,circulatorio,cardiopatia_mal_definida_i51,10
2024,4,20-29,M,circulatorio,cerebrovascular_i60_i69,29
2024,4,20-29,M,circulatorio,circulatorio_outras,21
2024,4,20-29,M,circulatorio,embolia_pulmonar_i26,6
2024,4,20-29,M,circulatorio,hipertensao_i10,2
2024,4,20-29,M,circulatorio,infarto_agudo_i21_i22,48
2024,4,20-29,M,circulatorio,insuf_cardiaca_i50,10
2024,4,20-29,M,circulatorio,isquemica_outras_i20_i25,7
2024,4,20-29,M,circulatorio,parada_arritmia_i46_i49,8
2024,4,20-29,M,circulatorio,trombose_venosa_i80_i82,2
2024,4,20-29,M,digestivo,"",79
2024,4,20-29,M,endocrino_diabetes,"",17
2024,4,20-29,M,endocrino_diabetes,diabetes_e10_e14,21
2024,4,20-29,M,externas,"",2354
2024,4,20-29,M,geniturinario,"",18
2024,4,20-29,M,infecciosas,"",148
2024,4,20-29,M,infecciosas,sepse_a40_a41,17
2024,4,20-29,M,mal_definidas,"",151
2024,4,20-29,M,neoplasias,cancer_colorretal_c18_c21,9
2024,4,20-29,M,neoplasias,cancer_estomago_c16,7
2024,4,20-29,M,neoplasias,cancer_hematologico_c81_c96,35
2024,4,20-29,M,neoplasias,cancer_outros_c00_c97,78
2024,4,20-29,M,neoplasias,cancer_pulmao_c34,2
2024,4,20-29,M,neoplasias,neoplasia_in_situ_benigna_d00_d48,6
2024,4,20-29,M,neuro_mentais,"",87
2024,4,20-29,M,outras,"",41
2024,4,20-29,M,respiratorio,"",43
2024,4,20-29,M,respiratorio,pneumonia_j12_j18,61
2024,4,30-39,F,circulatorio,cardiomiopatia_i42_i43,14
2024,4,30-39,F,circulatorio,cardiopatia_mal_definida_i51,3
2024,4,30-39,F,circulatorio,cerebrovascular_i60_i69,59
2024,4,30-39,F,circulatorio,circulatorio_outras,34
2024,4,30-39,F,circulatorio,embolia_pulmonar_i26,20
2024,4,30-39,F,circulatorio,hipertensao_i10,13
2024,4,30-39,F,circulatorio,infarto_agudo_i21_i22,46
2024,4,30-39,F,circulatorio,insuf_cardiaca_i50,13
2024,4,30-39,F,circulatorio,isquemica_outras_i20_i25,5
2024,4,30-39,F,circulatorio,miocardite_i40_i41,1
2024,4,30-39,F,circulatorio,parada_arritmia_i46_i49,5
2024,4,30-39,F,circulatorio,trombose_venosa_i80_i82,5
2024,4,30-39,F,covid,"",2
2024,4,30-39,F,digestivo,"",90
2024,4,30-39,F,endocrino_diabetes,"",23
2024,4,30-39,F,endocrino_diabetes,diabetes_e10_e14,53
2024,4,30-39,F,externas,"",308
2024,4,30-39,F,geniturinario,"",40
2024,4,30-39,F,infecciosas,"",172
2024,4,30-39,F,infecciosas,sepse_a40_a41,24
2024,4,30-39,F,mal_definidas,"",92
2024,4,30-39,F,neoplasias,cancer_colorretal_c18_c21,29
2024,4,30-39,F,neoplasias,cancer_estomago_c16,16
2024,4,30-39,F,neoplasias,cancer_hematologico_c81_c96,34
2024,4,30-39,F,neoplasias,cancer_mama_c50,77
2024,4,30-39,F,neoplasias,cancer_outros_c00_c97,197
2024,4,30-39,F,neoplasias,cancer_pancreas_c25,1
2024,4,30-39,F,neoplasias,cancer_pulmao_c34,12
2024,4,30-39,F,neoplasias,neoplasia_in_situ_benigna_d00_d48,3
2024,4,30-39,F,neuro_mentais,"",64
2024,4,30-39,F,outras,"",122
2024,4,30-39,F,respiratorio,"",58
2024,4,30-39,F,respiratorio,pneumonia_j12_j18,62
2024,4,30-39,I,digestivo,"",1
2024,4,30-39,M,circulatorio,cardiomiopatia_i42_i43,47
2024,4,30-39,M,circulatorio,cardiopatia_mal_definida_i51,7
2024,4,30-39,M,circulatorio,cerebrovascular_i60_i69,80
2024,4,30-39,M,circulatorio,circulatorio_outras,42
2024,4,30-39,M,circulatorio,embolia_pulmonar_i26,12
2024,4,30-39,M,circulatorio,hipertensao_i10,20
2024,4,30-39,M,circulatorio,infarto_agudo_i21_i22,123
2024,4,30-39,M,circulatorio,insuf_cardiaca_i50,23
2024,4,30-39,M,circulatorio,isquemica_outras_i20_i25,17
2024,4,30-39,M,circulatorio,miocardite_i40_i41,1
2024,4,30-39,M,circulatorio,parada_arritmia_i46_i49,11
2024,4,30-39,M,circulatorio,trombose_venosa_i80_i82,1
2024,4,30-39,M,covid,"",4
2024,4,30-39,M,digestivo,"",230
2024,4,30-39,M,endocrino_diabetes,"",42
2024,4,30-39,M,endocrino_diabetes,diabetes_e10_e14,55
2024,4,30-39,M,externas,"",1868
2024,4,30-39,M,geniturinario,"",46
2024,4,30-39,M,infecciosas,"",262
2024,4,30-39,M,infecciosas,sepse_a40_a41,37
2024,4,30-39,M,mal_definidas,"",292
2024,4,30-39,M,neoplasias,cancer_colorretal_c18_c21,19
2024,4,30-39,M,neoplasias,cancer_estomago_c16,16
2024,4,30-39,M,neoplasias,cancer_hematologico_c81_c96,28
2024,4,30-39,M,neoplasias,cancer_outros_c00_c97,95
2024,4,30-39,M,neoplasias,cancer_pancreas_c25,8
2024,4,30-39,M,neoplasias,cancer_pulmao_c34,14
2024,4,30-39,M,neoplasias,neoplasia_in_situ_benigna_d00_d48,7
2024,4,30-39,M,neuro_mentais,"",180
2024,4,30-39,M,outras,"",49
2024,4,30-39,M,respiratorio,"",91
2024,4,30-39,M,respiratorio,pneumonia_j12_j18,111
2024,4,40-49,F,circulatorio,cardiomiopatia_i42_i43,26
2024,4,40-49,F,circulatorio,cardiopatia_mal_definida_i51,12
2024,4,40-49,F,circulatorio,cerebrovascular_i60_i69,208
2024,4,40-49,F,circulatorio,circulatorio_outras,105
2024,4,40-49,F,circulatorio,embolia_pulmonar_i26,52
2024,4,40-49,F,circulatorio,hipertensao_i10,43
2024,4,40-49,F,circulatorio,infarto_agudo_i21_i22,172
2024,4,40-49,F,circulatorio,insuf_cardiaca_i50,24
2024,4,40-49,F,circulatorio,isquemica_outras_i20_i25,30
2024,4,40-49,F,circulatorio,miocardite_i40_i41,1
2024,4,40-49,F,circulatorio,parada_arritmia_i46_i49,20
2024,4,40-49,F,circulatorio,trombose_venosa_i80_i82,15
2024,4,40-49,F,covid,"",5
2024,4,40-49,F,digestivo,"",183
2024,4,40-49,F,endocrino_diabetes,"",50
2024,4,40-49,F,endocrino_diabetes,diabetes_e10_e14,128
2024,4,40-49,F,externas,"",273
2024,4,40-49,F,geniturinario,"",109
2024,4,40-49,F,infecciosas,"",213
2024,4,40-49,F,infecciosas,sepse_a40_a41,39
2024,4,40-49,F,mal_definidas,"",142
2024,4,40-49,F,neoplasias,cancer_colorretal_c18_c21,76
2024,4,40-49,F,neoplasias,cancer_estomago_c16,55
2024,4,40-49,F,neoplasias,cancer_hematologico_c81_c96,50
2024,4,40-49,F,neoplasias,cancer_mama_c50,243
2024,4,40-49,F,neoplasias,cancer_outros_c00_c97,427
2024,4,40-49,F,neoplasias,cancer_pancreas_c25,27
2024,4,40-49,F,neoplasias,cancer_pulmao_c34,43
2024,4,40-49,F,neoplasias,neoplasia_in_situ_benigna_d00_d48,31
2024,4,40-49,F,neuro_mentais,"",103
2024,4,40-49,F,neuro_mentais,alzheimer_g30,1
2024,4,40-49,F,outras,"",123
2024,4,40-49,F,respiratorio,"",128
2024,4,40-49,F,respiratorio,pneumonia_j12_j18,115
2024,4,40-49,I,externas,"",1
2024,4,40-49,M,circulatorio,cardiomiopatia_i42_i43,76
2024,4,40-49,M,circulatorio,cardiopatia_mal_definida_i51,34
2024,4,40-49,M,circulatorio,cerebrovascular_i60_i69,206
2024,4,40-49,M,circulatorio,circulatorio_outras,119
2024,4,40-49,M,circulatorio,embolia_pulmonar_i26,35
2024,4,40-49,M,circulatorio,hipertensao_i10,46
2024,4,40-49,M,circulatorio,infarto_agudo_i21_i22,369
2024,4,40-49,M,circulatorio,insuf_cardiaca_i50,61
2024,4,40-49,M,circulatorio,isquemica_outras_i20_i25,50
2024,4,40-49,M,circulatorio,miocardite_i40_i41,1
2024,4,40-49,M,circulatorio,parada_arritmia_i46_i49,31
2024,4,40-49,M,circulatorio,trombose_venosa_i80_i82,12
2024,4,40-49,M,covid,"",5
2024,4,40-49,M,digestivo,"",474
2024,4,40-49,M,endocrino_diabetes,"",76
2024,4,40-49,M,endocrino_diabetes,diabetes_e10_e14,136
2024,4,40-49,M,externas,"",1615
2024,4,40-49,M,geniturinario,"",121
2024,4,40-49,M,infecciosas,"",354
2024,4,40-49,M,infecciosas,sepse_a40_a41,76
2024,4,40-49,M,mal_definidas,"",438
2024,4,40-49,M,neoplasias,cancer_colorretal_c18_c21,60
2024,4,40-49,M,neoplasias,cancer_estomago_c16,54
2024,4,40-49,M,neoplasias,cancer_hematologico_c81_c96,60
2024,4,40-49,M,neoplasias,cancer_mama_c50,2
2024,4,40-49,M,neoplasias,cancer_outros_c00_c97,329
2024,4,40-49,M,neoplasias,cancer_pancreas_c25,33
2024,4,40-49,M,neoplasias,cancer_prostata_c61,6
2024,4,40-49,M,neoplasias,cancer_pulmao_c34,45
2024,4,40-49,M,neoplasias,neoplasia_in_situ_benigna_d00_d48,19
2024,4,40-49,M,neuro_mentais,"",289
2024,4,40-49,M,outras,"",92
2024,4,40-49,M,respiratorio,"",180
2024,4,40-49,M,respiratorio,pneumonia_j12_j18,178
2024,4,50-59,F,circulatorio,cardiomiopatia_i42_i43,29
2024,4,50-59,F,circulatorio,cardiopatia_mal_definida_i51,16
2024,4,50-59,F,circulatorio,cerebrovascular_i60_i69,403
2024,4,50-59,F,circulatorio,circulatorio_outras,208
2024,4,50-59,F,circulatorio,embolia_pulmonar_i26,46
2024,4,50-59,F,circulatorio,hipertensao_i10,104
2024,4,50-59,F,circulatorio,infarto_agudo_i21_i22,314
2024,4,50-59,F,circulatorio,insuf_cardiaca_i50,88
2024,4,50-59,F,circulatorio,isquemica_outras_i20_i25,77
2024,4,50-59,F,circulatorio,parada_arritmia_i46_i49,20
2024,4,50-59,F,circulatorio,trombose_venosa_i80_i82,13
2024,4,50-59,F,covid,"",9
2024,4,50-59,F,digestivo,"",278
2024,4,50-59,F,endocrino_diabetes,"",80
2024,4,50-59,F,endocrino_diabetes,diabetes_e10_e14,287
2024,4,50-59,F,externas,"",231
2024,4,50-59,F,geniturinario,"",176
2024,4,50-59,F,infecciosas,"",240
2024,4,50-59,F,infecciosas,sepse_a40_a41,95
2024,4,50-59,F,mal_definidas,"",220
2024,4,50-59,F,neoplasias,cancer_colorretal_c18_c21,181
2024,4,50-59,F,neoplasias,cancer_estomago_c16,65
2024,4,50-59,F,neoplasias,cancer_hematologico_c81_c96,89
2024,4,50-59,F,neoplasias,cancer_mama_c50,370
2024,4,50-59,F,neoplasias,cancer_outros_c00_c97,755
2024,4,50-59,F,neoplasias,cancer_pancreas_c25,69
2024,4,50-59,F,neoplasias,cancer_pulmao_c34,137
2024,4,50-59,F,neoplasias,neoplasia_in_situ_benigna_d00_d48,26
2024,4,50-59,F,neuro_mentais,"",129
2024,4,50-59,F,neuro_mentais,alzheimer_g30,7
2024,4,50-59,F,outras,"",141
2024,4,50-59,F,respiratorio,"",287
2024,4,50-59,F,respiratorio,pneumonia_j12_j18,214
2024,4,50-59,I,mal_definidas,"",1
2024,4,50-59,M,circulatorio,cardiomiopatia_i42_i43,106
2024,4,50-59,M,circulatorio,cardiopatia_mal_definida_i51,30
2024,4,50-59,M,circulatorio,cerebrovascular_i60_i69,497
2024,4,50-59,M,circulatorio,circulatorio_outras,285
2024,4,50-59,M,circulatorio,embolia_pulmonar_i26,57
2024,4,50-59,M,circulatorio,hipertensao_i10,141
2024,4,50-59,M,circulatorio,infarto_agudo_i21_i22,781
2024,4,50-59,M,circulatorio,insuf_cardiaca_i50,116
2024,4,50-59,M,circulatorio,isquemica_outras_i20_i25,154
2024,4,50-59,M,circulatorio,miocardite_i40_i41,2
2024,4,50-59,M,circulatorio,parada_arritmia_i46_i49,64
2024,4,50-59,M,circulatorio,trombose_venosa_i80_i82,3
2024,4,50-59,M,covid,"",12
2024,4,50-59,M,digestivo,"",805
2024,4,50-59,M,endocrino_diabetes,"",88
2024,4,50-59,M,endocrino_diabetes,diabetes_e10_e14,359
2024,4,50-59,M,externas,"",1210
2024,4,50-59,M,geniturinario,"",210
2024,4,50-59,M,infecciosas,"",445
2024,4,50-59,M,infecciosas,sepse_a40_a41,134
2024,4,50-59,M,mal_definidas,"",583
2024,4,50-59,M,neoplasias,cancer_colorretal_c18_c21,166
2024,4,50-59,M,neoplasias,cancer_estomago_c16,135
2024,4,50-59,M,neoplasias,cancer_hematologico_c81_c96,110
2024,4,50-59,M,neoplasias,cancer_mama_c50,3
2024,4,50-59,M,neoplasias,cancer_outros_c00_c97,827
2024,4,50-59,M,neoplasias,cancer_pancreas_c25,82
2024,4,50-59,M,neoplasias,cancer_prostata_c61,47
2024,4,50-59,M,neoplasias,cancer_pulmao_c34,149
2024,4,50-59,M,neoplasias,neoplasia_in_situ_benigna_d00_d48,25
2024,4,50-59,M,neuro_mentais,"",393
2024,4,50-59,M,neuro_mentais,alzheimer_g30,4
2024,4,50-59,M,outras,"",162
2024,4,50-59,M,respiratorio,"",370
2024,4,50-59,M,respiratorio,pneumonia_j12_j18,395
2024,4,60-69,F,circulatorio,cardiomiopatia_i42_i43,68
2024,4,60-69,F,circulatorio,cardiopatia_mal_definida_i51,31
2024,4,60-69,F,circulatorio,cerebrovascular_i60_i69,670
2024,4,60-69,F,circulatorio,circulatorio_outras,414
2024,4,60-69,F,circulatorio,embolia_pulmonar_i26,89
2024,4,60-69,F,circulatorio,hipertensao_i10,189
2024,4,60-69,F,circulatorio,infarto_agudo_i21_i22,647
2024,4,60-69,F,circulatorio,insuf_cardiaca_i50,224
2024,4,60-69,F,circulatorio,isquemica_outras_i20_i25,152
2024,4,60-69,F,circulatorio,miocardite_i40_i41,1
2024,4,60-69,F,circulatorio,parada_arritmia_i46_i49,67
2024,4,60-69,F,circulatorio,trombose_venosa_i80_i82,26
2024,4,60-69,F,covid,"",22
2024,4,60-69,F,digestivo,"",529
2024,4,60-69,F,endocrino_diabetes,"",107
2024,4,60-69,F,endocrino_diabetes,diabetes_e10_e14,612
2024,4,60-69,F,externas,"",268
2024,4,60-69,F,geniturinario,"",330
2024,4,60-69,F,infecciosas,"",296
2024,4,60-69,F,infecciosas,sepse_a40_a41,163
2024,4,60-69,F,mal_definidas,"",358
2024,4,60-69,F,neoplasias,cancer_colorretal_c18_c21,245
2024,4,60-69,F,neoplasias,cancer_estomago_c16,115
2024,4,60-69,F,neoplasias,cancer_hematologico_c81_c96,151
2024,4,60-69,F,neoplasias,cancer_mama_c50,380
2024,4,60-69,F,neoplasias,cancer_outros_c00_c97,1114
2024,4,60-69,F,neoplasias,cancer_pancreas_c25,155
2024,4,60-69,F,neoplasias,cancer_prostata_c61,1
2024,4,60-69,F,neoplasias,cancer_pulmao_c34,403
2024,4,60-69,F,neoplasias,neoplasia_in_situ_benigna_d00_d48,44
2024,4,60-69,F,neuro_mentais,"",218
2024,4,60-69,F,neuro_mentais,alzheimer_g30,36
2024,4,60-69,F,outras,"",200
2024,4,60-69,F,respiratorio,"",646
2024,4,60-69,F,respiratorio,pneumonia_j12_j18,526
2024,4,60-69,I,circulatorio,cerebrovascular_i60_i69,1
2024,4,60-69,I,digestivo,"",1
2024,4,60-69,I,externas,"",1
2024,4,60-69,M,circulatorio,cardiomiopatia_i42_i43,119
2024,4,60-69,M,circulatorio,cardiopatia_mal_definida_i51,45
2024,4,60-69,M,circulatorio,cerebrovascular_i60_i69,954
2024,4,60-69,M,circulatorio,circulatorio_outras,578
2024,4,60-69,M,circulatorio,embolia_pulmonar_i26,89
2024,4,60-69,M,circulatorio,hipertensao_i10,280
2024,4,60-69,M,circulatorio,infarto_agudo_i21_i22,1291
2024,4,60-69,M,circulatorio,insuf_cardiaca_i50,275
2024,4,60-69,M,circulatorio,isquemica_outras_i20_i25,310
2024,4,60-69,M,circulatorio,parada_arritmia_i46_i49,110
2024,4,60-69,M,circulatorio,trombose_venosa_i80_i82,20
2024,4,60-69,M,covid,"",35
2024,4,60-69,M,digestivo,"",1003
2024,4,60-69,M,endocrino_diabetes,"",117
2024,4,60-69,M,endocrino_diabetes,diabetes_e10_e14,703
2024,4,60-69,M,externas,"",969
2024,4,60-69,M,geniturinario,"",449
2024,4,60-69,M,infecciosas,"",444
2024,4,60-69,M,infecciosas,sepse_a40_a41,233
2024,4,60-69,M,mal_definidas,"",714
2024,4,60-69,M,neoplasias,cancer_colorretal_c18_c21,287
2024,4,60-69,M,neoplasias,cancer_estomago_c16,214
2024,4,60-69,M,neoplasias,cancer_hematologico_c81_c96,188
2024,4,60-69,M,neoplasias,cancer_mama_c50,9
2024,4,60-69,M,neoplasias,cancer_outros_c00_c97,1409
2024,4,60-69,M,neoplasias,cancer_pancreas_c25,177
2024,4,60-69,M,neoplasias,cancer_prostata_c61,242
2024,4,60-69,M,neoplasias,cancer_pulmao_c34,477
2024,4,60-69,M,neoplasias,neoplasia_in_situ_benigna_d00_d48,54
2024,4,60-69,M,neuro_mentais,"",398
2024,4,60-69,M,neuro_mentais,alzheimer_g30,32
2024,4,60-69,M,outras,"",202
2024,4,60-69,M,respiratorio,"",797
2024,4,60-69,M,respiratorio,pneumonia_j12_j18,742
2024,4,70-79,F,circulatorio,cardiomiopatia_i42_i43,76
2024,4,70-79,F,circulatorio,cardiopatia_mal_definida_i51,28
2024,4,70-79,F,circulatorio,cerebrovascular_i60_i69,1067
2024,4,70-79,F,circulatorio,circulatorio_outras,614
2024,4,70-79,F,circulatorio,embolia_pulmonar_i26,95
2024,4,70-79,F,circulatorio,hipertensao_i10,355
2024,4,70-79,F,circulatorio,infarto_agudo_i21_i22,861
2024,4,70-79,F,circulatorio,insuf_cardiaca_i50,314
2024,4,70-79,F,circulatorio,isquemica_outras_i20_i25,245
2024,4,70-79,F,circulatorio,miocardite_i40_i41,2
2024,4,70-79,F,circulatorio,parada_arritmia_i46_i49,162
2024,4,70-79,F,circulatorio,trombose_venosa_i80_i82,27
2024,4,70-79,F,covid,"",30
2024,4,70-79,F,digestivo,"",701
2024,4,70-79,F,endocrino_diabetes,"",172
2024,4,70-79,F,endocrino_diabetes,diabetes_e10_e14,903
2024,4,70-79,F,externas,"",385
2024,4,70-79,F,geniturinario,"",585
2024,4,70-79,F,infecciosas,"",410
2024,4,70-79,F,infecciosas,sepse_a40_a41,300
2024,4,70-79,F,mal_definidas,"",472
2024,4,70-79,F,neoplasias,cancer_colorretal_c18_c21,303
2024,4,70-79,F,neoplasias,cancer_estomago_c16,116
2024,4,70-79,F,neoplasias,cancer_hematologico_c81_c96,175
2024,4,70-79,F,neoplasias,cancer_mama_c50,363
2024,4,70-79,F,neoplasias,cancer_outros_c00_c97,1116
2024,4,70-79,F,neoplasias,cancer_pancreas_c25,175
2024,4,70-79,F,neoplasias,cancer_pulmao_c34,377
2024,4,70-79,F,neoplasias,neoplasia_in_situ_benigna_d00_d48,57
2024,4,70-79,F,neuro_mentais,"",296
2024,4,70-79,F,neuro_mentais,alzheimer_g30,268
2024,4,70-79,F,outras,"",285
2024,4,70-79,F,respiratorio,"",1041
2024,4,70-79,F,respiratorio,pneumonia_j12_j18,928
2024,4,70-79,I,mal_definidas,"",2
2024,4,70-79,M,circulatorio,cardiomiopatia_i42_i43,117
2024,4,70-79,M,circulatorio,cardiopatia_mal_definida_i51,42
2024,4,70-79,M,circulatorio,cerebrovascular_i60_i69,1351
2024,4,70-79,M,circulatorio,circulatorio_outras,711
2024,4,70-79,M,circulatorio,embolia_pulmonar_i26,100
2024,4,70-79,M,circulatorio,hipertensao_i10,322
2024,4,70-79,M,circulatorio,infarto_agudo_i21_i22,1242
2024,4,70-79,M,circulatorio,insuf_cardiaca_i50,385
2024,4,70-79,M,circulatorio,isquemica_outras_i20_i25,362
2024,4,70-79,M,circulatorio,miocardite_i40_i41,2
2024,4,70-79,M,circulatorio,parada_arritmia_i46_i49,177
2024,4,70-79,M,circulatorio,trombose_venosa_i80_i82,22
2024,4,70-79,M,covid,"",42
2024,4,70-79,M,digestivo,"",821
2024,4,70-79,M,endocrino_diabetes,"",143
2024,4,70-79,M,endocrino_diabetes,diabetes_e10_e14,806
2024,4,70-79,M,externas,"",620
2024,4,70-79,M,geniturinario,"",677
2024,4,70-79,M,infecciosas,"",487
2024,4,70-79,M,infecciosas,sepse_a40_a41,296
2024,4,70-79,M,mal_definidas,"",700
2024,4,70-79,M,neoplasias,cancer_colorretal_c18_c21,294
2024,4,70-79,M,neoplasias,cancer_estomago_c16,231
2024,4,70-79,M,neoplasias,cancer_hematologico_c81_c96,232
2024,4,70-79,M,neoplasias,cancer_mama_c50,7
2024,4,70-79,M,neoplasias,cancer_outros_c00_c97,1282
2024,4,70-79,M,neoplasias,cancer_pancreas_c25,153
2024,4,70-79,M,neoplasias,cancer_prostata_c61,546
2024,4,70-79,M,neoplasias,cancer_pulmao_c34,482
2024,4,70-79,M,neoplasias,neoplasia_in_situ_benigna_d00_d48,58
2024,4,70-79,M,neuro_mentais,"",410
2024,4,70-79,M,neuro_mentais,alzheimer_g30,239
2024,4,70-79,M,outras,"",234
2024,4,70-79,M,respiratorio,"",1211
2024,4,70-79,M,respiratorio,pneumonia_j12_j18,1028
2024,4,80+,F,circulatorio,cardiomiopatia_i42_i43,121
2024,4,80+,F,circulatorio,cardiopatia_mal_definida_i51,73
2024,4,80+,F,circulatorio,cerebrovascular_i60_i69,1810
2024,4,80+,F,circulatorio,circulatorio_outras,1096
2024,4,80+,F,circulatorio,embolia_pulmonar_i26,153
2024,4,80+,F,circulatorio,hipertensao_i10,908
2024,4,80+,F,circulatorio,infarto_agudo_i21_i22,1125
2024,4,80+,F,circulatorio,insuf_cardiaca_i50,784
2024,4,80+,F,circulatorio,isquemica_outras_i20_i25,387
2024,4,80+,F,circulatorio,miocardite_i40_i41,2
2024,4,80+,F,circulatorio,parada_arritmia_i46_i49,341
2024,4,80+,F,circulatorio,trombose_venosa_i80_i82,44
2024,4,80+,F,covid,"",76
2024,4,80+,F,digestivo,"",1051
2024,4,80+,F,endocrino_diabetes,"",347
2024,4,80+,F,endocrino_diabetes,diabetes_e10_e14,1194
2024,4,80+,F,externas,"",898
2024,4,80+,F,geniturinario,"",1535
2024,4,80+,F,infecciosas,"",654
2024,4,80+,F,infecciosas,sepse_a40_a41,508
2024,4,80+,F,mal_definidas,"",1175
2024,4,80+,F,neoplasias,cancer_colorretal_c18_c21,294
2024,4,80+,F,neoplasias,cancer_estomago_c16,113
2024,4,80+,F,neoplasias,cancer_hematologico_c81_c96,143
2024,4,80+,F,neoplasias,cancer_mama_c50,293
2024,4,80+,F,neoplasias,cancer_outros_c00_c97,1040
2024,4,80+,F,neoplasias,cancer_pancreas_c25,148
2024,4,80+,F,neoplasias,cancer_prostata_c61,2
2024,4,80+,F,neoplasias,cancer_pulmao_c34,249
2024,4,80+,F,neoplasias,neoplasia_in_situ_benigna_d00_d48,74
2024,4,80+,F,neuro_mentais,"",723
2024,4,80+,F,neuro_mentais,alzheimer_g30,1332
2024,4,80+,F,outras,"",520
2024,4,80+,F,respiratorio,"",2004
2024,4,80+,F,respiratorio,pneumonia_j12_j18,2664
2024,4,80+,I,endocrino_diabetes,"",1
2024,4,80+,M,circulatorio,cardiomiopatia_i42_i43,96
2024,4,80+,M,circulatorio,cardiopatia_mal_definida_i51,56
2024,4,80+,M,circulatorio,cerebrovascular_i60_i69,1409
2024,4,80+,M,circulatorio,circulatorio_outras,785
2024,4,80+,M,circulatorio,embolia_pulmonar_i26,79
2024,4,80+,M,circulatorio,hipertensao_i10,419
2024,4,80+,M,circulatorio,infarto_agudo_i21_i22,1028
2024,4,80+,M,circulatorio,insuf_cardiaca_i50,527
2024,4,80+,M,circulatorio,isquemica_outras_i20_i25,307
2024,4,80+,M,circulatorio,miocardite_i40_i41,2
2024,4,80+,M,circulatorio,parada_arritmia_i46_i49,210
2024,4,80+,M,circulatorio,trombose_venosa_i80_i82,13
2024,4,80+,M,covid,"",87
2024,4,80+,M,digestivo,"",713
2024,4,80+,M,endocrino_diabetes,"",220
2024,4,80+,M,endocrino_diabetes,diabetes_e10_e14,639
2024,4,80+,M,externas,"",613
2024,4,80+,M,geniturinario,"",1069
2024,4,80+,M,infecciosas,"",534
2024,4,80+,M,infecciosas,sepse_a40_a41,380
2024,4,80+,M,mal_definidas,"",885
2024,4,80+,M,neoplasias,cancer_colorretal_c18_c21,198
2024,4,80+,M,neoplasias,cancer_estomago_c16,129
2024,4,80+,M,neoplasias,cancer_hematologico_c81_c96,144
2024,4,80+,M,neoplasias,cancer_mama_c50,6
2024,4,80+,M,neoplasias,cancer_outros_c00_c97,873
2024,4,80+,M,neoplasias,cancer_pancreas_c25,100
2024,4,80+,M,neoplasias,cancer_prostata_c61,660
2024,4,80+,M,neoplasias,cancer_pulmao_c34,303
2024,4,80+,M,neoplasias,neoplasia_in_situ_benigna_d00_d48,52
2024,4,80+,M,neuro_mentais,"",497
2024,4,80+,M,neuro_mentais,alzheimer_g30,601
2024,4,80+,M,outras,"",289
2024,4,80+,M,respiratorio,"",1657
2024,4,80+,M,respiratorio,pneumonia_j12_j18,1862
2024,4,ignorada,F,circulatorio,infarto_agudo_i21_i22,1
2024,4,ignorada,F,circulatorio,trombose_venosa_i80_i82,1
2024,4,ignorada,F,digestivo,"",1
2024,4,ignorada,F,endocrino_diabetes,diabetes_e10_e14,1
2024,4,ignorada,F,externas,"",6
2024,4,ignorada,F,mal_definidas,"",8
2024,4,ignorada,F,neuro_mentais,"",1
2024,4,ignorada,F,respiratorio,pneumonia_j12_j18,1
2024,4,ignorada,I,externas,"",12
2024,4,ignorada,I,mal_definidas,"",12
2024,4,ignorada,I,respiratorio,"",2
2024,4,ignorada,M,circulatorio,cardiomiopatia_i42_i43,2
2024,4,ignorada,M,circulatorio,cerebrovascular_i60_i69,2
2024,4,ignorada,M,circulatorio,circulatorio_outras,1
2024,4,ignorada,M,circulatorio,infarto_agudo_i21_i22,3
2024,4,ignorada,M,digestivo,"",4
2024,4,ignorada,M,endocrino_diabetes,"",1
2024,4,ignorada,M,externas,"",74
2024,4,ignorada,M,infecciosas,"",5
2024,4,ignorada,M,infecciosas,sepse_a40_a41,3
2024,4,ignorada,M,mal_definidas,"",34
2024,4,ignorada,M,outras,"",1
2024,4,ignorada,M,respiratorio,"",3
2024,4,ignorada,M,respiratorio,pneumonia_j12_j18,1
2024,5,0-9,F,circulatorio,cardiomiopatia_i42_i43,4
2024,5,0-9,F,circulatorio,cardiopatia_mal_definida_i51,3
2024,5,0-9,F,circulatorio,cerebrovascular_i60_i69,6
2024,5,0-9,F,circulatorio,circulatorio_outras,8
2024,5,0-9,F,circulatorio,embolia_pulmonar_i26,1
2024,5,0-9,F,circulatorio,infarto_agudo_i21_i22,1
2024,5,0-9,F,circulatorio,miocardite_i40_i41,2
2024,5,0-9,F,circulatorio,parada_arritmia_i46_i49,1
2024,5,0-9,F,covid,"",2
2024,5,0-9,F,digestivo,"",23
2024,5,0-9,F,endocrino_diabetes,"",22
2024,5,0-9,F,endocrino_diabetes,diabetes_e10_e14,3
2024,5,0-9,F,externas,"",83
2024,5,0-9,F,geniturinario,"",11
2024,5,0-9,F,infecciosas,"",46
2024,5,0-9,F,infecciosas,sepse_a40_a41,21
2024,5,0-9,F,mal_definidas,"",47
2024,5,0-9,F,neoplasias,cancer_hematologico_c81_c96,21
2024,5,0-9,F,neoplasias,cancer_outros_c00_c97,19
2024,5,0-9,F,neoplasias,neoplasia_in_situ_benigna_d00_d48,1
2024,5,0-9,F,neuro_mentais,"",59
2024,5,0-9,F,outras,"",984
2024,5,0-9,F,respiratorio,"",102
2024,5,0-9,F,respiratorio,pneumonia_j12_j18,104
2024,5,0-9,I,outras,"",16
2024,5,0-9,M,circulatorio,cardiomiopatia_i42_i43,6
2024,5,0-9,M,circulatorio,cardiopatia_mal_definida_i51,2
2024,5,0-9,M,circulatorio,cerebrovascular_i60_i69,10
2024,5,0-9,M,circulatorio,circulatorio_outras,6
2024,5,0-9,M,circulatorio,embolia_pulmonar_i26,3
2024,5,0-9,M,circulatorio,infarto_agudo_i21_i22,2
2024,5,0-9,M,circulatorio,insuf_cardiaca_i50,2
2024,5,0-9,M,circulatorio,isquemica_outras_i20_i25,3
2024,5,0-9,M,circulatorio,parada_arritmia_i46_i49,2
2024,5,0-9,M,covid,"",4
2024,5,0-9,M,digestivo,"",34
2024,5,0-9,M,endocrino_diabetes,"",25
2024,5,0-9,M,endocrino_diabetes,diabetes_e10_e14,1
2024,5,0-9,M,externas,"",152
2024,5,0-9,M,geniturinario,"",12
2024,5,0-9,M,infecciosas,"",82
2024,5,0-9,M,infecciosas,sepse_a40_a41,28
2024,5,0-9,M,mal_definidas,"",77
2024,5,0-9,M,neoplasias,cancer_hematologico_c81_c96,20
2024,5,0-9,M,neoplasias,cancer_outros_c00_c97,31
2024,5,0-9,M,neoplasias,cancer_pulmao_c34,1
2024,5,0-9,M,neoplasias,neoplasia_in_situ_benigna_d00_d48,4
2024,5,0-9,M,neuro_mentais,"",84
2024,5,0-9,M,outras,"",1223
2024,5,0-9,M,respiratorio,"",142
2024,5,0-9,M,respiratorio,pneumonia_j12_j18,119
2024,5,10-19,F,circulatorio,cardiomiopatia_i42_i43,5
2024,5,10-19,F,circulatorio,cardiopatia_mal_definida_i51,1
2024,5,10-19,F,circulatorio,cerebrovascular_i60_i69,10
2024,5,10-19,F,circulatorio,circulatorio_outras,2
2024,5,10-19,F,circulatorio,infarto_agudo_i21_i22,1
2024,5,10-19,F,circulatorio,insuf_cardiaca_i50,4
2024,5,10-19,F,circulatorio,miocardite_i40_i41,1
2024,5,10-19,F,circulatorio,parada_arritmia_i46_i49,2
2024,5,10-19,F,circulatorio,trombose_venosa_i80_i82,3
2024,5,10-19,F,covid,"",1
2024,5,10-19,F,digestivo,"",17
2024,5,10-19,F,endocrino_diabetes,"",8
2024,5,10-19,F,endocrino_diabetes,diabetes_e10_e14,7
2024,5,10-19,F,externas,"",126
2024,5,10-19,F,geniturinario,"",12
2024,5,10-19,F,infecciosas,"",27
2024,5,10-19,F,infecciosas,sepse_a40_a41,7
2024,5,10-19,F,mal_definidas,"",15
2024,5,10-19,F,neoplasias,cancer_hematologico_c81_c96,12
2024,5,10-19,F,neoplasias,cancer_outros_c00_c97,23
2024,5,10-19,F,neoplasias,neoplasia_in_situ_benigna_d00_d48,5
2024,5,10-19,F,neuro_mentais,"",52
2024,5,10-19,F,outras,"",56
2024,5,10-19,F,respiratorio,"",21
2024,5,10-19,F,respiratorio,pneumonia_j12_j18,28
2024,5,10-19,M,circulatorio,cardiomiopatia_i42_i43,7
2024,5,10-19,M,circulatorio,cardiopatia_mal_definida_i51,2
2024,5,10-19,M,circulatorio,cerebrovascular_i60_i69,10
2024,5,10-19,M,circulatorio,circulatorio_outras,5
2024,5,10-19,M,circulatorio,embolia_pulmonar_i26,3
2024,5,10-19,M,circulatorio,hipertensao_i10,1
2024,5,10-19,M,circulatorio,isquemica_outras_i20_i25,1
2024,5,10-19,M,circulatorio,parada_arritmia_i46_i49,4
2024,5,10-19,M,covid,"",2
2024,5,10-19,M,digestivo,"",15
2024,5,10-19,M,endocrino_diabetes,"",7
2024,5,10-19,M,endocrino_diabetes,diabetes_e10_e14,10
2024,5,10-19,M,externas,"",704
2024,5,10-19,M,geniturinario,"",5
2024,5,10-19,M,infecciosas,"",44
2024,5,10-19,M,infecciosas,sepse_a40_a41,9
2024,5,10-19,M,mal_definidas,"",44
2024,5,10-19,M,neoplasias,cancer_colorretal_c18_c21,2
2024,5,10-19,M,neoplasias,cancer_estomago_c16,1
2024,5,10-19,M,neoplasias,cancer_hematologico_c81_c96,26
2024,5,10-19,M,neoplasias,cancer_outros_c00_c97,28
2024,5,10-19,M,neoplasias,cancer_pulmao_c34,2
2024,5,10-19,M,neoplasias,neoplasia_in_situ_benigna_d00_d48,7
2024,5,10-19,M,neuro_mentais,"",72
2024,5,10-19,M,outras,"",51
2024,5,10-19,M,respiratorio,"",20
2024,5,10-19,M,respiratorio,pneumonia_j12_j18,28
2024,5,20-29,F,circulatorio,cardiomiopatia_i42_i43,8
2024,5,20-29,F,circulatorio,cardiopatia_mal_definida_i51,1
2024,5,20-29,F,circulatorio,cerebrovascular_i60_i69,19
2024,5,20-29,F,circulatorio,circulatorio_outras,16
2024,5,20-29,F,circulatorio,embolia_pulmonar_i26,12
2024,5,20-29,F,circulatorio,hipertensao_i10,1
2024,5,20-29,F,circulatorio,infarto_agudo_i21_i22,10
2024,5,20-29,F,circulatorio,insuf_cardiaca_i50,6
2024,5,20-29,F,circulatorio,isquemica_outras_i20_i25,3
2024,5,20-29,F,circulatorio,parada_arritmia_i46_i49,1
2024,5,20-29,F,circulatorio,trombose_venosa_i80_i82,2
2024,5,20-29,F,covid,"",1
2024,5,20-29,F,digestivo,"",37
2024,5,20-29,F,endocrino_diabetes,"",17
2024,5,20-29,F,endocrino_diabetes,diabetes_e10_e14,20
2024,5,20-29,F,externas,"",288
2024,5,20-29,F,geniturinario,"",37
2024,5,20-29,F,infecciosas,"",77
2024,5,20-29,F,infecciosas,sepse_a40_a41,15
2024,5,20-29,F,mal_definidas,"",62
2024,5,20-29,F,neoplasias,cancer_colorretal_c18_c21,5
2024,5,20-29,F,neoplasias,cancer_hematologico_c81_c96,8
2024,5,20-29,F,neoplasias,cancer_mama_c50,14
2024,5,20-29,F,neoplasias,cancer_outros_c00_c97,59
2024,5,20-29,F,neoplasias,cancer_pancreas_c25,1
2024,5,20-29,F,neoplasias,cancer_pulmao_c34,2
2024,5,20-29,F,neoplasias,neoplasia_in_situ_benigna_d00_d48,3
2024,5,20-29,F,neuro_mentais,"",53
2024,5,20-29,F,outras,"",104
2024,5,20-29,F,respiratorio,"",40
2024,5,20-29,F,respiratorio,pneumonia_j12_j18,32
2024,5,20-29,I,externas,"",1
2024,5,20-29,M,circulatorio,cardiomiopatia_i42_i43,12
2024,5,20-29,M,circulatorio,cardiopatia_mal_definida_i51,5
2024,5,20-29,M,circulatorio,cerebrovascular_i60_i69,30
2024,5,20-29,M,circulatorio,circulatorio_outras,17
2024,5,20-29,M,circulatorio,embolia_pulmonar_i26,17
2024,5,20-29,M,circulatorio,hipertensao_i10,1
2024,5,20-29,M,circulatorio,infarto_agudo_i21_i22,40
2024,5,20-29,M,circulatorio,insuf_cardiaca_i50,5
2024,5,20-29,M,circulatorio,isquemica_outras_i20_i25,10
2024,5,20-29,M,circulatorio,miocardite_i40_i41,2
2024,5,20-29,M,circulatorio,parada_arritmia_i46_i49,9
2024,5,20-29,M,circulatorio,trombose_venosa_i80_i82,6
2024,5,20-29,M,covid,"",1
2024,5,20-29,M,digestivo,"",45
2024,5,20-29,M,endocrino_diabetes,"",19
2024,5,20-29,M,endocrino_diabetes,diabetes_e10_e14,22
2024,5,20-29,M,externas,"",2295
2024,5,20-29,M,geniturinario,"",29
2024,5,20-29,M,infecciosas,"",143
2024,5,20-29,M,infecciosas,sepse_a40_a41,22
2024,5,20-29,M,mal_definidas,"",158
2024,5,20-29,M,neoplasias,cancer_colorretal_c18_c21,4
2024,5,20-29,M,neoplasias,cancer_estomago_c16,3
2024,5,20-29,M,neoplasias,cancer_hematologico_c81_c96,31
2024,5,20-29,M,neoplasias,cancer_outros_c00_c97,55
2024,5,20-29,M,neoplasias,cancer_prostata_c61,1
2024,5,20-29,M,neoplasias,cancer_pulmao_c34,6
2024,5,20-29,M,neoplasias,neoplasia_in_situ_benigna_d00_d48,4
2024,5,20-29,M,neuro_mentais,"",104
2024,5,20-29,M,outras,"",55
2024,5,20-29,M,respiratorio,"",48
2024,5,20-29,M,respiratorio,pneumonia_j12_j18,64
2024,5,30-39,F,circulatorio,cardiomiopatia_i42_i43,15
2024,5,30-39,F,circulatorio,cardiopatia_mal_definida_i51,5
2024,5,30-39,F,circulatorio,cerebrovascular_i60_i69,80
2024,5,30-39,F,circulatorio,circulatorio_outras,37
2024,5,30-39,F,circulatorio,embolia_pulmonar_i26,21
2024,5,30-39,F,circulatorio,hipertensao_i10,18
2024,5,30-39,F,circulatorio,infarto_agudo_i21_i22,45
2024,5,30-39,F,circulatorio,insuf_cardiaca_i50,17
2024,5,30-39,F,circulatorio,isquemica_outras_i20_i25,9
2024,5,30-39,F,circulatorio,miocardite_i40_i41,1
2024,5,30-39,F,circulatorio,parada_arritmia_i46_i49,5
2024,5,30-39,F,circulatorio,trombose_venosa_i80_i82,7
2024,5,30-39,F,covid,"",2
2024,5,30-39,F,digestivo,"",73
2024,5,30-39,F,endocrino_diabetes,"",30
2024,5,30-39,F,endocrino_diabetes,diabetes_e10_e14,28
2024,5,30-39,F,externas,"",284
2024,5,30-39,F,geniturinario,"",41
2024,5,30-39,F,infecciosas,"",140
2024,5,30-39,F,infecciosas,sepse_a40_a41,23
2024,5,30-39,F,mal_definidas,"",91
2024,5,30-39,F,neoplasias,cancer_colorretal_c18_c21,27
2024,5,30-39,F,neoplasias,cancer_estomago_c16,22
2024,5,30-39,F,neoplasias,cancer_hematologico_c81_c96,33
2024,5,30-39,F,neoplasias,cancer_mama_c50,112
2024,5,30-39,F,neoplasias,cancer_outros_c00_c97,175
2024,5,30-39,F,neoplasias,cancer_pancreas_c25,6
2024,5,30-39,F,neoplasias,cancer_pulmao_c34,12
2024,5,30-39,F,neoplasias,neoplasia_in_situ_benigna_d00_d48,6
2024,5,30-39,F,neuro_mentais,"",81
2024,5,30-39,F,outras,"",113
2024,5,30-39,F,respiratorio,"",49
2024,5,30-39,F,respiratorio,pneumonia_j12_j18,79
2024,5,30-39,M,circulatorio,cardiomiopatia_i42_i43,44
2024,5,30-39,M,circulatorio,cardiopatia_mal_definida_i51,7
2024,5,30-39,M,circulatorio,cerebrovascular_i60_i69,78
2024,5,30-39,M,circulatorio,circulatorio_outras,60
2024,5,30-39,M,circulatorio,embolia_pulmonar_i26,24
2024,5,30-39,M,circulatorio,hipertensao_i10,11
2024,5,30-39,M,circulatorio,infarto_agudo_i21_i22,113
2024,5,30-39,M,circulatorio,insuf_cardiaca_i50,30
2024,5,30-39,M,circulatorio,isquemica_outras_i20_i25,13
2024,5,30-39,M,circulatorio,miocardite_i40_i41,2
2024,5,30-39,M,circulatorio,parada_arritmia_i46_i49,14
2024,5,30-39,M,circulatorio,trombose_venosa_i80_i82,2
2024,5,30-39,M,covid,"",1
2024,5,30-39,M,digestivo,"",210
2024,5,30-39,M,endocrino_diabetes,"",38
2024,5,30-39,M,endocrino_diabetes,diabetes_e10_e14,59
2024,5,30-39,M,externas,"",1835
2024,5,30-39,M,geniturinario,"",49
2024,5,30-39,M,infecciosas,"",257
2024,5,30-39,M,infecciosas,sepse_a40_a41,22
2024,5,30-39,M,mal_definidas,"",282
2024,5,30-39,M,neoplasias,cancer_colorretal_c18_c21,21
2024,5,30-39,M,neoplasias,cancer_estomago_c16,14
2024,5,30-39,M,neoplasias,cancer_hematologico_c81_c96,25
2024,5,30-39,M,neoplasias,cancer_mama_c50,2
2024,5,30-39,M,neoplasias,cancer_outros_c00_c97,107
2024,5,30-39,M,neoplasias,cancer_pancreas_c25,11
2024,5,30-39,M,neoplasias,cancer_prostata_c61,1
2024,5,30-39,M,neoplasias,cancer_pulmao_c34,13
2024,5,30-39,M,neoplasias,neoplasia_in_situ_benigna_d00_d48,10
2024,5,30-39,M,neuro_mentais,"",157
2024,5,30-39,M,outras,"",53
2024,5,30-39,M,respiratorio,"",90
2024,5,30-39,M,respiratorio,pneumonia_j12_j18,109
2024,5,40-49,F,circulatorio,cardiomiopatia_i42_i43,28
2024,5,40-49,F,circulatorio,cardiopatia_mal_definida_i51,4
2024,5,40-49,F,circulatorio,cerebrovascular_i60_i69,214
2024,5,40-49,F,circulatorio,circulatorio_outras,109
2024,5,40-49,F,circulatorio,embolia_pulmonar_i26,54
2024,5,40-49,F,circulatorio,hipertensao_i10,40
2024,5,40-49,F,circulatorio,infarto_agudo_i21_i22,164
2024,5,40-49,F,circulatorio,insuf_cardiaca_i50,34
2024,5,40-49,F,circulatorio,isquemica_outras_i20_i25,32
2024,5,40-49,F,circulatorio,miocardite_i40_i41,2
2024,5,40-49,F,circulatorio,parada_arritmia_i46_i49,13
2024,5,40-49,F,circulatorio,trombose_venosa_i80_i82,17
2024,5,40-49,F,covid,"",5
2024,5,40-49,F,digestivo,"",199
2024,5,40-49,F,endocrino_diabetes,"",70
2024,5,40-49,F,endocrino_diabetes,diabetes_e10_e14,142
2024,5,40-49,F,externas,"",280
2024,5,40-49,F,geniturinario,"",80
2024,5,40-49,F,infecciosas,"",209
2024,5,40-49,F,infecciosas,sepse_a40_a41,41
2024,5,40-49,F,mal_definidas,"",174
2024,5,40-49,F,neoplasias,cancer_colorretal_c18_c21,68
2024,5,40-49,F,neoplasias,cancer_estomago_c16,25
2024,5,40-49,F,neoplasias,cancer_hematologico_c81_c96,43
2024,5,40-49,F,neoplasias,cancer_mama_c50,298
2024,5,40-49,F,neoplasias,cancer_outros_c00_c97,404
2024,5,40-49,F,neoplasias,cancer_pancreas_c25,27
2024,5,40-49,F,neoplasias,cancer_pulmao_c34,49
2024,5,40-49,F,neoplasias,neoplasia_in_situ_benigna_d00_d48,19
2024,5,40-49,F,neuro_mentais,"",88
2024,5,40-49,F,neuro_mentais,alzheimer_g30,1
2024,5,40-49,F,outras,"",105
2024,5,40-49,F,respiratorio,"",117
2024,5,40-49,F,respiratorio,pneumonia_j12_j18,135
2024,5,40-49,I,circulatorio,hipertensao_i10,1
2024,5,40-49,I,externas,"",1
2024,5,40-49,M,circulatorio,cardiomiopatia_i42_i43,64
2024,5,40-49,M,circulatorio,cardiopatia_mal_definida_i51,20
2024,5,40-49,M,circulatorio,cerebrovascular_i60_i69,231
2024,5,40-49,M,circulatorio,circulatorio_outras,132
2024,5,40-49,M,circulatorio,embolia_pulmonar_i26,44
2024,5,40-49,M,circulatorio,hipertensao_i10,60
2024,5,40-49,M,circulatorio,infarto_agudo_i21_i22,384
2024,5,40-49,M,circulatorio,insuf_cardiaca_i50,61
2024,5,40-49,M,circulatorio,isquemica_outras_i20_i25,64
2024,5,40-49,M,circulatorio,miocardite_i40_i41,3
2024,5,40-49,M,circulatorio,parada_arritmia_i46_i49,30
2024,5,40-49,M,circulatorio,trombose_venosa_i80_i82,10
2024,5,40-49,M,covid,"",3
2024,5,40-49,M,digestivo,"",494
2024,5,40-49,M,endocrino_diabetes,"",76
2024,5,40-49,M,endocrino_diabetes,diabetes_e10_e14,156
2024,5,40-49,M,externas,"",1626
2024,5,40-49,M,geniturinario,"",101
2024,5,40-49,M,infecciosas,"",335
2024,5,40-49,M,infecciosas,sepse_a40_a41,69
2024,5,40-49,M,mal_definidas,"",454
2024,5,40-49,M,neoplasias,cancer_colorretal_c18_c21,75
2024,5,40-49,M,neoplasias,cancer_estomago_c16,46
2024,5,40-49,M,neoplasias,cancer_hematologico_c81_c96,52
2024,5,40-49,M,neoplasias,cancer_mama_c50,2
2024,5,40-49,M,neoplasias,cancer_outros_c00_c97,327
2024,5,40-49,M,neoplasias,cancer_pancreas_c25,40
2024,5,40-49,M,neoplasias,cancer_prostata_c61,7
2024,5,40-49,M,neoplasias,cancer_pulmao_c34,34
2024,5,40-49,M,neoplasias,neoplasia_in_situ_benigna_d00_d48,10
2024,5,40-49,M,neuro_mentais,"",310
2024,5,40-49,M,neuro_mentais,alzheimer_g30,1
2024,5,40-49,M,outras,"",93
2024,5,40-49,M,respiratorio,"",174
2024,5,40-49,M,respiratorio,pneumonia_j12_j18,232
2024,5,50-59,F,circulatorio,cardiomiopatia_i42_i43,42
2024,5,50-59,F,circulatorio,cardiopatia_mal_definida_i51,18
2024,5,50-59,F,circulatorio,cerebrovascular_i60_i69,364
2024,5,50-59,F,circulatorio,circulatorio_outras,230
2024,5,50-59,F,circulatorio,embolia_pulmonar_i26,48
2024,5,50-59,F,circulatorio,hipertensao_i10,110
2024,5,50-59,F,circulatorio,infarto_agudo_i21_i22,343
2024,5,50-59,F,circulatorio,insuf_cardiaca_i50,85
2024,5,50-59,F,circulatorio,isquemica_outras_i20_i25,71
2024,5,50-59,F,circulatorio,miocardite_i40_i41,1
2024,5,50-59,F,circulatorio,parada_arritmia_i46_i49,30
2024,5,50-59,F,circulatorio,trombose_venosa_i80_i82,10
2024,5,50-59,F,covid,"",1
2024,5,50-59,F,digestivo,"",302
2024,5,50-59,F,endocrino_diabetes,"",93
2024,5,50-59,F,endocrino_diabetes,diabetes_e10_e14,293
2024,5,50-59,F,externas,"",216
2024,5,50-59,F,geniturinario,"",181
2024,5,50-59,F,infecciosas,"",239
2024,5,50-59,F,infecciosas,sepse_a40_a41,102
2024,5,50-59,F,mal_definidas,"",225
2024,5,50-59,F,neoplasias,cancer_colorretal_c18_c21,160
2024,5,50-59,F,neoplasias,cancer_estomago_c16,70
2024,5,50-59,F,neoplasias,cancer_hematologico_c81_c96,110
2024,5,50-59,F,neoplasias,cancer_mama_c50,387
2024,5,50-59,F,neoplasias,cancer_outros_c00_c97,745
2024,5,50-59,F,neoplasias,cancer_pancreas_c25,67
2024,5,50-59,F,neoplasias,cancer_pulmao_c34,170
2024,5,50-59,F,neoplasias,neoplasia_in_situ_benigna_d00_d48,40
2024,5,50-59,F,neuro_mentais,"",163
2024,5,50-59,F,neuro_mentais,alzheimer_g30,5
2024,5,50-59,F,outras,"",139
2024,5,50-59,F,respiratorio,"",295
2024,5,50-59,F,respiratorio,pneumonia_j12_j18,255
2024,5,50-59,I,circulatorio,embolia_pulmonar_i26,1
2024,5,50-59,I,endocrino_diabetes,diabetes_e10_e14,1
2024,5,50-59,I,neoplasias,cancer_pulmao_c34,2
2024,5,50-59,M,circulatorio,cardiomiopatia_i42_i43,98
2024,5,50-59,M,circulatorio,cardiopatia_mal_definida_i51,32
2024,5,50-59,M,circulatorio,cerebrovascular_i60_i69,532
2024,5,50-59,M,circulatorio,circulatorio_outras,331
2024,5,50-59,M,circulatorio,embolia_pulmonar_i26,70
2024,5,50-59,M,circulatorio,hipertensao_i10,146
2024,5,50-59,M,circulatorio,infarto_agudo_i21_i22,820
2024,5,50-59,M,circulatorio,insuf_cardiaca_i50,142
2024,5,50-59,M,circulatorio,isquemica_outras_i20_i25,151
2024,5,50-59,M,circulatorio,miocardite_i40_i41,1
2024,5,50-59,M,circulatorio,parada_arritmia_i46_i49,66
2024,5,50-59,M,circulatorio,trombose_venosa_i80_i82,14
2024,5,50-59,M,covid,"",3
2024,5,50-59,M,digestivo,"",770
2024,5,50-59,M,endocrino_diabetes,"",80
2024,5,50-59,M,endocrino_diabetes,diabetes_e10_e14,378
2024,5,50-59,M,externas,"",1150
2024,5,50-59,M,geniturinario,"",222
2024,5,50-59,M,infecciosas,"",401
2024,5,50-59,M,infecciosas,sepse_a40_a41,114
2024,5,50-59,M,mal_definidas,"",565
2024,5,50-59,M,neoplasias,cancer_colorretal_c18_c21,170
2024,5,50-59,M,neoplasias,cancer_estomago_c16,120
2024,5,50-59,M,neoplasias,cancer_hematologico_c81_c96,107
2024,5,50-59,M,neoplasias,cancer_mama_c50,5
2024,5,50-59,M,neoplasias,cancer_outros_c00_c97,868
2024,5,50-59,M,neoplasias,cancer_pancreas_c25,83
2024,5,50-59,M,neoplasias,cancer_prostata_c61,51
2024,5,50-59,M,neoplasias,cancer_pulmao_c34,139
2024,5,50-59,M,neoplasias,neoplasia_in_situ_benigna_d00_d48,27
2024,5,50-59,M,neuro_mentais,"",418
2024,5,50-59,M,neuro_mentais,alzheimer_g30,7
2024,5,50-59,M,outras,"",156
2024,5,50-59,M,respiratorio,"",341
2024,5,50-59,M,respiratorio,pneumonia_j12_j18,407
2024,5,60-69,F,circulatorio,cardiomiopatia_i42_i43,65
2024,5,60-69,F,circulatorio,cardiopatia_mal_definida_i51,28
2024,5,60-69,F,circulatorio,cerebrovascular_i60_i69,688
2024,5,60-69,F,circulatorio,circulatorio_outras,439
2024,5,60-69,F,circulatorio,embolia_pulmonar_i26,79
2024,5,60-69,F,circulatorio,hipertensao_i10,208
2024,5,60-69,F,circulatorio,infarto_agudo_i21_i22,717
2024,5,60-69,F,circulatorio,insuf_cardiaca_i50,190
2024,5,60-69,F,circulatorio,isquemica_outras_i20_i25,178
2024,5,60-69,F,circulatorio,miocardite_i40_i41,1
2024,5,60-69,F,circulatorio,parada_arritmia_i46_i49,71
2024,5,60-69,F,circulatorio,trombose_venosa_i80_i82,21
2024,5,60-69,F,covid,"",5
2024,5,60-69,F,digestivo,"",512
2024,5,60-69,F,endocrino_diabetes,"",124
2024,5,60-69,F,endocrino_diabetes,diabetes_e10_e14,637
2024,5,60-69,F,externas,"",288
2024,5,60-69,F,geniturinario,"",365
2024,5,60-69,F,infecciosas,"",299
2024,5,60-69,F,infecciosas,sepse_a40_a41,169
2024,5,60-69,F,mal_definidas,"",380
2024,5,60-69,F,neoplasias,cancer_colorretal_c18_c21,274
2024,5,60-69,F,neoplasias,cancer_estomago_c16,97
2024,5,60-69,F,neoplasias,cancer_hematologico_c81_c96,152
2024,5,60-69,F,neoplasias,cancer_mama_c50,376
2024,5,60-69,F,neoplasias,cancer_outros_c00_c97,1184
2024,5,60-69,F,neoplasias,cancer_pancreas_c25,155
2024,5,60-69,F,neoplasias,cancer_pulmao_c34,444
2024,5,60-69,F,neoplasias,neoplasia_in_situ_benigna_d00_d48,58
2024,5,60-69,F,neuro_mentais,"",180
2024,5,60-69,F,neuro_mentais,alzheimer_g30,42
2024,5,60-69,F,outras,"",207
2024,5,60-69,F,respiratorio,"",760
2024,5,60-69,F,respiratorio,pneumonia_j12_j18,571
2024,5,60-69,I,circulatorio,cerebrovascular_i60_i69,1
2024,5,60-69,M,circulatorio,cardiomiopatia_i42_i43,150
2024,5,60-69,M,circulatorio,cardiopatia_mal_definida_i51,41
2024,5,60-69,M,circulatorio,cerebrovascular_i60_i69,1003
2024,5,60-69,M,circulatorio,circulatorio_outras,577
2024,5,60-69,M,circulatorio,embolia_pulmonar_i26,81
2024,5,60-69,M,circulatorio,hipertensao_i10,300
2024,5,60-69,M,circulatorio,infarto_agudo_i21_i22,1270
2024,5,60-69,M,circulatorio,insuf_cardiaca_i50,288
2024,5,60-69,M,circulatorio,isquemica_outras_i20_i25,318
2024,5,60-69,M,circulatorio,miocardite_i40_i41,2
2024,5,60-69,M,circulatorio,parada_arritmia_i46_i49,110
2024,5,60-69,M,circulatorio,trombose_venosa_i80_i82,22
2024,5,60-69,M,covid,"",17
2024,5,60-69,M,digestivo,"",961
2024,5,60-69,M,endocrino_diabetes,"",132
2024,5,60-69,M,endocrino_diabetes,diabetes_e10_e14,789
2024,5,60-69,M,externas,"",956
2024,5,60-69,M,geniturinario,"",461
2024,5,60-69,M,infecciosas,"",497
2024,5,60-69,M,infecciosas,sepse_a40_a41,251
2024,5,60-69,M,mal_definidas,"",727
2024,5,60-69,M,neoplasias,cancer_colorretal_c18_c21,320
2024,5,60-69,M,neoplasias,cancer_estomago_c16,249
2024,5,60-69,M,neoplasias,cancer_hematologico_c81_c96,189
2024,5,60-69,M,neoplasias,cancer_mama_c50,8
2024,5,60-69,M,neoplasias,cancer_outros_c00_c97,1458
2024,5,60-69,M,neoplasias,cancer_pancreas_c25,173
2024,5,60-69,M,neoplasias,cancer_prostata_c61,236
2024,5,60-69,M,neoplasias,cancer_pulmao_c34,409
2024,5,60-69,M,neoplasias,neoplasia_in_situ_benigna_d00_d48,53
2024,5,60-69,M,neuro_mentais,"",445
2024,5,60-69,M,neuro_mentais,alzheimer_g30,44
2024,5,60-69,M,outras,"",209
2024,5,60-69,M,respiratorio,"",886
2024,5,60-69,M,respiratorio,pneumonia_j12_j18,715
2024,5,70-79,F,circulatorio,cardiomiopatia_i42_i43,91
2024,5,70-79,F,circulatorio,cardiopatia_mal_definida_i51,47
2024,5,70-79,F,circulatorio,cerebrovascular_i60_i69,1176
2024,5,70-79,F,circulatorio,circulatorio_outras,619
2024,5,70-79,F,circulatorio,embolia_pulmonar_i26,120
2024,5,70-79,F,circulatorio,hipertensao_i10,335
2024,5,70-79,F,circulatorio,infarto_agudo_i21_i22,926
2024,5,70-79,F,circulatorio,insuf_cardiaca_i50,348
2024,5,70-79,F,circulatorio,isquemica_outras_i20_i25,276
2024,5,70-79,F,circulatorio,miocardite_i40_i41,2
2024,5,70-79,F,circulatorio,parada_arritmia_i46_i49,151
2024,5,70-79,F,circulatorio,trombose_venosa_i80_i82,27
2024,5,70-79,F,covid,"",19
2024,5,70-79,F,digestivo,"",760
2024,5,70-79,F,endocrino_diabetes,"",153
2024,5,70-79,F,endocrino_diabetes,diabetes_e10_e14,886
2024,5,70-79,F,externas,"",405
2024,5,70-79,F,geniturinario,"",635
2024,5,70-79,F,infecciosas,"",402
2024,5,70-79,F,infecciosas,sepse_a40_a41,291
2024,5,70-79,F,mal_definidas,"",521
2024,5,70-79,F,neoplasias,cancer_colorretal_c18_c21,260
2024,5,70-79,F,neoplasias,cancer_estomago_c16,116
2024,5,70-79,F,neoplasias,cancer_hematologico_c81_c96,175
2024,5,70-79,F,neoplasias,cancer_mama_c50,331
2024,5,70-79,F,neoplasias,cancer_outros_c00_c97,1113
2024,5,70-79,F,neoplasias,cancer_pancreas_c25,179
2024,5,70-79,F,neoplasias,cancer_prostata_c61,1
2024,5,70-79,F,neoplasias,cancer_pulmao_c34,371
2024,5,70-79,F,neoplasias,neoplasia_in_situ_benigna_d00_d48,78
2024,5,70-79,F,neuro_mentais,"",317
2024,5,70-79,F,neuro_mentais,alzheimer_g30,291
2024,5,70-79,F,outras,"",285
2024,5,70-79,F,respiratorio,"",1202
2024,5,70-79,F,respiratorio,pneumonia_j12_j18,1070
2024,5,70-79,I,externas,"",1
2024,5,70-79,I,outras,"",1
2024,5,70-79,M,circulatorio,cardiomiopatia_i42_i43,118
2024,5,70-79,M,circulatorio,cardiopatia_mal_definida_i51,51
2024,5,70-79,M,circulatorio,cerebrovascular_i60_i69,1396
2024,5,70-79,M,circulatorio,circulatorio_outras,694
2024,5,70-79,M,circulatorio,embolia_pulmonar_i26,94
2024,5,70-79,M,circulatorio,hipertensao_i10,342
2024,5,70-79,M,circulatorio,infarto_agudo_i21_i22,1296
2024,5,70-79,M,circulatorio,insuf_cardiaca_i50,359
2024,5,70-79,M,circulatorio,isquemica_outras_i20_i25,364
2024,5,70-79,M,circulatorio,miocardite_i40_i41,1
2024,5,70-79,M,circulatorio,parada_arritmia_i46_i49,148
2024,5,70-79,M,circulatorio,trombose_venosa_i80_i82,22
2024,5,70-79,M,covid,"",22
2024,5,70-79,M,digestivo,"",937
2024,5,70-79,M,endocrino_diabetes,"",154
2024,5,70-79,M,endocrino_diabetes,diabetes_e10_e14,813
2024,5,70-79,M,externas,"",698
2024,5,70-79,M,geniturinario,"",689
2024,5,70-79,M,infecciosas,"",478
2024,5,70-79,M,infecciosas,sepse_a40_a41,300
2024,5,70-79,M,mal_definidas,"",792
2024,5,70-79,M,neoplasias,cancer_colorretal_c18_c21,315
2024,5,70-79,M,neoplasias,cancer_estomago_c16,237
2024,5,70-79,M,neoplasias,cancer_hematologico_c81_c96,215
2024,5,70-79,M,neoplasias,cancer_mama_c50,4
2024,5,70-79,M,neoplasias,cancer_outros_c00_c97,1301
2024,5,70-79,M,neoplasias,cancer_pancreas_c25,194
2024,5,70-79,M,neoplasias,cancer_prostata_c61,532
2024,5,70-79,M,neoplasias,cancer_pulmao_c34,454
2024,5,70-79,M,neoplasias,neoplasia_in_situ_benigna_d00_d48,78
2024,5,70-79,M,neuro_mentais,"",420
2024,5,70-79,M,neuro_mentais,alzheimer_g30,237
2024,5,70-79,M,outras,"",270
2024,5,70-79,M,respiratorio,"",1278
2024,5,70-79,M,respiratorio,pneumonia_j12_j18,1148
2024,5,80+,F,circulatorio,cardiomiopatia_i42_i43,133
2024,5,80+,F,circulatorio,cardiopatia_mal_definida_i51,84
2024,5,80+,F,circulatorio,cerebrovascular_i60_i69,1923
2024,5,80+,F,circulatorio,circulatorio_outras,1205
2024,5,80+,F,circulatorio,embolia_pulmonar_i26,206
2024,5,80+,F,circulatorio,hipertensao_i10,833
2024,5,80+,F,circulatorio,infarto_agudo_i21_i22,1162
2024,5,80+,F,circulatorio,insuf_cardiaca_i50,837
2024,5,80+,F,circulatorio,isquemica_outras_i20_i25,387
2024,5,80+,F,circulatorio,miocardite_i40_i41,1
2024,5,80+,F,circulatorio,parada_arritmia_i46_i49,343
2024,5,80+,F,circulatorio,trombose_venosa_i80_i82,49
2024,5,80+,F,covid,"",32
2024,5,80+,F,digestivo,"",1036
2024,5,80+,F,endocrino_diabetes,"",339
2024,5,80+,F,endocrino_diabetes,diabetes_e10_e14,1261
2024,5,80+,F,externas,"",937
2024,5,80+,F,geniturinario,"",1609
2024,5,80+,F,infecciosas,"",658
2024,5,80+,F,infecciosas,sepse_a40_a41,560
2024,5,80+,F,mal_definidas,"",1324
2024,5,80+,F,neoplasias,cancer_colorretal_c18_c21,275
2024,5,80+,F,neoplasias,cancer_estomago_c16,102
2024,5,80+,F,neoplasias,cancer_hematologico_c81_c96,180
2024,5,80+,F,neoplasias,cancer_mama_c50,289
2024,5,80+,F,neoplasias,cancer_outros_c00_c97,1010
2024,5,80+,F,neoplasias,cancer_pancreas_c25,162
2024,5,80+,F,neoplasias,cancer_pulmao_c34,270
2024,5,80+,F,neoplasias,neoplasia_in_situ_benigna_d00_d48,78
2024,5,80+,F,neuro_mentais,"",797
2024,5,80+,F,neuro_mentais,alzheimer_g30,1386
2024,5,80+,F,outras,"",515
2024,5,80+,F,respiratorio,"",2114
2024,5,80+,F,respiratorio,pneumonia_j12_j18,3051
2024,5,80+,I,circulatorio,cerebrovascular_i60_i69,1
2024,5,80+,M,circulatorio,cardiomiopatia_i42_i43,118
2024,5,80+,M,circulatorio,cardiopatia_mal_definida_i51,74
2024,5,80+,M,circulatorio,cerebrovascular_i60_i69,1406
2024,5,80+,M,circulatorio,circulatorio_outras,847
2024,5,80+,M,circulatorio,embolia_pulmonar_i26,98
2024,5,80+,M,circulatorio,hipertensao_i10,531
2024,5,80+,M,circulatorio,infarto_agudo_i21_i22,985
2024,5,80+,M,circulatorio,insuf_cardiaca_i50,543
2024,5,80+,M,circulatorio,isquemica_outras_i20_i25,354
2024,5,80+,M,circulatorio,parada_arritmia_i46_i49,200
2024,5,80+,M,circulatorio,trombose_venosa_i80_i82,19
2024,5,80+,M,covid,"",24
2024,5,80+,M,digestivo,"",801
2024,5,80+,M,endocrino_diabetes,"",220
2024,5,80+,M,endocrino_diabetes,diabetes_e10_e14,686
2024,5,80+,M,externas,"",720
2024,5,80+,M,geniturinario,"",1118
2024,5,80+,M,infecciosas,"",474
2024,5,80+,M,infecciosas,sepse_a40_a41,347
2024,5,80+,M,mal_definidas,"",970
2024,5,80+,M,neoplasias,cancer_colorretal_c18_c21,235
2024,5,80+,M,neoplasias,cancer_estomago_c16,142
2024,5,80+,M,neoplasias,cancer_hematologico_c81_c96,161
2024,5,80+,M,neoplasias,cancer_mama_c50,4
2024,5,80+,M,neoplasias,cancer_outros_c00_c97,864
2024,5,80+,M,neoplasias,cancer_pancreas_c25,97
2024,5,80+,M,neoplasias,cancer_prostata_c61,654
2024,5,80+,M,neoplasias,cancer_pulmao_c34,274
2024,5,80+,M,neoplasias,neoplasia_in_situ_benigna_d00_d48,71
2024,5,80+,M,neuro_mentais,"",535
2024,5,80+,M,neuro_mentais,alzheimer_g30,606
2024,5,80+,M,outras,"",318
2024,5,80+,M,respiratorio,"",1720
2024,5,80+,M,respiratorio,pneumonia_j12_j18,2052
2024,5,ignorada,F,circulatorio,cardiomiopatia_i42_i43,1
2024,5,ignorada,F,circulatorio,cerebrovascular_i60_i69,1
2024,5,ignorada,F,circulatorio,embolia_pulmonar_i26,1
2024,5,ignorada,F,circulatorio,infarto_agudo_i21_i22,1
2024,5,ignorada,F,externas,"",6
2024,5,ignorada,F,mal_definidas,"",3
2024,5,ignorada,I,endocrino_diabetes,"",1
2024,5,ignorada,I,externas,"",18
2024,5,ignorada,I,mal_definidas,"",12
2024,5,ignorada,I,neuro_mentais,"",1
2024,5,ignorada,M,circulatorio,cardiomiopatia_i42_i43,1
2024,5,ignorada,M,circulatorio,cerebrovascular_i60_i69,1
2024,5,ignorada,M,circulatorio,circulatorio_outras,2
2024,5,ignorada,M,circulatorio,embolia_pulmonar_i26,1
2024,5,ignorada,M,circulatorio,infarto_agudo_i21_i22,2
2024,5,ignorada,M,digestivo,"",5
2024,5,ignorada,M,externas,"",66
2024,5,ignorada,M,geniturinario,"",1
2024,5,ignorada,M,infecciosas,"",2
2024,5,ignorada,M,infecciosas,sepse_a40_a41,1
2024,5,ignorada,M,mal_definidas,"",35
2024,5,ignorada,M,neoplasias,cancer_pulmao_c34,1
2024,5,ignorada,M,respiratorio,"",2
2024,5,ignorada,M,respiratorio,pneumonia_j12_j18,7
2024,6,0-9,F,circulatorio,cardiomiopatia_i42_i43,6
2024,6,0-9,F,circulatorio,cardiopatia_mal_definida_i51,4
2024,6,0-9,F,circulatorio,cerebrovascular_i60_i69,3
2024,6,0-9,F,circulatorio,circulatorio_outras,2
2024,6,0-9,F,circulatorio,insuf_cardiaca_i50,4
2024,6,0-9,F,circulatorio,parada_arritmia_i46_i49,2
2024,6,0-9,F,covid,"",4
2024,6,0-9,F,digestivo,"",25
2024,6,0-9,F,endocrino_diabetes,"",15
2024,6,0-9,F,endocrino_diabetes,diabetes_e10_e14,2
2024,6,0-9,F,externas,"",99
2024,6,0-9,F,geniturinario,"",11
2024,6,0-9,F,infecciosas,"",52
2024,6,0-9,F,infecciosas,sepse_a40_a41,41
2024,6,0-9,F,mal_definidas,"",61
2024,6,0-9,F,neoplasias,cancer_hematologico_c81_c96,9
2024,6,0-9,F,neoplasias,cancer_outros_c00_c97,26
2024,6,0-9,F,neoplasias,cancer_pancreas_c25,1
2024,6,0-9,F,neoplasias,cancer_pulmao_c34,1
2024,6,0-9,F,neoplasias,neoplasia_in_situ_benigna_d00_d48,4
2024,6,0-9,F,neuro_mentais,"",59
2024,6,0-9,F,outras,"",885
2024,6,0-9,F,respiratorio,"",84
2024,6,0-9,F,respiratorio,pneumonia_j12_j18,79
2024,6,0-9,I,infecciosas,sepse_a40_a41,1
2024,6,0-9,I,outras,"",15
2024,6,0-9,M,circulatorio,cardiomiopatia_i42_i43,7
2024,6,0-9,M,circulatorio,cardiopatia_mal_definida_i51,1
2024,6,0-9,M,circulatorio,cerebrovascular_i60_i69,9
2024,6,0-9,M,circulatorio,circulatorio_outras,8
2024,6,0-9,M,circulatorio,infarto_agudo_i21_i22,4
2024,6,0-9,M,circulatorio,insuf_cardiaca_i50,2
2024,6,0-9,M,circulatorio,isquemica_outras_i20_i25,1
2024,6,0-9,M,circulatorio,miocardite_i40_i41,2
2024,6,0-9,M,circulatorio,parada_arritmia_i46_i49,1
2024,6,0-9,M,covid,"",7
2024,6,0-9,M,digestivo,"",25
2024,6,0-9,M,endocrino_diabetes,"",9
2024,6,0-9,M,endocrino_diabetes,diabetes_e10_e14,1
2024,6,0-9,M,externas,"",145
2024,6,0-9,M,geniturinario,"",13
2024,6,0-9,M,infecciosas,"",57
2024,6,0-9,M,infecciosas,sepse_a40_a41,32
2024,6,0-9,M,mal_definidas,"",81
2024,6,0-9,M,neoplasias,cancer_hematologico_c81_c96,19
2024,6,0-9,M,neoplasias,cancer_outros_c00_c97,27
2024,6,0-9,M,neoplasias,cancer_pulmao_c34,1
2024,6,0-9,M,neoplasias,neoplasia_in_situ_benigna_d00_d48,3
2024,6,0-9,M,neuro_mentais,"",68
2024,6,0-9,M,outras,"",1083
2024,6,0-9,M,respiratorio,"",98
2024,6,0-9,M,respiratorio,pneumonia_j12_j18,94
2024,6,10-19,F,circulatorio,cardiomiopatia_i42_i43,3
2024,6,10-19,F,circulatorio,cardiopatia_mal_definida_i51,2
2024,6,10-19,F,circulatorio,cerebrovascular_i60_i69,8
2024,6,10-19,F,circulatorio,circulatorio_outras,5
2024,6,10-19,F,circulatorio,embolia_pulmonar_i26,2
2024,6,10-19,F,circulatorio,infarto_agudo_i21_i22,2
2024,6,10-19,F,circulatorio,insuf_cardiaca_i50,1
2024,6,10-19,F,circulatorio,isquemica_outras_i20_i25,1
2024,6,10-19,F,circulatorio,parada_arritmia_i46_i49,1
2024,6,10-19,F,circulatorio,trombose_venosa_i80_i82,1
2024,6,10-19,F,digestivo,"",12
2024,6,10-19,F,endocrino_diabetes,"",6
2024,6,10-19,F,endocrino_diabetes,diabetes_e10_e14,9
2024,6,10-19,F,externas,"",117
2024,6,10-19,F,geniturinario,"",11
2024,6,10-19,F,infecciosas,"",21
2024,6,10-19,F,infecciosas,sepse_a40_a41,7
2024,6,10-19,F,mal_definidas,"",28
2024,6,10-19,F,neoplasias,cancer_hematologico_c81_c96,20
2024,6,10-19,F,neoplasias,cancer_outros_c00_c97,36
2024,6,10-19,F,neoplasias,cancer_pulmao_c34,1
2024,6,10-19,F,neoplasias,neoplasia_in_situ_benigna_d00_d48,1
2024,6,10-19,F,neuro_mentais,"",40
2024,6,10-19,F,outras,"",40
2024,6,10-19,F,respiratorio,"",19
2024,6,10-19,F,respiratorio,pneumonia_j12_j18,20
2024,6,10-19,M,circulatorio,cardiomiopatia_i42_i43,4
2024,6,10-19,M,circulatorio,cerebrovascular_i60_i69,10
2024,6,10-19,M,circulatorio,circulatorio_outras,11
2024,6,10-19,M,circulatorio,infarto_agudo_i21_i22,5
2024,6,10-19,M,circulatorio,insuf_cardiaca_i50,3
2024,6,10-19,M,circulatorio,isquemica_outras_i20_i25,1
2024,6,10-19,M,circulatorio,miocardite_i40_i41,1
2024,6,10-19,M,circulatorio,parada_arritmia_i46_i49,3
2024,6,10-19,M,circulatorio,trombose_venosa_i80_i82,1
2024,6,10-19,M,covid,"",1
2024,6,10-19,M,digestivo,"",15
2024,6,10-19,M,endocrino_diabetes,"",6
2024,6,10-19,M,endocrino_diabetes,diabetes_e10_e14,5
2024,6,10-19,M,externas,"",673
2024,6,10-19,M,geniturinario,"",8
2024,6,10-19,M,infecciosas,"",29
2024,6,10-19,M,infecciosas,sepse_a40_a41,6
2024,6,10-19,M,mal_definidas,"",39
2024,6,10-19,M,neoplasias,cancer_hematologico_c81_c96,29
2024,6,10-19,M,neoplasias,cancer_outros_c00_c97,36
2024,6,10-19,M,neoplasias,cancer_prostata_c61,1
2024,6,10-19,M,neoplasias,cancer_pulmao_c34,1
2024,6,10-19,M,neoplasias,neoplasia_in_situ_benigna_d00_d48,2
2024,6,10-19,M,neuro_mentais,"",65
2024,6,10-19,M,outras,"",42
2024,6,10-19,M,respiratorio,"",34
2024,6,10-19,M,respiratorio,pneumonia_j12_j18,25
2024,6,20-29,F,circulatorio,cardiomiopatia_i42_i43,9
2024,6,20-29,F,circulatorio,cardiopatia_mal_definida_i51,1
2024,6,20-29,F,circulatorio,cerebrovascular_i60_i69,11
2024,6,20-29,F,circulatorio,circulatorio_outras,11
2024,6,20-29,F,circulatorio,embolia_pulmonar_i26,3
2024,6,20-29,F,circulatorio,hipertensao_i10,2
2024,6,20-29,F,circulatorio,infarto_agudo_i21_i22,8
2024,6,20-29,F,circulatorio,insuf_cardiaca_i50,4
2024,6,20-29,F,circulatorio,isquemica_outras_i20_i25,1
2024,6,20-29,F,circulatorio,miocardite_i40_i41,1
2024,6,20-29,F,circulatorio,parada_arritmia_i46_i49,1
2024,6,20-29,F,circulatorio,trombose_venosa_i80_i82,2
2024,6,20-29,F,covid,"",2
2024,6,20-29,F,digestivo,"",32
2024,6,20-29,F,endocrino_diabetes,"",14
2024,6,20-29,F,endocrino_diabetes,diabetes_e10_e14,22
2024,6,20-29,F,externas,"",284
2024,6,20-29,F,geniturinario,"",21
2024,6,20-29,F,infecciosas,"",79
2024,6,20-29,F,infecciosas,sepse_a40_a41,14
2024,6,20-29,F,mal_definidas,"",53
2024,6,20-29,F,neoplasias,cancer_colorretal_c18_c21,6
2024,6,20-29,F,neoplasias,cancer_estomago_c16,3
2024,6,20-29,F,neoplasias,cancer_hematologico_c81_c96,18
2024,6,20-29,F,neoplasias,cancer_mama_c50,11
2024,6,20-29,F,neoplasias,cancer_outros_c00_c97,54
2024,6,20-29,F,neoplasias,cancer_pancreas_c25,1
2024,6,20-29,F,neoplasias,cancer_pulmao_c34,4
2024,6,20-29,F,neoplasias,neoplasia_in_situ_benigna_d00_d48,6
2024,6,20-29,F,neuro_mentais,"",61
2024,6,20-29,F,outras,"",107
2024,6,20-29,F,respiratorio,"",31
2024,6,20-29,F,respiratorio,pneumonia_j12_j18,27
2024,6,20-29,M,circulatorio,cardiomiopatia_i42_i43,16
2024,6,20-29,M,circulatorio,cardiopatia_mal_definida_i51,2
2024,6,20-29,M,circulatorio,cerebrovascular_i60_i69,22
2024,6,20-29,M,circulatorio,circulatorio_outras,21
2024,6,20-29,M,circulatorio,embolia_pulmonar_i26,9
2024,6,20-29,M,circulatorio,hipertensao_i10,1
2024,6,20-29,M,circulatorio,infarto_agudo_i21_i22,32
2024,6,20-29,M,circulatorio,insuf_cardiaca_i50,9
2024,6,20-29,M,circulatorio,isquemica_outras_i20_i25,7
2024,6,20-29,M,circulatorio,miocardite_i40_i41,1
2024,6,20-29,M,circulatorio,parada_arritmia_i46_i49,5
2024,6,20-29,M,circulatorio,trombose_venosa_i80_i82,2
2024,6,20-29,M,digestivo,"",35
2024,6,20-29,M,endocrino_diabetes,"",17
2024,6,20-29,M,endocrino_diabetes,diabetes_e10_e14,15
2024,6,20-29,M,externas,"",2137
2024,6,20-29,M,geniturinario,"",19
2024,6,20-29,M,infecciosas,"",118
2024,6,20-29,M,infecciosas,sepse_a40_a41,14
2024,6,20-29,M,mal_definidas,"",138
2024,6,20-29,M,neoplasias,cancer_colorretal_c18_c21,9
2024,6,20-29,M,neoplasias,cancer_estomago_c16,4
2024,6,20-29,M,neoplasias,cancer_hematologico_c81_c96,44
2024,6,20-29,M,neoplasias,cancer_outros_c00_c97,67
2024,6,20-29,M,neoplasias,cancer_pancreas_c25,1
2024,6,20-29,M,neoplasias,cancer_prostata_c61,1
2024,6,20-29,M,neoplasias,cancer_pulmao_c34,4
2024,6,20-29,M,neoplasias,neoplasia_in_situ_benigna_d00_d48,2
2024,6,20-29,M,neuro_mentais,"",90
2024,6,20-29,M,outras,"",49
2024,6,20-29,M,respiratorio,"",50
2024,6,20-29,M,respiratorio,pneumonia_j12_j18,61
2024,6,30-39,F,circulatorio,cardiomiopatia_i42_i43,8
2024,6,30-39,F,circulatorio,cardiopatia_mal_definida_i51,1
2024,6,30-39,F,circulatorio,cerebrovascular_i60_i69,71
2024,6,30-39,F,circulatorio,circulatorio_outras,40
2024,6,30-39,F,circulatorio,embolia_pulmonar_i26,24
2024,6,30-39,F,circulatorio,hipertensao_i10,15
2024,6,30-39,F,circulatorio,infarto_agudo_i21_i22,42
2024,6,30-39,F,circulatorio,insuf_cardiaca_i50,8
2024,6,30-39,F,circulatorio,isquemica_outras_i20_i25,5
2024,6,30-39,F,circulatorio,parada_arritmia_i46_i49,10
2024,6,30-39,F,circulatorio,trombose_venosa_i80_i82,5
2024,6,30-39,F,covid,"",1
2024,6,30-39,F,digestivo,"",67
2024,6,30-39,F,endocrino_diabetes,"",27
2024,6,30-39,F,endocrino_diabetes,diabetes_e10_e14,49
2024,6,30-39,F,externas,"",318
2024,6,30-39,F,geniturinario,"",36
2024,6,30-39,F,infecciosas,"",126
2024,6,30-39,F,infecciosas,sepse_a40_a41,22
2024,6,30-39,F,mal_definidas,"",99
2024,6,30-39,F,neoplasias,cancer_colorretal_c18_c21,23
2024,6,30-39,F,neoplasias,cancer_estomago_c16,12
2024,6,30-39,F,neoplasias,cancer_hematologico_c81_c96,28
2024,6,30-39,F,neoplasias,cancer_mama_c50,101
2024,6,30-39,F,neoplasias,cancer_outros_c00_c97,187
2024,6,30-39,F,neoplasias,cancer_pancreas_c25,3
2024,6,30-39,F,neoplasias,cancer_pulmao_c34,10
2024,6,30-39,F,neoplasias,neoplasia_in_situ_benigna_d00_d48,13
2024,6,30-39,F,neuro_mentais,"",65
2024,6,30-39,F,outras,"",107
2024,6,30-39,F,respiratorio,"",39
2024,6,30-39,F,respiratorio,pneumonia_j12_j18,54
2024,6,30-39,M,circulatorio,cardiomiopatia_i42_i43,31
2024,6,30-39,M,circulatorio,cardiopatia_mal_definida_i51,9
2024,6,30-39,M,circulatorio,cerebrovascular_i60_i69,84
2024,6,30-39,M,circulatorio,circulatorio_outras,54
2024,6,30-39,M,circulatorio,embolia_pulmonar_i26,27
2024,6,30-39,M,circulatorio,hipertensao_i10,17
2024,6,30-39,M,circulatorio,infarto_agudo_i21_i22,108
2024,6,30-39,M,circulatorio,insuf_cardiaca_i50,23
2024,6,30-39,M,circulatorio,isquemica_outras_i20_i25,17
2024,6,30-39,M,circulatorio,miocardite_i40_i41,2
2024,6,30-39,M,circulatorio,parada_arritmia_i46_i49,13
2024,6,30-39,M,circulatorio,trombose_venosa_i80_i82,3
2024,6,30-39,M,covid,"",4
2024,6,30-39,M,digestivo,"",170
2024,6,30-39,M,endocrino_diabetes,"",25
2024,6,30-39,M,endocrino_diabetes,diabetes_e10_e14,53
2024,6,30-39,M,externas,"",1787
2024,6,30-39,M,geniturinario,"",40
2024,6,30-39,M,infecciosas,"",226
2024,6,30-39,M,infecciosas,sepse_a40_a41,49
2024,6,30-39,M,mal_definidas,"",230
2024,6,30-39,M,neoplasias,cancer_colorretal_c18_c21,28
2024,6,30-39,M,neoplasias,cancer_estomago_c16,19
2024,6,30-39,M,neoplasias,cancer_hematologico_c81_c96,22
2024,6,30-39,M,neoplasias,cancer_outros_c00_c97,103
2024,6,30-39,M,neoplasias,cancer_pancreas_c25,5
2024,6,30-39,M,neoplasias,cancer_prostata_c61,1
2024,6,30-39,M,neoplasias,cancer_pulmao_c34,9
2024,6,30-39,M,neoplasias,neoplasia_in_situ_benigna_d00_d48,9
2024,6,30-39,M,neuro_mentais,"",155
2024,6,30-39,M,outras,"",51
2024,6,30-39,M,respiratorio,"",74
2024,6,30-39,M,respiratorio,pneumonia_j12_j18,95
2024,6,40-49,F,circulatorio,cardiomiopatia_i42_i43,20
2024,6,40-49,F,circulatorio,cardiopatia_mal_definida_i51,5
2024,6,40-49,F,circulatorio,cerebrovascular_i60_i69,186
2024,6,40-49,F,circulatorio,circulatorio_outras,91
2024,6,40-49,F,circulatorio,embolia_pulmonar_i26,50
2024,6,40-49,F,circulatorio,hipertensao_i10,53
2024,6,40-49,F,circulatorio,infarto_agudo_i21_i22,145
2024,6,40-49,F,circulatorio,insuf_cardiaca_i50,36
2024,6,40-49,F,circulatorio,isquemica_outras_i20_i25,20
2024,6,40-49,F,circulatorio,parada_arritmia_i46_i49,14
2024,6,40-49,F,circulatorio,trombose_venosa_i80_i82,13
2024,6,40-49,F,covid,"",2
2024,6,40-49,F,digestivo,"",136
2024,6,40-49,F,endocrino_diabetes,"",42
2024,6,40-49,F,endocrino_diabetes,diabetes_e10_e14,126
2024,6,40-49,F,externas,"",284
2024,6,40-49,F,geniturinario,"",88
2024,6,40-49,F,infecciosas,"",187
2024,6,40-49,F,infecciosas,sepse_a40_a41,48
2024,6,40-49,F,mal_definidas,"",136
2024,6,40-49,F,neoplasias,cancer_colorretal_c18_c21,65
2024,6,40-49,F,neoplasias,cancer_estomago_c16,44
2024,6,40-49,F,neoplasias,cancer_hematologico_c81_c96,52
2024,6,40-49,F,neoplasias,cancer_mama_c50,281
2024,6,40-49,F,neoplasias,cancer_outros_c00_c97,405
2024,6,40-49,F,neoplasias,cancer_pancreas_c25,23
2024,6,40-49,F,neoplasias,cancer_pulmao_c34,43
2024,6,40-49,F,neoplasias,neoplasia_in_situ_benigna_d00_d48,22
2024,6,40-49,F,neuro_mentais,"",107
2024,6,40-49,F,neuro_mentais,alzheimer_g30,1
2024,6,40-49,F,outras,"",102
2024,6,40-49,F,respiratorio,"",112
2024,6,40-49,F,respiratorio,pneumonia_j12_j18,112
2024,6,40-49,M,circulatorio,cardiomiopatia_i42_i43,78
2024,6,40-49,M,circulatorio,cardiopatia_mal_definida_i51,23
2024,6,40-49,M,circulatorio,cerebrovascular_i60_i69,246
2024,6,40-49,M,circulatorio,circulatorio_outras,147
2024,6,40-49,M,circulatorio,embolia_pulmonar_i26,38
2024,6,40-49,M,circulatorio,hipertensao_i10,63
2024,6,40-49,M,circulatorio,infarto_agudo_i21_i22,330
2024,6,40-49,M,circulatorio,insuf_cardiaca_i50,59
2024,6,40-49,M,circulatorio,isquemica_outras_i20_i25,59
2024,6,40-49,M,circulatorio,miocardite_i40_i41,1
2024,6,40-49,M,circulatorio,parada_arritmia_i46_i49,28
2024,6,40-49,M,circulatorio,trombose_venosa_i80_i82,8
2024,6,40-49,M,covid,"",1
2024,6,40-49,M,digestivo,"",459
2024,6,40-49,M,endocrino_diabetes,"",65
2024,6,40-49,M,endocrino_diabetes,diabetes_e10_e14,137
2024,6,40-49,M,externas,"",1502
2024,6,40-49,M,geniturinario,"",98
2024,6,40-49,M,infecciosas,"",308
2024,6,40-49,M,infecciosas,sepse_a40_a41,62
2024,6,40-49,M,mal_definidas,"",411
2024,6,40-49,M,neoplasias,cancer_colorretal_c18_c21,71
2024,6,40-49,M,neoplasias,cancer_estomago_c16,63
2024,6,40-49,M,neoplasias,cancer_hematologico_c81_c96,70
2024,6,40-49,M,neoplasias,cancer_mama_c50,1
2024,6,40-49,M,neoplasias,cancer_outros_c00_c97,305
2024,6,40-49,M,neoplasias,cancer_pancreas_c25,34
2024,6,40-49,M,neoplasias,cancer_prostata_c61,7
2024,6,40-49,M,neoplasias,cancer_pulmao_c34,25
2024,6,40-49,M,neoplasias,neoplasia_in_situ_benigna_d00_d48,20
2024,6,40-49,M,neuro_mentais,"",314
2024,6,40-49,M,outras,"",85
2024,6,40-49,M,respiratorio,"",142
2024,6,40-49,M,respiratorio,pneumonia_j12_j18,231
2024,6,50-59,F,circulatorio,cardiomiopatia_i42_i43,42
2024,6,50-59,F,circulatorio,cardiopatia_mal_definida_i51,15
2024,6,50-59,F,circulatorio,cerebrovascular_i60_i69,355
2024,6,50-59,F,circulatorio,circulatorio_outras,204
2024,6,50-59,F,circulatorio,embolia_pulmonar_i26,59
2024,6,50-59,F,circulatorio,hipertensao_i10,106
2024,6,50-59,F,circulatorio,infarto_agudo_i21_i22,304
2024,6,50-59,F,circulatorio,insuf_cardiaca_i50,91
2024,6,50-59,F,circulatorio,isquemica_outras_i20_i25,59
2024,6,50-59,F,circulatorio,miocardite_i40_i41,2
2024,6,50-59,F,circulatorio,parada_arritmia_i46_i49,31
2024,6,50-59,F,circulatorio,trombose_venosa_i80_i82,12
2024,6,50-59,F,covid,"",2
2024,6,50-59,F,digestivo,"",309
2024,6,50-59,F,endocrino_diabetes,"",86
2024,6,50-59,F,endocrino_diabetes,diabetes_e10_e14,304
2024,6,50-59,F,externas,"",237
2024,6,50-59,F,geniturinario,"",149
2024,6,50-59,F,infecciosas,"",170
2024,6,50-59,F,infecciosas,sepse_a40_a41,79
2024,6,50-59,F,mal_definidas,"",238
2024,6,50-59,F,neoplasias,cancer_colorretal_c18_c21,173
2024,6,50-59,F,neoplasias,cancer_estomago_c16,64
2024,6,50-59,F,neoplasias,cancer_hematologico_c81_c96,93
2024,6,50-59,F,neoplasias,cancer_mama_c50,375
2024,6,50-59,F,neoplasias,cancer_outros_c00_c97,683
2024,6,50-59,F,neoplasias,cancer_pancreas_c25,80
2024,6,50-59,F,neoplasias,cancer_pulmao_c34,166
2024,6,50-59,F,neoplasias,neoplasia_in_situ_benigna_d00_d48,26
2024,6,50-59,F,neuro_mentais,"",153
2024,6,50-59,F,neuro_mentais,alzheimer_g30,5
2024,6,50-59,F,outras,"",138
2024,6,50-59,F,respiratorio,"",260
2024,6,50-59,F,respiratorio,pneumonia_j12_j18,236
2024,6,50-59,I,circulatorio,cerebrovascular_i60_i69,1
2024,6,50-59,I,mal_definidas,"",1
2024,6,50-59,M,circulatorio,cardiomiopatia_i42_i43,94
2024,6,50-59,M,circulatorio,cardiopatia_mal_definida_i51,26
2024,6,50-59,M,circulatorio,cerebrovascular_i60_i69,469
2024,6,50-59,M,circulatorio,circulatorio_outras,309
2024,6,50-59,M,circulatorio,embolia_pulmonar_i26,65
2024,6,50-59,M,circulatorio,hipertensao_i10,163
2024,6,50-59,M,circulatorio,infarto_agudo_i21_i22,868
2024,6,50-59,M,circulatorio,insuf_cardiaca_i50,133
2024,6,50-59,M,circulatorio,isquemica_outras_i20_i25,125
2024,6,50-59,M,circulatorio,miocardite_i40_i41,2
2024,6,50-59,M,circulatorio,parada_arritmia_i46_i49,53
2024,6,50-59,M,circulatorio,trombose_venosa_i80_i82,15
2024,6,50-59,M,covid,"",4
2024,6,50-59,M,digestivo,"",785
2024,6,50-59,M,endocrino_diabetes,"",86
2024,6,50-59,M,endocrino_diabetes,diabetes_e10_e14,395
2024,6,50-59,M,externas,"",1196
2024,6,50-59,M,geniturinario,"",210
2024,6,50-59,M,infecciosas,"",351
2024,6,50-59,M,infecciosas,sepse_a40_a41,141
2024,6,50-59,M,mal_definidas,"",570
2024,6,50-59,M,neoplasias,cancer_colorretal_c18_c21,158
2024,6,50-59,M,neoplasias,cancer_estomago_c16,109
2024,6,50-59,M,neoplasias,cancer_hematologico_c81_c96,97
2024,6,50-59,M,neoplasias,cancer_mama_c50,4
2024,6,50-59,M,neoplasias,cancer_outros_c00_c97,839
2024,6,50-59,M,neoplasias,cancer_pancreas_c25,89
2024,6,50-59,M,neoplasias,cancer_prostata_c61,59
2024,6,50-59,M,neoplasias,cancer_pulmao_c34,150
2024,6,50-59,M,neoplasias,neoplasia_in_situ_benigna_d00_d48,26
2024,6,50-59,M,neuro_mentais,"",381
2024,6,50-59,M,neuro_mentais,alzheimer_g30,5
2024,6,50-59,M,outras,"",156
2024,6,50-59,M,respiratorio,"",329
2024,6,50-59,M,respiratorio,pneumonia_j12_j18,408
2024,6,60-69,F,circulatorio,cardiomiopatia_i42_i43,72
2024,6,60-69,F,circulatorio,cardiopatia_mal_definida_i51,33
2024,6,60-69,F,circulatorio,cerebrovascular_i60_i69,683
2024,6,60-69,F,circulatorio,circulatorio_outras,417
2024,6,60-69,F,circulatorio,embolia_pulmonar_i26,76
2024,6,60-69,F,circulatorio,hipertensao_i10,201
2024,6,60-69,F,circulatorio,infarto_agudo_i21_i22,691
2024,6,60-69,F,circulatorio,insuf_cardiaca_i50,226
2024,6,60-69,F,circulatorio,isquemica_outras_i20_i25,168
2024,6,60-69,F,circulatorio,miocardite_i40_i41,1
2024,6,60-69,F,circulatorio,parada_arritmia_i46_i49,77
2024,6,60-69,F,circulatorio,trombose_venosa_i80_i82,15
2024,6,60-69,F,covid,"",9
2024,6,60-69,F,digestivo,"",518
2024,6,60-69,F,endocrino_diabetes,"",97
2024,6,60-69,F,endocrino_diabetes,diabetes_e10_e14,562
2024,6,60-69,F,externas,"",260
2024,6,60-69,F,geniturinario,"",342
2024,6,60-69,F,infecciosas,"",223
2024,6,60-69,F,infecciosas,sepse_a40_a41,159
2024,6,60-69,F,mal_definidas,"",357
2024,6,60-69,F,neoplasias,cancer_colorretal_c18_c21,255
2024,6,60-69,F,neoplasias,cancer_estomago_c16,124
2024,6,60-69,F,neoplasias,cancer_hematologico_c81_c96,149
2024,6,60-69,F,neoplasias,cancer_mama_c50,360
2024,6,60-69,F,neoplasias,cancer_outros_c00_c97,1079
2024,6,60-69,F,neoplasias,cancer_pancreas_c25,167
2024,6,60-69,F,neoplasias,cancer_pulmao_c34,385
2024,6,60-69,F,neoplasias,neoplasia_in_situ_benigna_d00_d48,48
2024,6,60-69,F,neuro_mentais,"",233
2024,6,60-69,F,neuro_mentais,alzheimer_g30,44
2024,6,60-69,F,outras,"",199
2024,6,60-69,F,respiratorio,"",749
2024,6,60-69,F,respiratorio,pneumonia_j12_j18,528
2024,6,60-69,I,circulatorio,infarto_agudo_i21_i22,1
2024,6,60-69,M,circulatorio,cardiomiopatia_i42_i43,108
2024,6,60-69,M,circulatorio,cardiopatia_mal_definida_i51,40
2024,6,60-69,M,circulatorio,cerebrovascular_i60_i69,968
2024,6,60-69,M,circulatorio,circulatorio_outras,582
2024,6,60-69,M,circulatorio,embolia_pulmonar_i26,94
2024,6,60-69,M,circulatorio,hipertensao_i10,281
2024,6,60-69,M,circulatorio,infarto_agudo_i21_i22,1275
2024,6,60-69,M,circulatorio,insuf_cardiaca_i50,267
2024,6,60-69,M,circulatorio,isquemica_outras_i20_i25,308
2024,6,60-69,M,circulatorio,parada_arritmia_i46_i49,109
2024,6,60-69,M,circulatorio,trombose_venosa_i80_i82,24
2024,6,60-69,M,covid,"",12
2024,6,60-69,M,digestivo,"",978
2024,6,60-69,M,endocrino_diabetes,"",121
2024,6,60-69,M,endocrino_diabetes,diabetes_e10_e14,714
2024,6,60-69,M,externas,"",981
2024,6,60-69,M,geniturinario,"",436
2024,6,60-69,M,infecciosas,"",351
2024,6,60-69,M,infecciosas,sepse_a40_a41,200
2024,6,60-69,M,mal_definidas,"",718
2024,6,60-69,M,neoplasias,cancer_colorretal_c18_c21,320
2024,6,60-69,M,neoplasias,cancer_estomago_c16,205
2024,6,60-69,M,neoplasias,cancer_hematologico_c81_c96,178
2024,6,60-69,M,neoplasias,cancer_mama_c50,10
2024,6,60-69,M,neoplasias,cancer_outros_c00_c97,1361
2024,6,60-69,M,neoplasias,cancer_pancreas_c25,164
2024,6,60-69,M,neoplasias,cancer_prostata_c61,227
2024,6,60-69,M,neoplasias,cancer_pulmao_c34,449
2024,6,60-69,M,neoplasias,neoplasia_in_situ_benigna_d00_d48,48
2024,6,60-69,M,neuro_mentais,"",432
2024,6,60-69,M,neuro_mentais,alzheimer_g30,27
2024,6,60-69,M,outras,"",207
2024,6,60-69,M,respiratorio,"",837
2024,6,60-69,M,respiratorio,pneumonia_j12_j18,767
2024,6,70-79,F,circulatorio,cardiomiopatia_i42_i43,87
2024,6,70-79,F,circulatorio,cardiopatia_mal_definida_i51,38
2024,6,70-79,F,circulatorio,cerebrovascular_i60_i69,1129
2024,6,70-79,F,circulatorio,circulatorio_outras,689
2024,6,70-79,F,circulatorio,embolia_pulmonar_i26,94
2024,6,70-79,F,circulatorio,hipertensao_i10,305
2024,6,70-79,F,circulatorio,infarto_agudo_i21_i22,885
2024,6,70-79,F,circulatorio,insuf_cardiaca_i50,360
2024,6,70-79,F,circulatorio,isquemica_outras_i20_i25,234
2024,6,70-79,F,circulatorio,miocardite_i40_i41,1
2024,6,70-79,F,circulatorio,parada_arritmia_i46_i49,142
2024,6,70-79,F,circulatorio,trombose_venosa_i80_i82,28
2024,6,70-79,F,covid,"",12
2024,6,70-79,F,digestivo,"",654
2024,6,70-79,F,endocrino_diabetes,"",150
2024,6,70-79,F,endocrino_diabetes,diabetes_e10_e14,912
2024,6,70-79,F,externas,"",405
2024,6,70-79,F,geniturinario,"",580
2024,6,70-79,F,infecciosas,"",291
2024,6,70-79,F,infecciosas,sepse_a40_a41,282
2024,6,70-79,F,mal_definidas,"",543
2024,6,70-79,F,neoplasias,cancer_colorretal_c18_c21,266
2024,6,70-79,F,neoplasias,cancer_estomago_c16,118
2024,6,70-79,F,neoplasias,cancer_hematologico_c81_c96,172
2024,6,70-79,F,neoplasias,cancer_mama_c50,313
2024,6,70-79,F,neoplasias,cancer_outros_c00_c97,1036
2024,6,70-79,F,neoplasias,cancer_pancreas_c25,170
2024,6,70-79,F,neoplasias,cancer_pulmao_c34,384
2024,6,70-79,F,neoplasias,neoplasia_in_situ_benigna_d00_d48,52
2024,6,70-79,F,neuro_mentais,"",278
2024,6,70-79,F,neuro_mentais,alzheimer_g30,279
2024,6,70-79,F,outras,"",274
2024,6,70-79,F,respiratorio,"",1078
2024,6,70-79,F,respiratorio,pneumonia_j12_j18,916
2024,6,70-79,I,mal_definidas,"",1
2024,6,70-79,I,respiratorio,"",1
2024,6,70-79,M,circulatorio,cardiomiopatia_i42_i43,109
2024,6,70-79,M,circulatorio,cardiopatia_mal_definida_i51,49
2024,6,70-79,M,circulatorio,cerebrovascular_i60_i69,1292
2024,6,70-79,M,circulatorio,circulatorio_outras,757
2024,6,70-79,M,circulatorio,embolia_pulmonar_i26,91
2024,6,70-79,M,circulatorio,hipertensao_i10,371
2024,6,70-79,M,circulatorio,infarto_agudo_i21_i22,1279
2024,6,70-79,M,circulatorio,insuf_cardiaca_i50,403
2024,6,70-79,M,circulatorio,isquemica_outras_i20_i25,346
2024,6,70-79,M,circulatorio,miocardite_i40_i41,3
2024,6,70-79,M,circulatorio,parada_arritmia_i46_i49,144
2024,6,70-79,M,circulatorio,trombose_venosa_i80_i82,22
2024,6,70-79,M,covid,"",23
2024,6,70-79,M,digestivo,"",864
2024,6,70-79,M,endocrino_diabetes,"",150
2024,6,70-79,M,endocrino_diabetes,diabetes_e10_e14,768
2024,6,70-79,M,externas,"",717
2024,6,70-79,M,geniturinario,"",687
2024,6,70-79,M,infecciosas,"",348
2024,6,70-79,M,infecciosas,sepse_a40_a41,311
2024,6,70-79,M,mal_definidas,"",780
2024,6,70-79,M,neoplasias,cancer_colorretal_c18_c21,309
2024,6,70-79,M,neoplasias,cancer_estomago_c16,217
2024,6,70-79,M,neoplasias,cancer_hematologico_c81_c96,211
2024,6,70-79,M,neoplasias,cancer_mama_c50,8
2024,6,70-79,M,neoplasias,cancer_outros_c00_c97,1222
2024,6,70-79,M,neoplasias,cancer_pancreas_c25,170
2024,6,70-79,M,neoplasias,cancer_prostata_c61,494
2024,6,70-79,M,neoplasias,cancer_pulmao_c34,502
2024,6,70-79,M,neoplasias,neoplasia_in_situ_benigna_d00_d48,77
2024,6,70-79,M,neuro_mentais,"",446
2024,6,70-79,M,neuro_mentais,alzheimer_g30,211
2024,6,70-79,M,outras,"",234
2024,6,70-79,M,respiratorio,"",1302
2024,6,70-79,M,respiratorio,pneumonia_j12_j18,1136
2024,6,80+,F,circulatorio,cardiomiopatia_i42_i43,136
2024,6,80+,F,circulatorio,cardiopatia_mal_definida_i51,80
2024,6,80+,F,circulatorio,cerebrovascular_i60_i69,1990
2024,6,80+,F,circulatorio,circulatorio_outras,1147
2024,6,80+,F,circulatorio,embolia_pulmonar_i26,154
2024,6,80+,F,circulatorio,hipertensao_i10,830
2024,6,80+,F,circulatorio,infarto_agudo_i21_i22,1136
2024,6,80+,F,circulatorio,insuf_cardiaca_i50,881
2024,6,80+,F,circulatorio,isquemica_outras_i20_i25,386
2024,6,80+,F,circulatorio,miocardite_i40_i41,2
2024,6,80+,F,circulatorio,parada_arritmia_i46_i49,344
2024,6,80+,F,circulatorio,trombose_venosa_i80_i82,54
2024,6,80+,F,covid,"",25
2024,6,80+,F,digestivo,"",1027
2024,6,80+,F,endocrino_diabetes,"",380
2024,6,80+,F,endocrino_diabetes,diabetes_e10_e14,1166
2024,6,80+,F,externas,"",896
2024,6,80+,F,geniturinario,"",1559
2024,6,80+,F,infecciosas,"",435
2024,6,80+,F,infecciosas,sepse_a40_a41,510
2024,6,80+,F,mal_definidas,"",1289
2024,6,80+,F,neoplasias,cancer_colorretal_c18_c21,263
2024,6,80+,F,neoplasias,cancer_estomago_c16,95
2024,6,80+,F,neoplasias,cancer_hematologico_c81_c96,145
2024,6,80+,F,neoplasias,cancer_mama_c50,298
2024,6,80+,F,neoplasias,cancer_outros_c00_c97,966
2024,6,80+,F,neoplasias,cancer_pancreas_c25,150
2024,6,80+,F,neoplasias,cancer_prostata_c61,1
2024,6,80+,F,neoplasias,cancer_pulmao_c34,267
2024,6,80+,F,neoplasias,neoplasia_in_situ_benigna_d00_d48,73
2024,6,80+,F,neuro_mentais,"",781
2024,6,80+,F,neuro_mentais,alzheimer_g30,1302
2024,6,80+,F,outras,"",529
2024,6,80+,F,respiratorio,"",2062
2024,6,80+,F,respiratorio,pneumonia_j12_j18,2754
2024,6,80+,I,circulatorio,infarto_agudo_i21_i22,1
2024,6,80+,I,circulatorio,parada_arritmia_i46_i49,1
2024,6,80+,I,endocrino_diabetes,diabetes_e10_e14,1
2024,6,80+,I,neoplasias,cancer_outros_c00_c97,1
2024,6,80+,I,respiratorio,pneumonia_j12_j18,1
2024,6,80+,M,circulatorio,cardiomiopatia_i42_i43,85
2024,6,80+,M,circulatorio,cardiopatia_mal_definida_i51,75
2024,6,80+,M,circulatorio,cerebrovascular_i60_i69,1388
2024,6,80+,M,circulatorio,circulatorio_outras,839
2024,6,80+,M,circulatorio,embolia_pulmonar_i26,98
2024,6,80+,M,circulatorio,hipertensao_i10,515
2024,6,80+,M,circulatorio,infarto_agudo_i21_i22,996
2024,6,80+,M,circulatorio,insuf_cardiaca_i50,573
2024,6,80+,M,circulatorio,isquemica_outras_i20_i25,336
2024,6,80+,M,circulatorio,parada_arritmia_i46_i49,195
2024,6,80+,M,circulatorio,trombose_venosa_i80_i82,26
2024,6,80+,M,covid,"",18
2024,6,80+,M,digestivo,"",773
2024,6,80+,M,endocrino_diabetes,"",240
2024,6,80+,M,endocrino_diabetes,diabetes_e10_e14,715
2024,6,80+,M,externas,"",705
2024,6,80+,M,geniturinario,"",1022
2024,6,80+,M,infecciosas,"",300
2024,6,80+,M,infecciosas,sepse_a40_a41,383
2024,6,80+,M,mal_definidas,"",894
2024,6,80+,M,neoplasias,cancer_colorretal_c18_c21,188
2024,6,80+,M,neoplasias,cancer_estomago_c16,132
2024,6,80+,M,neoplasias,cancer_hematologico_c81_c96,130
2024,6,80+,M,neoplasias,cancer_mama_c50,5
2024,6,80+,M,neoplasias,cancer_outros_c00_c97,874
2024,6,80+,M,neoplasias,cancer_pancreas_c25,83
2024,6,80+,M,neoplasias,cancer_prostata_c61,611
2024,6,80+,M,neoplasias,cancer_pulmao_c34,273
2024,6,80+,M,neoplasias,neoplasia_in_situ_benigna_d00_d48,68
2024,6,80+,M,neuro_mentais,"",557
2024,6,80+,M,neuro_mentais,alzheimer_g30,607
2024,6,80+,M,outras,"",318
2024,6,80+,M,respiratorio,"",1672
2024,6,80+,M,respiratorio,pneumonia_j12_j18,2111
2024,6,ignorada,F,circulatorio,circulatorio_outras,1
2024,6,ignorada,F,circulatorio,isquemica_outras_i20_i25,1
2024,6,ignorada,F,digestivo,"",1
2024,6,ignorada,F,externas,"",3
2024,6,ignorada,F,infecciosas,"",1
2024,6,ignorada,F,infecciosas,sepse_a40_a41,1
2024,6,ignorada,F,mal_definidas,"",5
2024,6,ignorada,F,neoplasias,cancer_mama_c50,1
2024,6,ignorada,F,outras,"",1
2024,6,ignorada,F,respiratorio,pneumonia_j12_j18,2
2024,6,ignorada,I,circulatorio,infarto_agudo_i21_i22,1
2024,6,ignorada,I,externas,"",7
2024,6,ignorada,I,mal_definidas,"",2
2024,6,ignorada,I,neuro_mentais,"",1
2024,6,ignorada,M,circulatorio,cardiomiopatia_i42_i43,1
2024,6,ignorada,M,circulatorio,cardiopatia_mal_definida_i51,1
2024,6,ignorada,M,circulatorio,cerebrovascular_i60_i69,1
2024,6,ignorada,M,circulatorio,embolia_pulmonar_i26,1
2024,6,ignorada,M,circulatorio,infarto_agudo_i21_i22,1
2024,6,ignorada,M,circulatorio,isquemica_outras_i20_i25,1
2024,6,ignorada,M,digestivo,"",3
2024,6,ignorada,M,endocrino_diabetes,"",2
2024,6,ignorada,M,externas,"",57
2024,6,ignorada,M,geniturinario,"",1
2024,6,ignorada,M,infecciosas,"",3
2024,6,ignorada,M,mal_definidas,"",19
2024,6,ignorada,M,neuro_mentais,"",4
2024,6,ignorada,M,outras,"",1
2024,6,ignorada,M,respiratorio,"",2
2024,6,ignorada,M,respiratorio,pneumonia_j12_j18,8
2024,7,0-9,F,circulatorio,cardiomiopatia_i42_i43,4
2024,7,0-9,F,circulatorio,cardiopatia_mal_definida_i51,2
2024,7,0-9,F,circulatorio,cerebrovascular_i60_i69,7
2024,7,0-9,F,circulatorio,circulatorio_outras,5
2024,7,0-9,F,circulatorio,infarto_agudo_i21_i22,1
2024,7,0-9,F,circulatorio,insuf_cardiaca_i50,1
2024,7,0-9,F,circulatorio,miocardite_i40_i41,1
2024,7,0-9,F,circulatorio,parada_arritmia_i46_i49,2
2024,7,0-9,F,covid,"",5
2024,7,0-9,F,digestivo,"",27
2024,7,0-9,F,endocrino_diabetes,"",12
2024,7,0-9,F,endocrino_diabetes,diabetes_e10_e14,1
2024,7,0-9,F,externas,"",104
2024,7,0-9,F,geniturinario,"",17
2024,7,0-9,F,infecciosas,"",47
2024,7,0-9,F,infecciosas,sepse_a40_a41,38
2024,7,0-9,F,mal_definidas,"",65
2024,7,0-9,F,neoplasias,cancer_estomago_c16,1
2024,7,0-9,F,neoplasias,cancer_hematologico_c81_c96,19
2024,7,0-9,F,neoplasias,cancer_outros_c00_c97,25
2024,7,0-9,F,neoplasias,neoplasia_in_situ_benigna_d00_d48,4
2024,7,0-9,F,neuro_mentais,"",53
2024,7,0-9,F,outras,"",923
2024,7,0-9,F,respiratorio,"",52
2024,7,0-9,F,respiratorio,pneumonia_j12_j18,79
2024,7,0-9,I,outras,"",18
2024,7,0-9,M,circulatorio,cardiomiopatia_i42_i43,2
2024,7,0-9,M,circulatorio,cerebrovascular_i60_i69,3
2024,7,0-9,M,circulatorio,circulatorio_outras,2
2024,7,0-9,M,circulatorio,insuf_cardiaca_i50,1
2024,7,0-9,M,circulatorio,parada_arritmia_i46_i49,1
2024,7,0-9,M,circulatorio,trombose_venosa_i80_i82,1
2024,7,0-9,M,covid,"",3
2024,7,0-9,M,digestivo,"",28
2024,7,0-9,M,endocrino_diabetes,"",30
2024,7,0-9,M,externas,"",169
2024,7,0-9,M,geniturinario,"",12
2024,7,0-9,M,infecciosas,"",60
2024,7,0-9,M,infecciosas,sepse_a40_a41,27
2024,7,0-9,M,mal_definidas,"",63
2024,7,0-9,M,neoplasias,cancer_colorretal_c18_c21,1
2024,7,0-9,M,neoplasias,cancer_hematologico_c81_c96,20
2024,7,0-9,M,neoplasias,cancer_outros_c00_c97,35
2024,7,0-9,M,neoplasias,neoplasia_in_situ_benigna_d00_d48,7
2024,7,0-9,M,neuro_mentais,"",54
2024,7,0-9,M,outras,"",1088
2024,7,0-9,M,respiratorio,"",64
2024,7,0-9,M,respiratorio,pneumonia_j12_j18,78
2024,7,10-19,F,circulatorio,cardiomiopatia_i42_i43,2
2024,7,10-19,F,circulatorio,cardiopatia_mal_definida_i51,1
2024,7,10-19,F,circulatorio,cerebrovascular_i60_i69,9
2024,7,10-19,F,circulatorio,circulatorio_outras,4
2024,7,10-19,F,circulatorio,embolia_pulmonar_i26,1
2024,7,10-19,F,circulatorio,infarto_agudo_i21_i22,4
2024,7,10-19,F,circulatorio,insuf_cardiaca_i50,1
2024,7,10-19,F,circulatorio,isquemica_outras_i20_i25,1
2024,7,10-19,F,circulatorio,miocardite_i40_i41,1
2024,7,10-19,F,circulatorio,parada_arritmia_i46_i49,2
2024,7,10-19,F,circulatorio,trombose_venosa_i80_i82,2
2024,7,10-19,F,digestivo,"",19
2024,7,10-19,F,endocrino_diabetes,"",7
2024,7,10-19,F,endocrino_diabetes,diabetes_e10_e14,7
2024,7,10-19,F,externas,"",101
2024,7,10-19,F,geniturinario,"",10
2024,7,10-19,F,infecciosas,"",22
2024,7,10-19,F,infecciosas,sepse_a40_a41,5
2024,7,10-19,F,mal_definidas,"",13
2024,7,10-19,F,neoplasias,cancer_hematologico_c81_c96,8
2024,7,10-19,F,neoplasias,cancer_outros_c00_c97,39
2024,7,10-19,F,neoplasias,cancer_pulmao_c34,2
2024,7,10-19,F,neoplasias,neoplasia_in_situ_benigna_d00_d48,2
2024,7,10-19,F,neuro_mentais,"",28
2024,7,10-19,F,outras,"",56
2024,7,10-19,F,respiratorio,"",14
2024,7,10-19,F,respiratorio,pneumonia_j12_j18,20
2024,7,10-19,M,circulatorio,cardiomiopatia_i42_i43,6
2024,7,10-19,M,circulatorio,cardiopatia_mal_definida_i51,1
2024,7,10-19,M,circulatorio,cerebrovascular_i60_i69,6
2024,7,10-19,M,circulatorio,circulatorio_outras,8
2024,7,10-19,M,circulatorio,embolia_pulmonar_i26,1
2024,7,10-19,M,circulatorio,infarto_agudo_i21_i22,5
2024,7,10-19,M,circulatorio,insuf_cardiaca_i50,4
2024,7,10-19,M,circulatorio,isquemica_outras_i20_i25,1
2024,7,10-19,M,circulatorio,parada_arritmia_i46_i49,1
2024,7,10-19,M,circulatorio,trombose_venosa_i80_i82,2
2024,7,10-19,M,digestivo,"",15
2024,7,10-19,M,endocrino_diabetes,"",9
2024,7,10-19,M,endocrino_diabetes,diabetes_e10_e14,3
2024,7,10-19,M,externas,"",633
2024,7,10-19,M,geniturinario,"",4
2024,7,10-19,M,infecciosas,"",15
2024,7,10-19,M,infecciosas,sepse_a40_a41,13
2024,7,10-19,M,mal_definidas,"",59
2024,7,10-19,M,neoplasias,cancer_colorretal_c18_c21,2
2024,7,10-19,M,neoplasias,cancer_hematologico_c81_c96,29
2024,7,10-19,M,neoplasias,cancer_outros_c00_c97,37
2024,7,10-19,M,neuro_mentais,"",63
2024,7,10-19,M,outras,"",29
2024,7,10-19,M,respiratorio,"",23
2024,7,10-19,M,respiratorio,pneumonia_j12_j18,17
2024,7,20-29,F,circulatorio,cardiomiopatia_i42_i43,4
2024,7,20-29,F,circulatorio,cardiopatia_mal_definida_i51,3
2024,7,20-29,F,circulatorio,cerebrovascular_i60_i69,17
2024,7,20-29,F,circulatorio,circulatorio_outras,16
2024,7,20-29,F,circulatorio,embolia_pulmonar_i26,14
2024,7,20-29,F,circulatorio,hipertensao_i10,1
2024,7,20-29,F,circulatorio,infarto_agudo_i21_i22,8
2024,7,20-29,F,circulatorio,insuf_cardiaca_i50,7
2024,7,20-29,F,circulatorio,isquemica_outras_i20_i25,3
2024,7,20-29,F,circulatorio,miocardite_i40_i41,2
2024,7,20-29,F,circulatorio,trombose_venosa_i80_i82,7
2024,7,20-29,F,digestivo,"",29
2024,7,20-29,F,endocrino_diabetes,"",12
2024,7,20-29,F,endocrino_diabetes,diabetes_e10_e14,27
2024,7,20-29,F,externas,"",265
2024,7,20-29,F,geniturinario,"",15
2024,7,20-29,F,infecciosas,"",56
2024,7,20-29,F,infecciosas,sepse_a40_a41,11
2024,7,20-29,F,mal_definidas,"",47
2024,7,20-29,F,neoplasias,cancer_colorretal_c18_c21,3
2024,7,20-29,F,neoplasias,cancer_estomago_c16,3
2024,7,20-29,F,neoplasias,cancer_hematologico_c81_c96,23
2024,7,20-29,F,neoplasias,cancer_mama_c50,8
2024,7,20-29,F,neoplasias,cancer_outros_c00_c97,59
2024,7,20-29,F,neoplasias,cancer_pancreas_c25,4
2024,7,20-29,F,neoplasias,cancer_pulmao_c34,3
2024,7,20-29,F,neoplasias,neoplasia_in_situ_benigna_d00_d48,3
2024,7,20-29,F,neuro_mentais,"",50
2024,7,20-29,F,outras,"",71
2024,7,20-29,F,respiratorio,"",22
2024,7,20-29,F,respiratorio,pneumonia_j12_j18,26
2024,7,20-29,M,circulatorio,cardiomiopatia_i42_i43,12
2024,7,20-29,M,circulatorio,cardiopatia_mal_definida_i51,6
2024,7,20-29,M,circulatorio,cerebrovascular_i60_i69,21
2024,7,20-29,M,circulatorio,circulatorio_outras,17
2024,7,20-29,M,circulatorio,embolia_pulmonar_i26,12
2024,7,20-29,M,circulatorio,hipertensao_i10,4
2024,7,20-29,M,circulatorio,infarto_agudo_i21_i22,24
2024,7,20-29,M,circulatorio,insuf_cardiaca_i50,7
2024,7,20-29,M,circulatorio,isquemica_outras_i20_i25,7
2024,7,20-29,M,circulatorio,parada_arritmia_i46_i49,5
2024,7,20-29,M,digestivo,"",51
2024,7,20-29,M,endocrino_diabetes,"",16
2024,7,20-29,M,endocrino_diabetes,diabetes_e10_e14,20
2024,7,20-29,M,externas,"",2123
2024,7,20-29,M,geniturinario,"",21
2024,7,20-29,M,infecciosas,"",125
2024,7,20-29,M,infecciosas,sepse_a40_a41,9
2024,7,20-29,M,mal_definidas,"",132
2024,7,20-29,M,neoplasias,cancer_colorretal_c18_c21,10
2024,7,20-29,M,neoplasias,cancer_estomago_c16,4
2024,7,20-29,M,neoplasias,cancer_hematologico_c81_c96,28
2024,7,20-29,M,neoplasias,cancer_mama_c50,1
2024,7,20-29,M,neoplasias,cancer_outros_c00_c97,75
2024,7,20-29,M,neoplasias,cancer_pulmao_c34,7
2024,7,20-29,M,neoplasias,neoplasia_in_situ_benigna_d00_d48,1
2024,7,20-29,M,neuro_mentais,"",111
2024,7,20-29,M,outras,"",43
2024,7,20-29,M,respiratorio,"",39
2024,7,20-29,M,respiratorio,pneumonia_j12_j18,53
2024,7,30-39,F,circulatorio,cardiomiopatia_i42_i43,8
2024,7,30-39,F,circulatorio,cardiopatia_mal_definida_i51,5
2024,7,30-39,F,circulatorio,cerebrovascular_i60_i69,65
2024,7,30-39,F,circulatorio,circulatorio_outras,58
2024,7,30-39,F,circulatorio,embolia_pulmonar_i26,21
2024,7,30-39,F,circulatorio,hipertensao_i10,12
2024,7,30-39,F,circulatorio,infarto_agudo_i21_i22,31
2024,7,30-39,F,circulatorio,insuf_cardiaca_i50,8
2024,7,30-39,F,circulatorio,isquemica_outras_i20_i25,8
2024,7,30-39,F,circulatorio,miocardite_i40_i41,2
2024,7,30-39,F,circulatorio,parada_arritmia_i46_i49,9
2024,7,30-39,F,circulatorio,trombose_venosa_i80_i82,12
2024,7,30-39,F,covid,"",3
2024,7,30-39,F,digestivo,"",74
2024,7,30-39,F,endocrino_diabetes,"",30
2024,7,30-39,F,endocrino_diabetes,diabetes_e10_e14,44
2024,7,30-39,F,externas,"",290
2024,7,30-39,F,geniturinario,"",39
2024,7,30-39,F,infecciosas,"",82
2024,7,30-39,F,infecciosas,sepse_a40_a41,15
2024,7,30-39,F,mal_definidas,"",99
2024,7,30-39,F,neoplasias,cancer_colorretal_c18_c21,23
2024,7,30-39,F,neoplasias,cancer_estomago_c16,10
2024,7,30-39,F,neoplasias,cancer_hematologico_c81_c96,34
2024,7,30-39,F,neoplasias,cancer_mama_c50,99
2024,7,30-39,F,neoplasias,cancer_outros_c00_c97,205
2024,7,30-39,F,neoplasias,cancer_pancreas_c25,4
2024,7,30-39,F,neoplasias,cancer_pulmao_c34,8
2024,7,30-39,F,neoplasias,neoplasia_in_situ_benigna_d00_d48,7
2024,7,30-39,F,neuro_mentais,"",60
2024,7,30-39,F,outras,"",117
2024,7,30-39,F,respiratorio,"",47
2024,7,30-39,F,respiratorio,pneumonia_j12_j18,46
2024,7,30-39,M,circulatorio,cardiomiopatia_i42_i43,33
2024,7,30-39,M,circulatorio,cardiopatia_mal_definida_i51,11
2024,7,30-39,M,circulatorio,cerebrovascular_i60_i69,86
2024,7,30-39,M,circulatorio,circulatorio_outras,50
2024,7,30-39,M,circulatorio,embolia_pulmonar_i26,20
2024,7,30-39,M,circulatorio,hipertensao_i10,16
2024,7,30-39,M,circulatorio,infarto_agudo_i21_i22,117
2024,7,30-39,M,circulatorio,insuf_cardiaca_i50,23
2024,7,30-39,M,circulatorio,isquemica_outras_i20_i25,17
2024,7,30-39,M,circulatorio,miocardite_i40_i41,1
2024,7,30-39,M,circulatorio,parada_arritmia_i46_i49,11
2024,7,30-39,M,circulatorio,trombose_venosa_i80_i82,9
2024,7,30-39,M,covid,"",1
2024,7,30-39,M,digestivo,"",187
2024,7,30-39,M,endocrino_diabetes,"",34
2024,7,30-39,M,endocrino_diabetes,diabetes_e10_e14,60
2024,7,30-39,M,externas,"",1810
2024,7,30-39,M,geniturinario,"",46
2024,7,30-39,M,infecciosas,"",211
2024,7,30-39,M,infecciosas,sepse_a40_a41,31
2024,7,30-39,M,mal_definidas,"",260
2024,7,30-39,M,neoplasias,cancer_colorretal_c18_c21,27
2024,7,30-39,M,neoplasias,cancer_estomago_c16,26
2024,7,30-39,M,neoplasias,cancer_hematologico_c81_c96,34
2024,7,30-39,M,neoplasias,cancer_mama_c50,2
2024,7,30-39,M,neoplasias,cancer_outros_c00_c97,102
2024,7,30-39,M,neoplasias,cancer_pancreas_c25,8
2024,7,30-39,M,neoplasias,cancer_pulmao_c34,8
2024,7,30-39,M,neoplasias,neoplasia_in_situ_benigna_d00_d48,6
2024,7,30-39,M,neuro_mentais,"",170
2024,7,30-39,M,outras,"",48
2024,7,30-39,M,respiratorio,"",61
2024,7,30-39,M,respiratorio,pneumonia_j12_j18,100
2024,7,40-49,F,circulatorio,cardiomiopatia_i42_i43,21
2024,7,40-49,F,circulatorio,cardiopatia_mal_definida_i51,7
2024,7,40-49,F,circulatorio,cerebrovascular_i60_i69,217
2024,7,40-49,F,circulatorio,circulatorio_outras,97
2024,7,40-49,F,circulatorio,embolia_pulmonar_i26,30
2024,7,40-49,F,circulatorio,hipertensao_i10,39
2024,7,40-49,F,circulatorio,infarto_agudo_i21_i22,156
2024,7,40-49,F,circulatorio,insuf_cardiaca_i50,31
2024,7,40-49,F,circulatorio,isquemica_outras_i20_i25,27
2024,7,40-49,F,circulatorio,parada_arritmia_i46_i49,10
2024,7,40-49,F,circulatorio,trombose_venosa_i80_i82,12
2024,7,40-49,F,covid,"",8
2024,7,40-49,F,digestivo,"",170
2024,7,40-49,F,endocrino_diabetes,"",61
2024,7,40-49,F,endocrino_diabetes,diabetes_e10_e14,122
2024,7,40-49,F,externas,"",285
2024,7,40-49,F,geniturinario,"",91
2024,7,40-49,F,infecciosas,"",138
2024,7,40-49,F,infecciosas,sepse_a40_a41,51
2024,7,40-49,F,mal_definidas,"",139
2024,7,40-49,F,neoplasias,cancer_colorretal_c18_c21,86
2024,7,40-49,F,neoplasias,cancer_estomago_c16,42
2024,7,40-49,F,neoplasias,cancer_hematologico_c81_c96,50
2024,7,40-49,F,neoplasias,cancer_mama_c50,254
2024,7,40-49,F,neoplasias,cancer_outros_c00_c97,397
2024,7,40-49,F,neoplasias,cancer_pancreas_c25,27
2024,7,40-49,F,neoplasias,cancer_pulmao_c34,46
2024,7,40-49,F,neoplasias,neoplasia_in_situ_benigna_d00_d48,24
2024,7,40-49,F,neuro_mentais,"",86
2024,7,40-49,F,neuro_mentais,alzheimer_g30,1
2024,7,40-49,F,outras,"",84
2024,7,40-49,F,respiratorio,"",103
2024,7,40-49,F,respiratorio,pneumonia_j12_j18,100
2024,7,40-49,M,circulatorio,cardiomiopatia_i42_i43,80
2024,7,40-49,M,circulatorio,cardiopatia_mal_definida_i51,15
2024,7,40-49,M,circulatorio,cerebrovascular_i60_i69,247
2024,7,40-49,M,circulatorio,circulatorio_outras,151
2024,7,40-49,M,circulatorio,embolia_pulmonar_i26,36
2024,7,40-49,M,circulatorio,hipertensao_i10,56
2024,7,40-49,M,circulatorio,infarto_agudo_i21_i22,402
2024,7,40-49,M,circulatorio,insuf_cardiaca_i50,61
2024,7,40-49,M,circulatorio,isquemica_outras_i20_i25,48
2024,7,40-49,M,circulatorio,miocardite_i40_i41,2
2024,7,40-49,M,circulatorio,parada_arritmia_i46_i49,37
2024,7,40-49,M,circulatorio,trombose_venosa_i80_i82,17
2024,7,40-49,M,covid,"",5
2024,7,40-49,M,digestivo,"",441
2024,7,40-49,M,endocrino_diabetes,"",55
2024,7,40-49,M,endocrino_diabetes,diabetes_e10_e14,145
2024,7,40-49,M,externas,"",1540
2024,7,40-49,M,geniturinario,"",93
2024,7,40-49,M,infecciosas,"",285
2024,7,40-49,M,infecciosas,sepse_a40_a41,74
2024,7,40-49,M,mal_definidas,"",410
2024,7,40-49,M,neoplasias,cancer_colorretal_c18_c21,82
2024,7,40-49,M,neoplasias,cancer_estomago_c16,54
2024,7,40-49,M,neoplasias,cancer_hematologico_c81_c96,68
2024,7,40-49,M,neoplasias,cancer_mama_c50,2
2024,7,40-49,M,neoplasias,cancer_outros_c00_c97,319
2024,7,40-49,M,neoplasias,cancer_pancreas_c25,29
2024,7,40-49,M,neoplasias,cancer_prostata_c61,3
2024,7,40-49,M,neoplasias,cancer_pulmao_c34,34
2024,7,40-49,M,neoplasias,neoplasia_in_situ_benigna_d00_d48,16
2024,7,40-49,M,neuro_mentais,"",317
2024,7,40-49,M,outras,"",82
2024,7,40-49,M,respiratorio,"",158
2024,7,40-49,M,respiratorio,pneumonia_j12_j18,213
2024,7,50-59,F,circulatorio,cardiomiopatia_i42_i43,41
2024,7,50-59,F,circulatorio,cardiopatia_mal_definida_i51,14
2024,7,50-59,F,circulatorio,cerebrovascular_i60_i69,363
2024,7,50-59,F,circulatorio,circulatorio_outras,230
2024,7,50-59,F,circulatorio,embolia_pulmonar_i26,57
2024,7,50-59,F,circulatorio,hipertensao_i10,91
2024,7,50-59,F,circulatorio,infarto_agudo_i21_i22,320
2024,7,50-59,F,circulatorio,insuf_cardiaca_i50,85
2024,7,50-59,F,circulatorio,isquemica_outras_i20_i25,64
2024,7,50-59,F,circulatorio,parada_arritmia_i46_i49,31
2024,7,50-59,F,circulatorio,trombose_venosa_i80_i82,16
2024,7,50-59,F,covid,"",7
2024,7,50-59,F,digestivo,"",258
2024,7,50-59,F,endocrino_diabetes,"",80
2024,7,50-59,F,endocrino_diabetes,diabetes_e10_e14,269
2024,7,50-59,F,externas,"",262
2024,7,50-59,F,geniturinario,"",183
2024,7,50-59,F,infecciosas,"",134
2024,7,50-59,F,infecciosas,sepse_a40_a41,57
2024,7,50-59,F,mal_definidas,"",231
2024,7,50-59,F,neoplasias,cancer_colorretal_c18_c21,168
2024,7,50-59,F,neoplasias,cancer_estomago_c16,70
2024,7,50-59,F,neoplasias,cancer_hematologico_c81_c96,75
2024,7,50-59,F,neoplasias,cancer_mama_c50,369
2024,7,50-59,F,neoplasias,cancer_outros_c00_c97,687
2024,7,50-59,F,neoplasias,cancer_pancreas_c25,76
2024,7,50-59,F,neoplasias,cancer_pulmao_c34,169
2024,7,50-59,F,neoplasias,neoplasia_in_situ_benigna_d00_d48,30
2024,7,50-59,F,neuro_mentais,"",133
2024,7,50-59,F,neuro_mentais,alzheimer_g30,4
2024,7,50-59,F,outras,"",122
2024,7,50-59,F,respiratorio,"",259
2024,7,50-59,F,respiratorio,pneumonia_j12_j18,219
2024,7,50-59,I,endocrino_diabetes,diabetes_e10_e14,1
2024,7,50-59,I,mal_definidas,"",1
2024,7,50-59,M,circulatorio,cardiomiopatia_i42_i43,104
2024,7,50-59,M,circulatorio,cardiopatia_mal_definida_i51,24
2024,7,50-59,M,circulatorio,cerebrovascular_i60_i69,529
2024,7,50-59,M,circulatorio,circulatorio_outras,321
2024,7,50-59,M,circulatorio,embolia_pulmonar_i26,75
2024,7,50-59,M,circulatorio,hipertensao_i10,168
2024,7,50-59,M,circulatorio,infarto_agudo_i21_i22,805
2024,7,50-59,M,circulatorio,insuf_cardiaca_i50,141
2024,7,50-59,M,circulatorio,isquemica_outras_i20_i25,140
2024,7,50-59,M,circulatorio,miocardite_i40_i41,2
2024,7,50-59,M,circulatorio,parada_arritmia_i46_i49,59
2024,7,50-59,M,circulatorio,trombose_venosa_i80_i82,17
2024,7,50-59,M,covid,"",10
2024,7,50-59,M,digestivo,"",772
2024,7,50-59,M,endocrino_diabetes,"",96
2024,7,50-59,M,endocrino_diabetes,diabetes_e10_e14,324
2024,7,50-59,M,externas,"",1215
2024,7,50-59,M,geniturinario,"",175
2024,7,50-59,M,infecciosas,"",338
2024,7,50-59,M,infecciosas,sepse_a40_a41,117
2024,7,50-59,M,mal_definidas,"",600
2024,7,50-59,M,neoplasias,cancer_colorretal_c18_c21,199
2024,7,50-59,M,neoplasias,cancer_estomago_c16,133
2024,7,50-59,M,neoplasias,cancer_hematologico_c81_c96,95
2024,7,50-59,M,neoplasias,cancer_mama_c50,4
2024,7,50-59,M,neoplasias,cancer_outros_c00_c97,820
2024,7,50-59,M,neoplasias,cancer_pancreas_c25,100
2024,7,50-59,M,neoplasias,cancer_prostata_c61,47
2024,7,50-59,M,neoplasias,cancer_pulmao_c34,175
2024,7,50-59,M,neoplasias,neoplasia_in_situ_benigna_d00_d48,20
2024,7,50-59,M,neuro_mentais,"",409
2024,7,50-59,M,neuro_mentais,alzheimer_g30,4
2024,7,50-59,M,outras,"",144
2024,7,50-59,M,respiratorio,"",335
2024,7,50-59,M,respiratorio,pneumonia_j12_j18,420
2024,7,60-69,F,circulatorio,cardiomiopatia_i42_i43,68
2024,7,60-69,F,circulatorio,cardiopatia_mal_definida_i51,31
2024,7,60-69,F,circulatorio,cerebrovascular_i60_i69,715
2024,7,60-69,F,circulatorio,circulatorio_outras,437
2024,7,60-69,F,circulatorio,embolia_pulmonar_i26,71
2024,7,60-69,F,circulatorio,hipertensao_i10,197
2024,7,60-69,F,circulatorio,infarto_agudo_i21_i22,717
2024,7,60-69,F,circulatorio,insuf_cardiaca_i50,210
2024,7,60-69,F,circulatorio,isquemica_outras_i20_i25,183
2024,7,60-69,F,circulatorio,parada_arritmia_i46_i49,64
2024,7,60-69,F,circulatorio,trombose_venosa_i80_i82,13
2024,7,60-69,F,covid,"",9
2024,7,60-69,F,digestivo,"",518
2024,7,60-69,F,endocrino_diabetes,"",102
2024,7,60-69,F,endocrino_diabetes,diabetes_e10_e14,554
2024,7,60-69,F,externas,"",295
2024,7,60-69,F,geniturinario,"",330
2024,7,60-69,F,infecciosas,"",175
2024,7,60-69,F,infecciosas,sepse_a40_a41,159
2024,7,60-69,F,mal_definidas,"",391
2024,7,60-69,F,neoplasias,cancer_colorretal_c18_c21,263
2024,7,60-69,F,neoplasias,cancer_estomago_c16,93
2024,7,60-69,F,neoplasias,cancer_hematologico_c81_c96,139
2024,7,60-69,F,neoplasias,cancer_mama_c50,380
2024,7,60-69,F,neoplasias,cancer_outros_c00_c97,1099
2024,7,60-69,F,neoplasias,cancer_pancreas_c25,177
2024,7,60-69,F,neoplasias,cancer_pulmao_c34,376
2024,7,60-69,F,neoplasias,neoplasia_in_situ_benigna_d00_d48,42
2024,7,60-69,F,neuro_mentais,"",201
2024,7,60-69,F,neuro_mentais,alzheimer_g30,31
2024,7,60-69,F,outras,"",181
2024,7,60-69,F,respiratorio,"",648
2024,7,60-69,F,respiratorio,pneumonia_j12_j18,506
2024,7,60-69,M,circulatorio,cardiomiopatia_i42_i43,125
2024,7,60-69,M,circulatorio,cardiopatia_mal_definida_i51,41
2024,7,60-69,M,circulatorio,cerebrovascular_i60_i69,1036
2024,7,60-69,M,circulatorio,circulatorio_outras,566
2024,7,60-69,M,circulatorio,embolia_pulmonar_i26,84
2024,7,60-69,M,circulatorio,hipertensao_i10,282
2024,7,60-69,M,circulatorio,infarto_agudo_i21_i22,1337
2024,7,60-69,M,circulatorio,insuf_cardiaca_i50,267
2024,7,60-69,M,circulatorio,isquemica_outras_i20_i25,314
2024,7,60-69,M,circulatorio,miocardite_i40_i41,1
2024,7,60-69,M,circulatorio,parada_arritmia_i46_i49,106
2024,7,60-69,M,circulatorio,trombose_venosa_i80_i82,24
2024,7,60-69,M,covid,"",20
2024,7,60-69,M,digestivo,"",1056
2024,7,60-69,M,endocrino_diabetes,"",154
2024,7,60-69,M,endocrino_diabetes,diabetes_e10_e14,706
2024,7,60-69,M,externas,"",977
2024,7,60-69,M,geniturinario,"",402
2024,7,60-69,M,infecciosas,"",361
2024,7,60-69,M,infecciosas,sepse_a40_a41,240
2024,7,60-69,M,mal_definidas,"",807
2024,7,60-69,M,neoplasias,cancer_colorretal_c18_c21,299
2024,7,60-69,M,neoplasias,cancer_estomago_c16,230
2024,7,60-69,M,neoplasias,cancer_hematologico_c81_c96,172
2024,7,60-69,M,neoplasias,cancer_mama_c50,5
2024,7,60-69,M,neoplasias,cancer_outros_c00_c97,1437
2024,7,60-69,M,neoplasias,cancer_pancreas_c25,187
2024,7,60-69,M,neoplasias,cancer_prostata_c61,257
2024,7,60-69,M,neoplasias,cancer_pulmao_c34,431
2024,7,60-69,M,neoplasias,neoplasia_in_situ_benigna_d00_d48,61
2024,7,60-69,M,neuro_mentais,"",436
2024,7,60-69,M,neuro_mentais,alzheimer_g30,50
2024,7,60-69,M,outras,"",211
2024,7,60-69,M,respiratorio,"",868
2024,7,60-69,M,respiratorio,pneumonia_j12_j18,700
2024,7,70-79,F,circulatorio,cardiomiopatia_i42_i43,84
2024,7,70-79,F,circulatorio,cardiopatia_mal_definida_i51,49
2024,7,70-79,F,circulatorio,cerebrovascular_i60_i69,1190
2024,7,70-79,F,circulatorio,circulatorio_outras,641
2024,7,70-79,F,circulatorio,embolia_pulmonar_i26,118
2024,7,70-79,F,circulatorio,hipertensao_i10,383
2024,7,70-79,F,circulatorio,infarto_agudo_i21_i22,943
2024,7,70-79,F,circulatorio,insuf_cardiaca_i50,378
2024,7,70-79,F,circulatorio,isquemica_outras_i20_i25,252
2024,7,70-79,F,circulatorio,miocardite_i40_i41,2
2024,7,70-79,F,circulatorio,parada_arritmia_i46_i49,167
2024,7,70-79,F,circulatorio,trombose_venosa_i80_i82,33
2024,7,70-79,F,covid,"",11
2024,7,70-79,F,digestivo,"",702
2024,7,70-79,F,endocrino_diabetes,"",143
2024,7,70-79,F,endocrino_diabetes,diabetes_e10_e14,932
2024,7,70-79,F,externas,"",444
2024,7,70-79,F,geniturinario,"",618
2024,7,70-79,F,infecciosas,"",243
2024,7,70-79,F,infecciosas,sepse_a40_a41,287
2024,7,70-79,F,mal_definidas,"",546
2024,7,70-79,F,neoplasias,cancer_colorretal_c18_c21,299
2024,7,70-79,F,neoplasias,cancer_estomago_c16,112
2024,7,70-79,F,neoplasias,cancer_hematologico_c81_c96,173
2024,7,70-79,F,neoplasias,cancer_mama_c50,303
2024,7,70-79,F,neoplasias,cancer_outros_c00_c97,1123
2024,7,70-79,F,neoplasias,cancer_pancreas_c25,185
2024,7,70-79,F,neoplasias,cancer_prostata_c61,1
2024,7,70-79,F,neoplasias,cancer_pulmao_c34,399
2024,7,70-79,F,neoplasias,neoplasia_in_situ_benigna_d00_d48,70
2024,7,70-79,F,neuro_mentais,"",307
2024,7,70-79,F,neuro_mentais,alzheimer_g30,285
2024,7,70-79,F,outras,"",287
2024,7,70-79,F,respiratorio,"",1111
2024,7,70-79,F,respiratorio,pneumonia_j12_j18,953
2024,7,70-79,I,circulatorio,cerebrovascular_i60_i69,1
2024,7,70-79,I,geniturinario,"",2
2024,7,70-79,M,circulatorio,cardiomiopatia_i42_i43,117
2024,7,70-79,M,circulatorio,cardiopatia_mal_definida_i51,49
2024,7,70-79,M,circulatorio,cerebrovascular_i60_i69,1403
2024,7,70-79,M,circulatorio,circulatorio_outras,836
2024,7,70-79,M,circulatorio,embolia_pulmonar_i26,99
2024,7,70-79,M,circulatorio,hipertensao_i10,387
2024,7,70-79,M,circulatorio,infarto_agudo_i21_i22,1294
2024,7,70-79,M,circulatorio,insuf_cardiaca_i50,396
2024,7,70-79,M,circulatorio,isquemica_outras_i20_i25,379
2024,7,70-79,M,circulatorio,miocardite_i40_i41,1
2024,7,70-79,M,circulatorio,parada_arritmia_i46_i49,168
2024,7,70-79,M,circulatorio,trombose_venosa_i80_i82,21
2024,7,70-79,M,covid,"",19
2024,7,70-79,M,digestivo,"",888
2024,7,70-79,M,endocrino_diabetes,"",149
2024,7,70-79,M,endocrino_diabetes,diabetes_e10_e14,847
2024,7,70-79,M,externas,"",669
2024,7,70-79,M,geniturinario,"",677
2024,7,70-79,M,infecciosas,"",299
2024,7,70-79,M,infecciosas,sepse_a40_a41,325
2024,7,70-79,M,mal_definidas,"",759
2024,7,70-79,M,neoplasias,cancer_colorretal_c18_c21,318
2024,7,70-79,M,neoplasias,cancer_estomago_c16,227
2024,7,70-79,M,neoplasias,cancer_hematologico_c81_c96,198
2024,7,70-79,M,neoplasias,cancer_mama_c50,6
2024,7,70-79,M,neoplasias,cancer_outros_c00_c97,1260
2024,7,70-79,M,neoplasias,cancer_pancreas_c25,195
2024,7,70-79,M,neoplasias,cancer_prostata_c61,522
2024,7,70-79,M,neoplasias,cancer_pulmao_c34,471
2024,7,70-79,M,neoplasias,neoplasia_in_situ_benigna_d00_d48,85
2024,7,70-79,M,neuro_mentais,"",474
2024,7,70-79,M,neuro_mentais,alzheimer_g30,220
2024,7,70-79,M,outras,"",244
2024,7,70-79,M,respiratorio,"",1273
2024,7,70-79,M,respiratorio,pneumonia_j12_j18,1229
2024,7,80+,F,circulatorio,cardiomiopatia_i42_i43,149
2024,7,80+,F,circulatorio,cardiopatia_mal_definida_i51,81
2024,7,80+,F,circulatorio,cerebrovascular_i60_i69,1973
2024,7,80+,F,circulatorio,circulatorio_outras,1310
2024,7,80+,F,circulatorio,embolia_pulmonar_i26,199
2024,7,80+,F,circulatorio,hipertensao_i10,942
2024,7,80+,F,circulatorio,infarto_agudo_i21_i22,1224
2024,7,80+,F,circulatorio,insuf_cardiaca_i50,886
2024,7,80+,F,circulatorio,isquemica_outras_i20_i25,414
2024,7,80+,F,circulatorio,miocardite_i40_i41,3
2024,7,80+,F,circulatorio,parada_arritmia_i46_i49,380
2024,7,80+,F,circulatorio,trombose_venosa_i80_i82,42
2024,7,80+,F,covid,"",38
2024,7,80+,F,digestivo,"",1142
2024,7,80+,F,endocrino_diabetes,"",379
2024,7,80+,F,endocrino_diabetes,diabetes_e10_e14,1245
2024,7,80+,F,externas,"",932
2024,7,80+,F,geniturinario,"",1607
2024,7,80+,F,infecciosas,"",406
2024,7,80+,F,infecciosas,sepse_a40_a41,579
2024,7,80+,F,mal_definidas,"",1343
2024,7,80+,F,neoplasias,cancer_colorretal_c18_c21,270
2024,7,80+,F,neoplasias,cancer_estomago_c16,108
2024,7,80+,F,neoplasias,cancer_hematologico_c81_c96,160
2024,7,80+,F,neoplasias,cancer_mama_c50,255
2024,7,80+,F,neoplasias,cancer_outros_c00_c97,1014
2024,7,80+,F,neoplasias,cancer_pancreas_c25,168
2024,7,80+,F,neoplasias,cancer_pulmao_c34,277
2024,7,80+,F,neoplasias,neoplasia_in_situ_benigna_d00_d48,60
2024,7,80+,F,neuro_mentais,"",773
2024,7,80+,F,neuro_mentais,alzheimer_g30,1409
2024,7,80+,F,outras,"",560
2024,7,80+,F,respiratorio,"",2083
2024,7,80+,F,respiratorio,pneumonia_j12_j18,2995
2024,7,80+,I,circulatorio,cerebrovascular_i60_i69,1
2024,7,80+,I,endocrino_diabetes,"",1
2024,7,80+,I,externas,"",1
2024,7,80+,I,mal_definidas,"",1
2024,7,80+,I,neuro_mentais,"",1
2024,7,80+,M,circulatorio,cardiomiopatia_i42_i43,102
2024,7,80+,M,circulatorio,cardiopatia_mal_definida_i51,61
2024,7,80+,M,circulatorio,cerebrovascular_i60_i69,1542
2024,7,80+,M,circulatorio,circulatorio_outras,867
2024,7,80+,M,circulatorio,embolia_pulmonar_i26,91
2024,7,80+,M,circulatorio,hipertensao_i10,530
2024,7,80+,M,circulatorio,infarto_agudo_i21_i22,1026
2024,7,80+,M,circulatorio,insuf_cardiaca_i50,557
2024,7,80+,M,circulatorio,isquemica_outras_i20_i25,403
2024,7,80+,M,circulatorio,parada_arritmia_i46_i49,222
2024,7,80+,M,circulatorio,trombose_venosa_i80_i82,24
2024,7,80+,M,covid,"",26
2024,7,80+,M,digestivo,"",808
2024,7,80+,M,endocrino_diabetes,"",196
2024,7,80+,M,endocrino_diabetes,diabetes_e10_e14,760
2024,7,80+,M,externas,"",710
2024,7,80+,M,geniturinario,"",1120
2024,7,80+,M,infecciosas,"",274
2024,7,80+,M,infecciosas,sepse_a40_a41,365
2024,7,80+,M,mal_definidas,"",1081
2024,7,80+,M,neoplasias,cancer_colorretal_c18_c21,214
2024,7,80+,M,neoplasias,cancer_estomago_c16,150
2024,7,80+,M,neoplasias,cancer_hematologico_c81_c96,128
2024,7,80+,M,neoplasias,cancer_mama_c50,3
2024,7,80+,M,neoplasias,cancer_outros_c00_c97,878
2024,7,80+,M,neoplasias,cancer_pancreas_c25,91
2024,7,80+,M,neoplasias,cancer_prostata_c61,651
2024,7,80+,M,neoplasias,cancer_pulmao_c34,289
2024,7,80+,M,neoplasias,neoplasia_in_situ_benigna_d00_d48,64
2024,7,80+,M,neuro_mentais,"",553
2024,7,80+,M,neuro_mentais,alzheimer_g30,706
2024,7,80+,M,outras,"",341
2024,7,80+,M,respiratorio,"",1835
2024,7,80+,M,respiratorio,pneumonia_j12_j18,2115
2024,7,ignorada,F,circulatorio,cerebrovascular_i60_i69,1
2024,7,ignorada,F,circulatorio,embolia_pulmonar_i26,1
2024,7,ignorada,F,circulatorio,infarto_agudo_i21_i22,1
2024,7,ignorada,F,externas,"",7
2024,7,ignorada,F,mal_definidas,"",2
2024,7,ignorada,F,respiratorio,pneumonia_j12_j18,1
2024,7,ignorada,I,externas,"",11
2024,7,ignorada,I,mal_definidas,"",5
2024,7,ignorada,M,circulatorio,cerebrovascular_i60_i69,2
2024,7,ignorada,M,circulatorio,circulatorio_outras,1
2024,7,ignorada,M,circulatorio,embolia_pulmonar_i26,1
2024,7,ignorada,M,circulatorio,infarto_agudo_i21_i22,2
2024,7,ignorada,M,circulatorio,isquemica_outras_i20_i25,2
2024,7,ignorada,M,digestivo,"",3
2024,7,ignorada,M,externas,"",45
2024,7,ignorada,M,infecciosas,"",4
2024,7,ignorada,M,mal_definidas,"",37
2024,7,ignorada,M,neoplasias,cancer_outros_c00_c97,1
2024,7,ignorada,M,respiratorio,"",4
2024,7,ignorada,M,respiratorio,pneumonia_j12_j18,3
2024,8,0-9,F,circulatorio,cardiomiopatia_i42_i43,7
2024,8,0-9,F,circulatorio,cardiopatia_mal_definida_i51,1
2024,8,0-9,F,circulatorio,cerebrovascular_i60_i69,2
2024,8,0-9,F,circulatorio,circulatorio_outras,13
2024,8,0-9,F,circulatorio,insuf_cardiaca_i50,2
2024,8,0-9,F,circulatorio,isquemica_outras_i20_i25,1
2024,8,0-9,F,circulatorio,parada_arritmia_i46_i49,2
2024,8,0-9,F,covid,"",3
2024,8,0-9,F,digestivo,"",13
2024,8,0-9,F,endocrino_diabetes,"",15
2024,8,0-9,F,endocrino_diabetes,diabetes_e10_e14,2
2024,8,0-9,F,externas,"",98
2024,8,0-9,F,geniturinario,"",11
2024,8,0-9,F,infecciosas,"",45
2024,8,0-9,F,infecciosas,sepse_a40_a41,30
2024,8,0-9,F,mal_definidas,"",48
2024,8,0-9,F,neoplasias,cancer_hematologico_c81_c96,13
2024,8,0-9,F,neoplasias,cancer_outros_c00_c97,26
2024,8,0-9,F,neoplasias,neoplasia_in_situ_benigna_d00_d48,3
2024,8,0-9,F,neuro_mentais,"",50
2024,8,0-9,F,outras,"",859
2024,8,0-9,F,respiratorio,"",51
2024,8,0-9,F,respiratorio,pneumonia_j12_j18,75
2024,8,0-9,I,outras,"",18
2024,8,0-9,M,circulatorio,cardiomiopatia_i42_i43,4
2024,8,0-9,M,circulatorio,cerebrovascular_i60_i69,6
2024,8,0-9,M,circulatorio,circulatorio_outras,11
2024,8,0-9,M,circulatorio,insuf_cardiaca_i50,4
2024,8,0-9,M,circulatorio,isquemica_outras_i20_i25,1
2024,8,0-9,M,circulatorio,parada_arritmia_i46_i49,3
2024,8,0-9,M,covid,"",4
2024,8,0-9,M,digestivo,"",26
2024,8,0-9,M,endocrino_diabetes,"",22
2024,8,0-9,M,endocrino_diabetes,diabetes_e10_e14,2
2024,8,0-9,M,externas,"",152
2024,8,0-9,M,geniturinario,"",9
2024,8,0-9,M,infecciosas,"",50
2024,8,0-9,M,infecciosas,sepse_a40_a41,30
2024,8,0-9,M,mal_definidas,"",68
2024,8,0-9,M,neoplasias,cancer_colorretal_c18_c21,1
2024,8,0-9,M,neoplasias,cancer_hematologico_c81_c96,15
2024,8,0-9,M,neoplasias,cancer_outros_c00_c97,21
2024,8,0-9,M,neoplasias,cancer_pulmao_c34,1
2024,8,0-9,M,neoplasias,neoplasia_in_situ_benigna_d00_d48,3
2024,8,0-9,M,neuro_mentais,"",72
2024,8,0-9,M,outras,"",1096
2024,8,0-9,M,respiratorio,"",61
2024,8,0-9,M,respiratorio,pneumonia_j12_j18,53
2024,8,10-19,F,circulatorio,cardiomiopatia_i42_i43,1
2024,8,10-19,F,circulatorio,cerebrovascular_i60_i69,8
2024,8,10-19,F,circulatorio,circulatorio_outras,2
2024,8,10-19,F,circulatorio,embolia_pulmonar_i26,3
2024,8,10-19,F,circulatorio,insuf_cardiaca_i50,2
2024,8,10-19,F,digestivo,"",13
2024,8,10-19,F,endocrino_diabetes,"",7
2024,8,10-19,F,endocrino_diabetes,diabetes_e10_e14,6
2024,8,10-19,F,externas,"",99
2024,8,10-19,F,geniturinario,"",3
2024,8,10-19,F,infecciosas,"",12
2024,8,10-19,F,infecciosas,sepse_a40_a41,8
2024,8,10-19,F,mal_definidas,"",27
2024,8,10-19,F,neoplasias,cancer_estomago_c16,1
2024,8,10-19,F,neoplasias,cancer_hematologico_c81_c96,14
2024,8,10-19,F,neoplasias,cancer_outros_c00_c97,22
2024,8,10-19,F,neoplasias,cancer_pancreas_c25,1
2024,8,10-19,F,neoplasias,cancer_pulmao_c34,1
2024,8,10-19,F,neoplasias,neoplasia_in_situ_benigna_d00_d48,3
2024,8,10-19,F,neuro_mentais,"",40
2024,8,10-19,F,outras,"",43
2024,8,10-19,F,respiratorio,"",15
2024,8,10-19,F,respiratorio,pneumonia_j12_j18,14
2024,8,10-19,I,infecciosas,sepse_a40_a41,1
2024,8,10-19,M,circulatorio,cardiomiopatia_i42_i43,2
2024,8,10-19,M,circulatorio,cerebrovascular_i60_i69,9
2024,8,10-19,M,circulatorio,circulatorio_outras,8
2024,8,10-19,M,circulatorio,embolia_pulmonar_i26,3
2024,8,10-19,M,circulatorio,infarto_agudo_i21_i22,9
2024,8,10-19,M,circulatorio,isquemica_outras_i20_i25,1
2024,8,10-19,M,circulatorio,miocardite_i40_i41,2
2024,8,10-19,M,circulatorio,parada_arritmia_i46_i49,3
2024,8,10-19,M,circulatorio,trombose_venosa_i80_i82,1
2024,8,10-19,M,covid,"",1
2024,8,10-19,M,digestivo,"",9
2024,8,10-19,M,endocrino_diabetes,"",9
2024,8,10-19,M,endocrino_diabetes,diabetes_e10_e14,4
2024,8,10-19,M,externas,"",659
2024,8,10-19,M,geniturinario,"",2
2024,8,10-19,M,infecciosas,"",18
2024,8,10-19,M,infecciosas,sepse_a40_a41,12
2024,8,10-19,M,mal_definidas,"",51
2024,8,10-19,M,neoplasias,cancer_colorretal_c18_c21,1
2024,8,10-19,M,neoplasias,cancer_hematologico_c81_c96,22
2024,8,10-19,M,neoplasias,cancer_outros_c00_c97,30
2024,8,10-19,M,neoplasias,cancer_pulmao_c34,2
2024,8,10-19,M,neuro_mentais,"",65
2024,8,10-19,M,outras,"",29
2024,8,10-19,M,respiratorio,"",22
2024,8,10-19,M,respiratorio,pneumonia_j12_j18,14
2024,8,20-29,F,circulatorio,cardiomiopatia_i42_i43,9
2024,8,20-29,F,circulatorio,cardiopatia_mal_definida_i51,5
2024,8,20-29,F,circulatorio,cerebrovascular_i60_i69,22
2024,8,20-29,F,circulatorio,circulatorio_outras,12
2024,8,20-29,F,circulatorio,embolia_pulmonar_i26,8
2024,8,20-29,F,circulatorio,hipertensao_i10,1
2024,8,20-29,F,circulatorio,infarto_agudo_i21_i22,7
2024,8,20-29,F,circulatorio,insuf_cardiaca_i50,6
2024,8,20-29,F,circulatorio,isquemica_outras_i20_i25,3
2024,8,20-29,F,circulatorio,miocardite_i40_i41,1
2024,8,20-29,F,circulatorio,parada_arritmia_i46_i49,6
2024,8,20-29,F,circulatorio,trombose_venosa_i80_i82,3
2024,8,20-29,F,covid,"",1
2024,8,20-29,F,digestivo,"",26
2024,8,20-29,F,endocrino_diabetes,"",18
2024,8,20-29,F,endocrino_diabetes,diabetes_e10_e14,27
2024,8,20-29,F,externas,"",298
2024,8,20-29,F,geniturinario,"",29
2024,8,20-29,F,infecciosas,"",46
2024,8,20-29,F,infecciosas,sepse_a40_a41,10
2024,8,20-29,F,mal_definidas,"",46
2024,8,20-29,F,neoplasias,cancer_colorretal_c18_c21,5
2024,8,20-29,F,neoplasias,cancer_estomago_c16,3
2024,8,20-29,F,neoplasias,cancer_hematologico_c81_c96,19
2024,8,20-29,F,neoplasias,cancer_mama_c50,6
2024,8,20-29,F,neoplasias,cancer_outros_c00_c97,68
2024,8,20-29,F,neoplasias,cancer_pulmao_c34,2
2024,8,20-29,F,neoplasias,neoplasia_in_situ_benigna_d00_d48,6
2024,8,20-29,F,neuro_mentais,"",47
2024,8,20-29,F,outras,"",82
2024,8,20-29,F,respiratorio,"",24
2024,8,20-29,F,respiratorio,pneumonia_j12_j18,35
2024,8,20-29,M,circulatorio,cardiomiopatia_i42_i43,11
2024,8,20-29,M,circulatorio,cardiopatia_mal_definida_i51,4
2024,8,20-29,M,circulatorio,cerebrovascular_i60_i69,22
2024,8,20-29,M,circulatorio,circulatorio_outras,20
2024,8,20-29,M,circulatorio,embolia_pulmonar_i26,12
2024,8,20-29,M,circulatorio,hipertensao_i10,4
2024,8,20-29,M,circulatorio,infarto_agudo_i21_i22,19
2024,8,20-29,M,circulatorio,insuf_cardiaca_i50,7
2024,8,20-29,M,circulatorio,isquemica_outras_i20_i25,5
2024,8,20-29,M,circulatorio,parada_arritmia_i46_i49,4
2024,8,20-29,M,circulatorio,trombose_venosa_i80_i82,2
2024,8,20-29,M,covid,"",1
2024,8,20-29,M,digestivo,"",51
2024,8,20-29,M,endocrino_diabetes,"",9
2024,8,20-29,M,endocrino_diabetes,diabetes_e10_e14,23
2024,8,20-29,M,externas,"",2342
2024,8,20-29,M,geniturinario,"",10
2024,8,20-29,M,infecciosas,"",102
2024,8,20-29,M,infecciosas,sepse_a40_a41,15
2024,8,20-29,M,mal_definidas,"",138
2024,8,20-29,M,neoplasias,cancer_colorretal_c18_c21,9
2024,8,20-29,M,neoplasias,cancer_estomago_c16,4
2024,8,20-29,M,neoplasias,cancer_hematologico_c81_c96,28
2024,8,20-29,M,neoplasias,cancer_outros_c00_c97,71
2024,8,20-29,M,neoplasias,cancer_pancreas_c25,2
2024,8,20-29,M,neoplasias,cancer_pulmao_c34,5
2024,8,20-29,M,neoplasias,neoplasia_in_situ_benigna_d00_d48,6
2024,8,20-29,M,neuro_mentais,"",108
2024,8,20-29,M,outras,"",48
2024,8,20-29,M,respiratorio,"",43
2024,8,20-29,M,respiratorio,pneumonia_j12_j18,52
2024,8,30-39,F,circulatorio,cardiomiopatia_i42_i43,4
2024,8,30-39,F,circulatorio,cardiopatia_mal_definida_i51,5
2024,8,30-39,F,circulatorio,cerebrovascular_i60_i69,63
2024,8,30-39,F,circulatorio,circulatorio_outras,36
2024,8,30-39,F,circulatorio,embolia_pulmonar_i26,22
2024,8,30-39,F,circulatorio,hipertensao_i10,14
2024,8,30-39,F,circulatorio,infarto_agudo_i21_i22,33
2024,8,30-39,F,circulatorio,insuf_cardiaca_i50,7
2024,8,30-39,F,circulatorio,isquemica_outras_i20_i25,9
2024,8,30-39,F,circulatorio,parada_arritmia_i46_i49,4
2024,8,30-39,F,circulatorio,trombose_venosa_i80_i82,7
2024,8,30-39,F,covid,"",4
2024,8,30-39,F,digestivo,"",92
2024,8,30-39,F,endocrino_diabetes,"",25
2024,8,30-39,F,endocrino_diabetes,diabetes_e10_e14,31
2024,8,30-39,F,externas,"",272
2024,8,30-39,F,geniturinario,"",36
2024,8,30-39,F,infecciosas,"",74
2024,8,30-39,F,infecciosas,sepse_a40_a41,22
2024,8,30-39,F,mal_definidas,"",93
2024,8,30-39,F,neoplasias,cancer_colorretal_c18_c21,22
2024,8,30-39,F,neoplasias,cancer_estomago_c16,19
2024,8,30-39,F,neoplasias,cancer_hematologico_c81_c96,37
2024,8,30-39,F,neoplasias,cancer_mama_c50,98
2024,8,30-39,F,neoplasias,cancer_outros_c00_c97,188
2024,8,30-39,F,neoplasias,cancer_pancreas_c25,5
2024,8,30-39,F,neoplasias,cancer_pulmao_c34,13
2024,8,30-39,F,neoplasias,neoplasia_in_situ_benigna_d00_d48,11
2024,8,30-39,F,neuro_mentais,"",50
2024,8,30-39,F,outras,"",106
2024,8,30-39,F,respiratorio,"",51
2024,8,30-39,F,respiratorio,pneumonia_j12_j18,57
2024,8,30-39,I,externas,"",1
2024,8,30-39,M,circulatorio,cardiomiopatia_i42_i43,39
2024,8,30-39,M,circulatorio,cardiopatia_mal_definida_i51,6
2024,8,30-39,M,circulatorio,cerebrovascular_i60_i69,69
2024,8,30-39,M,circulatorio,circulatorio_outras,63
2024,8,30-39,M,circulatorio,embolia_pulmonar_i26,27
2024,8,30-39,M,circulatorio,hipertensao_i10,17
2024,8,30-39,M,circulatorio,infarto_agudo_i21_i22,140
2024,8,30-39,M,circulatorio,insuf_cardiaca_i50,16
2024,8,30-39,M,circulatorio,isquemica_outras_i20_i25,20
2024,8,30-39,M,circulatorio,miocardite_i40_i41,1
2024,8,30-39,M,circulatorio,parada_arritmia_i46_i49,16
2024,8,30-39,M,circulatorio,trombose_venosa_i80_i82,3
2024,8,30-39,M,covid,"",3
2024,8,30-39,M,digestivo,"",189
2024,8,30-39,M,endocrino_diabetes,"",49
2024,8,30-39,M,endocrino_diabetes,diabetes_e10_e14,57
2024,8,30-39,M,externas,"",1819
2024,8,30-39,M,geniturinario,"",29
2024,8,30-39,M,infecciosas,"",211
2024,8,30-39,M,infecciosas,sepse_a40_a41,29
2024,8,30-39,M,mal_definidas,"",237
2024,8,30-39,M,neoplasias,cancer_colorretal_c18_c21,27
2024,8,30-39,M,neoplasias,cancer_estomago_c16,16
2024,8,30-39,M,neoplasias,cancer_hematologico_c81_c96,32
2024,8,30-39,M,neoplasias,cancer_outros_c00_c97,125
2024,8,30-39,M,neoplasias,cancer_pancreas_c25,10
2024,8,30-39,M,neoplasias,cancer_prostata_c61,1
2024,8,30-39,M,neoplasias,cancer_pulmao_c34,12
2024,8,30-39,M,neoplasias,neoplasia_in_situ_benigna_d00_d48,4
2024,8,30-39,M,neuro_mentais,"",161
2024,8,30-39,M,outras,"",61
2024,8,30-39,M,respiratorio,"",71
2024,8,30-39,M,respiratorio,pneumonia_j12_j18,93
2024,8,40-49,F,circulatorio,cardiomiopatia_i42_i43,15
2024,8,40-49,F,circulatorio,cardiopatia_mal_definida_i51,1
2024,8,40-49,F,circulatorio,cerebrovascular_i60_i69,209
2024,8,40-49,F,circulatorio,circulatorio_outras,104
2024,8,40-49,F,circulatorio,embolia_pulmonar_i26,46
2024,8,40-49,F,circulatorio,hipertensao_i10,42
2024,8,40-49,F,circulatorio,infarto_agudo_i21_i22,145
2024,8,40-49,F,circulatorio,insuf_cardiaca_i50,21
2024,8,40-49,F,circulatorio,isquemica_outras_i20_i25,24
2024,8,40-49,F,circulatorio,parada_arritmia_i46_i49,17
2024,8,40-49,F,circulatorio,trombose_venosa_i80_i82,10
2024,8,40-49,F,covid,"",3
2024,8,40-49,F,digestivo,"",148
2024,8,40-49,F,endocrino_diabetes,"",61
2024,8,40-49,F,endocrino_diabetes,diabetes_e10_e14,118
2024,8,40-49,F,externas,"",261
2024,8,40-49,F,geniturinario,"",86
2024,8,40-49,F,infecciosas,"",139
2024,8,40-49,F,infecciosas,sepse_a40_a41,43
2024,8,40-49,F,mal_definidas,"",161
2024,8,40-49,F,neoplasias,cancer_colorretal_c18_c21,76
2024,8,40-49,F,neoplasias,cancer_estomago_c16,45
2024,8,40-49,F,neoplasias,cancer_hematologico_c81_c96,42
2024,8,40-49,F,neoplasias,cancer_mama_c50,278
2024,8,40-49,F,neoplasias,cancer_outros_c00_c97,405
2024,8,40-49,F,neoplasias,cancer_pancreas_c25,30
2024,8,40-49,F,neoplasias,cancer_pulmao_c34,45
2024,8,40-49,F,neoplasias,neoplasia_in_situ_benigna_d00_d48,18
2024,8,40-49,F,neuro_mentais,"",106
2024,8,40-49,F,outras,"",105
2024,8,40-49,F,respiratorio,"",102
2024,8,40-49,F,respiratorio,pneumonia_j12_j18,120
2024,8,40-49,M,circulatorio,cardiomiopatia_i42_i43,51
2024,8,40-49,M,circulatorio,cardiopatia_mal_definida_i51,16
2024,8,40-49,M,circulatorio,cerebrovascular_i60_i69,212
2024,8,40-49,M,circulatorio,circulatorio_outras,158
2024,8,40-49,M,circulatorio,embolia_pulmonar_i26,37
2024,8,40-49,M,circulatorio,hipertensao_i10,54
2024,8,40-49,M,circulatorio,infarto_agudo_i21_i22,374
2024,8,40-49,M,circulatorio,insuf_cardiaca_i50,59
2024,8,40-49,M,circulatorio,isquemica_outras_i20_i25,50
2024,8,40-49,M,circulatorio,miocardite_i40_i41,3
2024,8,40-49,M,circulatorio,parada_arritmia_i46_i49,31
2024,8,40-49,M,circulatorio,trombose_venosa_i80_i82,7
2024,8,40-49,M,covid,"",9
2024,8,40-49,M,digestivo,"",406
2024,8,40-49,M,endocrino_diabetes,"",64
2024,8,40-49,M,endocrino_diabetes,diabetes_e10_e14,118
2024,8,40-49,M,externas,"",1566
2024,8,40-49,M,geniturinario,"",100
2024,8,40-49,M,infecciosas,"",308
2024,8,40-49,M,infecciosas,sepse_a40_a41,65
2024,8,40-49,M,mal_definidas,"",447
2024,8,40-49,M,neoplasias,cancer_colorretal_c18_c21,80
2024,8,40-49,M,neoplasias,cancer_estomago_c16,46
2024,8,40-49,M,neoplasias,cancer_hematologico_c81_c96,56
2024,8,40-49,M,neoplasias,cancer_outros_c00_c97,335
2024,8,40-49,M,neoplasias,cancer_pancreas_c25,39
2024,8,40-49,M,neoplasias,cancer_prostata_c61,4
2024,8,40-49,M,neoplasias,cancer_pulmao_c34,41
2024,8,40-49,M,neoplasias,neoplasia_in_situ_benigna_d00_d48,12
2024,8,40-49,M,neuro_mentais,"",274
2024,8,40-49,M,outras,"",70
2024,8,40-49,M,respiratorio,"",156
2024,8,40-49,M,respiratorio,pneumonia_j12_j18,189
2024,8,50-59,F,circulatorio,cardiomiopatia_i42_i43,26
2024,8,50-59,F,circulatorio,cardiopatia_mal_definida_i51,14
2024,8,50-59,F,circulatorio,cerebrovascular_i60_i69,376
2024,8,50-59,F,circulatorio,circulatorio_outras,227
2024,8,50-59,F,circulatorio,embolia_pulmonar_i26,44
2024,8,50-59,F,circulatorio,hipertensao_i10,85
2024,8,50-59,F,circulatorio,infarto_agudo_i21_i22,337
2024,8,50-59,F,circulatorio,insuf_cardiaca_i50,95
2024,8,50-59,F,circulatorio,isquemica_outras_i20_i25,78
2024,8,50-59,F,circulatorio,miocardite_i40_i41,1
2024,8,50-59,F,circulatorio,parada_arritmia_i46_i49,35
2024,8,50-59,F,circulatorio,trombose_venosa_i80_i82,13
2024,8,50-59,F,covid,"",7
2024,8,50-59,F,digestivo,"",290
2024,8,50-59,F,endocrino_diabetes,"",67
2024,8,50-59,F,endocrino_diabetes,diabetes_e10_e14,273
2024,8,50-59,F,externas,"",257
2024,8,50-59,F,geniturinario,"",162
2024,8,50-59,F,infecciosas,"",156
2024,8,50-59,F,infecciosas,sepse_a40_a41,78
2024,8,50-59,F,mal_definidas,"",243
2024,8,50-59,F,neoplasias,cancer_colorretal_c18_c21,177
2024,8,50-59,F,neoplasias,cancer_estomago_c16,82
2024,8,50-59,F,neoplasias,cancer_hematologico_c81_c96,98
2024,8,50-59,F,neoplasias,cancer_mama_c50,383
2024,8,50-59,F,neoplasias,cancer_outros_c00_c97,710
2024,8,50-59,F,neoplasias,cancer_pancreas_c25,85
2024,8,50-59,F,neoplasias,cancer_pulmao_c34,150
2024,8,50-59,F,neoplasias,neoplasia_in_situ_benigna_d00_d48,36
2024,8,50-59,F,neuro_mentais,"",138
2024,8,50-59,F,neuro_mentais,alzheimer_g30,1
2024,8,50-59,F,outras,"",103
2024,8,50-59,F,respiratorio,"",242
2024,8,50-59,F,respiratorio,pneumonia_j12_j18,214
2024,8,50-59,I,neoplasias,cancer_outros_c00_c97,1
2024,8,50-59,I,respiratorio,"",1
2024,8,50-59,M,circulatorio,cardiomiopatia_i42_i43,103
2024,8,50-59,M,circulatorio,cardiopatia_mal_definida_i51,31
2024,8,50-59,M,circulatorio,cerebrovascular_i60_i69,536
2024,8,50-59,M,circulatorio,circulatorio_outras,292
2024,8,50-59,M,circulatorio,embolia_pulmonar_i26,47
2024,8,50-59,M,circulatorio,hipertensao_i10,157
2024,8,50-59,M,circulatorio,infarto_agudo_i21_i22,810
2024,8,50-59,M,circulatorio,insuf_cardiaca_i50,145
2024,8,50-59,M,circulatorio,isquemica_outras_i20_i25,149
2024,8,50-59,M,circulatorio,parada_arritmia_i46_i49,62
2024,8,50-59,M,circulatorio,trombose_venosa_i80_i82,9
2024,8,50-59,M,covid,"",11
2024,8,50-59,M,digestivo,"",718
2024,8,50-59,M,endocrino_diabetes,"",105
2024,8,50-59,M,endocrino_diabetes,diabetes_e10_e14,349
2024,8,50-59,M,externas,"",1169
2024,8,50-59,M,geniturinario,"",210
2024,8,50-59,M,infecciosas,"",311
2024,8,50-59,M,infecciosas,sepse_a40_a41,115
2024,8,50-59,M,mal_definidas,"",569
2024,8,50-59,M,neoplasias,cancer_colorretal_c18_c21,176
2024,8,50-59,M,neoplasias,cancer_estomago_c16,131
2024,8,50-59,M,neoplasias,cancer_hematologico_c81_c96,70
2024,8,50-59,M,neoplasias,cancer_mama_c50,5
2024,8,50-59,M,neoplasias,cancer_outros_c00_c97,818
2024,8,50-59,M,neoplasias,cancer_pancreas_c25,68
2024,8,50-59,M,neoplasias,cancer_prostata_c61,59
2024,8,50-59,M,neoplasias,cancer_pulmao_c34,137
2024,8,50-59,M,neoplasias,neoplasia_in_situ_benigna_d00_d48,24
2024,8,50-59,M,neuro_mentais,"",402
2024,8,50-59,M,neuro_mentais,alzheimer_g30,3
2024,8,50-59,M,outras,"",137
2024,8,50-59,M,respiratorio,"",290
2024,8,50-59,M,respiratorio,pneumonia_j12_j18,404
2024,8,60-69,F,circulatorio,cardiomiopatia_i42_i43,68
2024,8,60-69,F,circulatorio,cardiopatia_mal_definida_i51,34
2024,8,60-69,F,circulatorio,cerebrovascular_i60_i69,679
2024,8,60-69,F,circulatorio,circulatorio_outras,430
2024,8,60-69,F,circulatorio,embolia_pulmonar_i26,77
2024,8,60-69,F,circulatorio,hipertensao_i10,181
2024,8,60-69,F,circulatorio,infarto_agudo_i21_i22,672
2024,8,60-69,F,circulatorio,insuf_cardiaca_i50,220
2024,8,60-69,F,circulatorio,isquemica_outras_i20_i25,192
2024,8,60-69,F,circulatorio,miocardite_i40_i41,3
2024,8,60-69,F,circulatorio,parada_arritmia_i46_i49,98
2024,8,60-69,F,circulatorio,trombose_venosa_i80_i82,13
2024,8,60-69,F,covid,"",25
2024,8,60-69,F,digestivo,"",514
2024,8,60-69,F,endocrino_diabetes,"",96
2024,8,60-69,F,endocrino_diabetes,diabetes_e10_e14,569
2024,8,60-69,F,externas,"",278
2024,8,60-69,F,geniturinario,"",340
2024,8,60-69,F,infecciosas,"",171
2024,8,60-69,F,infecciosas,sepse_a40_a41,184
2024,8,60-69,F,mal_definidas,"",385
2024,8,60-69,F,neoplasias,cancer_colorretal_c18_c21,253
2024,8,60-69,F,neoplasias,cancer_estomago_c16,106
2024,8,60-69,F,neoplasias,cancer_hematologico_c81_c96,134
2024,8,60-69,F,neoplasias,cancer_mama_c50,385
2024,8,60-69,F,neoplasias,cancer_outros_c00_c97,1112
2024,8,60-69,F,neoplasias,cancer_pancreas_c25,159
2024,8,60-69,F,neoplasias,cancer_prostata_c61,1
2024,8,60-69,F,neoplasias,cancer_pulmao_c34,390
2024,8,60-69,F,neoplasias,neoplasia_in_situ_benigna_d00_d48,52
2024,8,60-69,F,neuro_mentais,"",192
2024,8,60-69,F,neuro_mentais,alzheimer_g30,34
2024,8,60-69,F,outras,"",173
2024,8,60-69,F,respiratorio,"",688
2024,8,60-69,F,respiratorio,pneumonia_j12_j18,432
2024,8,60-69,I,circulatorio,insuf_cardiaca_i50,1
2024,8,60-69,I,respiratorio,"",2
2024,8,60-69,M,circulatorio,cardiomiopatia_i42_i43,126
2024,8,60-69,M,circulatorio,cardiopatia_mal_definida_i51,55
2024,8,60-69,M,circulatorio,cerebrovascular_i60_i69,959
2024,8,60-69,M,circulatorio,circulatorio_outras,570
2024,8,60-69,M,circulatorio,embolia_pulmonar_i26,70
2024,8,60-69,M,circulatorio,hipertensao_i10,301
2024,8,60-69,M,circulatorio,infarto_agudo_i21_i22,1248
2024,8,60-69,M,circulatorio,insuf_cardiaca_i50,290
2024,8,60-69,M,circulatorio,isquemica_outras_i20_i25,340
2024,8,60-69,M,circulatorio,miocardite_i40_i41,2
2024,8,60-69,M,circulatorio,parada_arritmia_i46_i49,137
2024,8,60-69,M,circulatorio,trombose_venosa_i80_i82,19
2024,8,60-69,M,covid,"",24
2024,8,60-69,M,digestivo,"",929
2024,8,60-69,M,endocrino_diabetes,"",124
2024,8,60-69,M,endocrino_diabetes,diabetes_e10_e14,685
2024,8,60-69,M,externas,"",874
2024,8,60-69,M,geniturinario,"",397
2024,8,60-69,M,infecciosas,"",345
2024,8,60-69,M,infecciosas,sepse_a40_a41,223
2024,8,60-69,M,mal_definidas,"",807
2024,8,60-69,M,neoplasias,cancer_colorretal_c18_c21,308
2024,8,60-69,M,neoplasias,cancer_estomago_c16,228
2024,8,60-69,M,neoplasias,cancer_hematologico_c81_c96,167
2024,8,60-69,M,neoplasias,cancer_mama_c50,6
2024,8,60-69,M,neoplasias,cancer_outros_c00_c97,1387
2024,8,60-69,M,neoplasias,cancer_pancreas_c25,184
2024,8,60-69,M,neoplasias,cancer_prostata_c61,247
2024,8,60-69,M,neoplasias,cancer_pulmao_c34,463
2024,8,60-69,M,neoplasias,neoplasia_in_situ_benigna_d00_d48,39
2024,8,60-69,M,neuro_mentais,"",424
2024,8,60-69,M,neuro_mentais,alzheimer_g30,38
2024,8,60-69,M,outras,"",215
2024,8,60-69,M,respiratorio,"",795
2024,8,60-69,M,respiratorio,pneumonia_j12_j18,720
2024,8,70-79,F,circulatorio,cardiomiopatia_i42_i43,88
2024,8,70-79,F,circulatorio,cardiopatia_mal_definida_i51,27
2024,8,70-79,F,circulatorio,cerebrovascular_i60_i69,1159
2024,8,70-79,F,circulatorio,circulatorio_outras,647
2024,8,70-79,F,circulatorio,embolia_pulmonar_i26,119
2024,8,70-79,F,circulatorio,hipertensao_i10,348
2024,8,70-79,F,circulatorio,infarto_agudo_i21_i22,883
2024,8,70-79,F,circulatorio,insuf_cardiaca_i50,359
2024,8,70-79,F,circulatorio,isquemica_outras_i20_i25,244
2024,8,70-79,F,circulatorio,miocardite_i40_i41,3
2024,8,70-79,F,circulatorio,parada_arritmia_i46_i49,149
2024,8,70-79,F,circulatorio,trombose_venosa_i80_i82,23
2024,8,70-79,F,covid,"",18
2024,8,70-79,F,digestivo,"",673
2024,8,70-79,F,endocrino_diabetes,"",158
2024,8,70-79,F,endocrino_diabetes,diabetes_e10_e14,862
2024,8,70-79,F,externas,"",392
2024,8,70-79,F,geniturinario,"",565
2024,8,70-79,F,infecciosas,"",260
2024,8,70-79,F,infecciosas,sepse_a40_a41,243
2024,8,70-79,F,mal_definidas,"",540
2024,8,70-79,F,neoplasias,cancer_colorretal_c18_c21,263
2024,8,70-79,F,neoplasias,cancer_estomago_c16,115
2024,8,70-79,F,neoplasias,cancer_hematologico_c81_c96,181
2024,8,70-79,F,neoplasias,cancer_mama_c50,305
2024,8,70-79,F,neoplasias,cancer_outros_c00_c97,1118
2024,8,70-79,F,neoplasias,cancer_pancreas_c25,171
2024,8,70-79,F,neoplasias,cancer_prostata_c61,1
2024,8,70-79,F,neoplasias,cancer_pulmao_c34,389
2024,8,70-79,F,neoplasias,neoplasia_in_situ_benigna_d00_d48,62
2024,8,70-79,F,neuro_mentais,"",287
2024,8,70-79,F,neuro_mentais,alzheimer_g30,276
2024,8,70-79,F,outras,"",286
2024,8,70-79,F,respiratorio,"",1074
2024,8,70-79,F,respiratorio,pneumonia_j12_j18,908
2024,8,70-79,I,circulatorio,cerebrovascular_i60_i69,1
2024,8,70-79,I,endocrino_diabetes,diabetes_e10_e14,1
2024,8,70-79,I,neoplasias,cancer_outros_c00_c97,1
2024,8,70-79,M,circulatorio,cardiomiopatia_i42_i43,118
2024,8,70-79,M,circulatorio,cardiopatia_mal_definida_i51,57
2024,8,70-79,M,circulatorio,cerebrovascular_i60_i69,1276
2024,8,70-79,M,circulatorio,circulatorio_outras,711
2024,8,70-79,M,circulatorio,embolia_pulmonar_i26,84
2024,8,70-79,M,circulatorio,hipertensao_i10,338
2024,8,70-79,M,circulatorio,infarto_agudo_i21_i22,1314
2024,8,70-79,M,circulatorio,insuf_cardiaca_i50,408
2024,8,70-79,M,circulatorio,isquemica_outras_i20_i25,379
2024,8,70-79,M,circulatorio,miocardite_i40_i41,1
2024,8,70-79,M,circulatorio,parada_arritmia_i46_i49,169
2024,8,70-79,M,circulatorio,trombose_venosa_i80_i82,23
2024,8,70-79,M,covid,"",39
2024,8,70-79,M,digestivo,"",875
2024,8,70-79,M,endocrino_diabetes,"",138
2024,8,70-79,M,endocrino_diabetes,diabetes_e10_e14,848
2024,8,70-79,M,externas,"",683
2024,8,70-79,M,geniturinario,"",604
2024,8,70-79,M,infecciosas,"",277
2024,8,70-79,M,infecciosas,sepse_a40_a41,315
2024,8,70-79,M,mal_definidas,"",745
2024,8,70-79,M,neoplasias,cancer_colorretal_c18_c21,298
2024,8,70-79,M,neoplasias,cancer_estomago_c16,207
2024,8,70-79,M,neoplasias,cancer_hematologico_c81_c96,215
2024,8,70-79,M,neoplasias,cancer_mama_c50,8
2024,8,70-79,M,neoplasias,cancer_outros_c00_c97,1285
2024,8,70-79,M,neoplasias,cancer_pancreas_c25,164
2024,8,70-79,M,neoplasias,cancer_prostata_c61,559
2024,8,70-79,M,neoplasias,cancer_pulmao_c34,462
2024,8,70-79,M,neoplasias,neoplasia_in_situ_benigna_d00_d48,68
2024,8,70-79,M,neuro_mentais,"",396
2024,8,70-79,M,neuro_mentais,alzheimer_g30,210
2024,8,70-79,M,outras,"",241
2024,8,70-79,M,respiratorio,"",1199
2024,8,70-79,M,respiratorio,pneumonia_j12_j18,1059
2024,8,80+,F,circulatorio,cardiomiopatia_i42_i43,149
2024,8,80+,F,circulatorio,cardiopatia_mal_definida_i51,96
2024,8,80+,F,circulatorio,cerebrovascular_i60_i69,1917
2024,8,80+,F,circulatorio,circulatorio_outras,1314
2024,8,80+,F,circulatorio,embolia_pulmonar_i26,201
2024,8,80+,F,circulatorio,hipertensao_i10,939
2024,8,80+,F,circulatorio,infarto_agudo_i21_i22,1151
2024,8,80+,F,circulatorio,insuf_cardiaca_i50,853
2024,8,80+,F,circulatorio,isquemica_outras_i20_i25,442
2024,8,80+,F,circulatorio,miocardite_i40_i41,1
2024,8,80+,F,circulatorio,parada_arritmia_i46_i49,347
2024,8,80+,F,circulatorio,trombose_venosa_i80_i82,46
2024,8,80+,F,covid,"",73
2024,8,80+,F,digestivo,"",1068
2024,8,80+,F,endocrino_diabetes,"",361
2024,8,80+,F,endocrino_diabetes,diabetes_e10_e14,1287
2024,8,80+,F,externas,"",963
2024,8,80+,F,geniturinario,"",1571
2024,8,80+,F,infecciosas,"",389
2024,8,80+,F,infecciosas,sepse_a40_a41,555
2024,8,80+,F,mal_definidas,"",1425
2024,8,80+,F,neoplasias,cancer_colorretal_c18_c21,276
2024,8,80+,F,neoplasias,cancer_estomago_c16,103
2024,8,80+,F,neoplasias,cancer_hematologico_c81_c96,141
2024,8,80+,F,neoplasias,cancer_mama_c50,285
2024,8,80+,F,neoplasias,cancer_outros_c00_c97,1011
2024,8,80+,F,neoplasias,cancer_pancreas_c25,158
2024,8,80+,F,neoplasias,cancer_pulmao_c34,249
2024,8,80+,F,neoplasias,neoplasia_in_situ_benigna_d00_d48,83
2024,8,80+,F,neuro_mentais,"",787
2024,8,80+,F,neuro_mentais,alzheimer_g30,1375
2024,8,80+,F,outras,"",542
2024,8,80+,F,respiratorio,"",1977
2024,8,80+,F,respiratorio,pneumonia_j12_j18,2776
2024,8,80+,I,circulatorio,cerebrovascular_i60_i69,1
2024,8,80+,I,circulatorio,circulatorio_outras,1
2024,8,80+,I,endocrino_diabetes,diabetes_e10_e14,1
2024,8,80+,I,neuro_mentais,alzheimer_g30,1
2024,8,80+,I,respiratorio,"",3
2024,8,80+,I,respiratorio,pneumonia_j12_j18,1
2024,8,80+,M,circulatorio,cardiomiopatia_i42_i43,112
2024,8,80+,M,circulatorio,cardiopatia_mal_definida_i51,45
2024,8,80+,M,circulatorio,cerebrovascular_i60_i69,1523
2024,8,80+,M,circulatorio,circulatorio_outras,836
2024,8,80+,M,circulatorio,embolia_pulmonar_i26,80
2024,8,80+,M,circulatorio,hipertensao_i10,522
2024,8,80+,M,circulatorio,infarto_agudo_i21_i22,962
2024,8,80+,M,circulatorio,insuf_cardiaca_i50,599
2024,8,80+,M,circulatorio,isquemica_outras_i20_i25,340
2024,8,80+,M,circulatorio,miocardite_i40_i41,1
2024,8,80+,M,circulatorio,parada_arritmia_i46_i49,257
2024,8,80+,M,circulatorio,trombose_venosa_i80_i82,27
2024,8,80+,M,covid,"",67
2024,8,80+,M,digestivo,"",792
2024,8,80+,M,endocrino_diabetes,"",231
2024,8,80+,M,endocrino_diabetes,diabetes_e10_e14,676
2024,8,80+,M,externas,"",680
2024,8,80+,M,geniturinario,"",1070
2024,8,80+,M,infecciosas,"",271
2024,8,80+,M,infecciosas,sepse_a40_a41,379
2024,8,80+,M,mal_definidas,"",995
2024,8,80+,M,neoplasias,cancer_colorretal_c18_c21,190
2024,8,80+,M,neoplasias,cancer_estomago_c16,151
2024,8,80+,M,neoplasias,cancer_hematologico_c81_c96,146
2024,8,80+,M,neoplasias,cancer_mama_c50,6
2024,8,80+,M,neoplasias,cancer_outros_c00_c97,801
2024,8,80+,M,neoplasias,cancer_pancreas_c25,103
2024,8,80+,M,neoplasias,cancer_prostata_c61,626
2024,8,80+,M,neoplasias,cancer_pulmao_c34,284
2024,8,80+,M,neoplasias,neoplasia_in_situ_benigna_d00_d48,61
2024,8,80+,M,neuro_mentais,"",561
2024,8,80+,M,neuro_mentais,alzheimer_g30,614
2024,8,80+,M,outras,"",325
2024,8,80+,M,respiratorio,"",1659
2024,8,80+,M,respiratorio,pneumonia_j12_j18,1973
2024,8,ignorada,F,circulatorio,cerebrovascular_i60_i69,2
2024,8,ignorada,F,circulatorio,infarto_agudo_i21_i22,1
2024,8,ignorada,F,digestivo,"",1
2024,8,ignorada,F,externas,"",2
2024,8,ignorada,F,mal_definidas,"",5
2024,8,ignorada,I,externas,"",9
2024,8,ignorada,I,mal_definidas,"",16
2024,8,ignorada,I,respiratorio,pneumonia_j12_j18,1
2024,8,ignorada,M,circulatorio,cerebrovascular_i60_i69,2
2024,8,ignorada,M,circulatorio,hipertensao_i10,1
2024,8,ignorada,M,circulatorio,infarto_agudo_i21_i22,5
2024,8,ignorada,M,digestivo,"",1
2024,8,ignorada,M,endocrino_diabetes,"",1
2024,8,ignorada,M,externas,"",59
2024,8,ignorada,M,infecciosas,"",1
2024,8,ignorada,M,mal_definidas,"",18
2024,8,ignorada,M,neoplasias,cancer_estomago_c16,1
2024,8,ignorada,M,neoplasias,cancer_outros_c00_c97,1
2024,8,ignorada,M,neuro_mentais,"",1
2024,8,ignorada,M,outras,"",2
2024,8,ignorada,M,respiratorio,"",1
2024,8,ignorada,M,respiratorio,pneumonia_j12_j18,4
2024,9,0-9,F,circulatorio,cardiomiopatia_i42_i43,6
2024,9,0-9,F,circulatorio,cerebrovascular_i60_i69,8
2024,9,0-9,F,circulatorio,circulatorio_outras,8
2024,9,0-9,F,circulatorio,embolia_pulmonar_i26,3
2024,9,0-9,F,circulatorio,infarto_agudo_i21_i22,1
2024,9,0-9,F,circulatorio,insuf_cardiaca_i50,1
2024,9,0-9,F,covid,"",6
2024,9,0-9,F,digestivo,"",22
2024,9,0-9,F,endocrino_diabetes,"",13
2024,9,0-9,F,endocrino_diabetes,diabetes_e10_e14,1
2024,9,0-9,F,externas,"",115
2024,9,0-9,F,geniturinario,"",10
2024,9,0-9,F,infecciosas,"",49
2024,9,0-9,F,infecciosas,sepse_a40_a41,25
2024,9,0-9,F,mal_definidas,"",49
2024,9,0-9,F,neoplasias,cancer_hematologico_c81_c96,19
2024,9,0-9,F,neoplasias,cancer_outros_c00_c97,22
2024,9,0-9,F,neoplasias,neoplasia_in_situ_benigna_d00_d48,4
2024,9,0-9,F,neuro_mentais,"",37
2024,9,0-9,F,outras,"",828
2024,9,0-9,F,respiratorio,"",48
2024,9,0-9,F,respiratorio,pneumonia_j12_j18,65
2024,9,0-9,I,outras,"",14
2024,9,0-9,M,circulatorio,cardiomiopatia_i42_i43,5
2024,9,0-9,M,circulatorio,cardiopatia_mal_definida_i51,2
2024,9,0-9,M,circulatorio,cerebrovascular_i60_i69,12
2024,9,0-9,M,circulatorio,circulatorio_outras,6
2024,9,0-9,M,circulatorio,embolia_pulmonar_i26,3
2024,9,0-9,M,circulatorio,insuf_cardiaca_i50,1
2024,9,0-9,M,circulatorio,isquemica_outras_i20_i25,1
2024,9,0-9,M,circulatorio,miocardite_i40_i41,1
2024,9,0-9,M,circulatorio,parada_arritmia_i46_i49,1
2024,9,0-9,M,circulatorio,trombose_venosa_i80_i82,1
2024,9,0-9,M,covid,"",3
2024,9,0-9,M,digestivo,"",21
2024,9,0-9,M,endocrino_diabetes,"",25
2024,9,0-9,M,endocrino_diabetes,diabetes_e10_e14,1
2024,9,0-9,M,externas,"",159
2024,9,0-9,M,geniturinario,"",19
2024,9,0-9,M,infecciosas,"",56
2024,9,0-9,M,infecciosas,sepse_a40_a41,33
2024,9,0-9,M,mal_definidas,"",64
2024,9,0-9,M,neoplasias,cancer_hematologico_c81_c96,17
2024,9,0-9,M,neoplasias,cancer_outros_c00_c97,30
2024,9,0-9,M,neoplasias,cancer_pulmao_c34,1
2024,9,0-9,M,neoplasias,neoplasia_in_situ_benigna_d00_d48,3
2024,9,0-9,M,neuro_mentais,"",60
2024,9,0-9,M,outras,"",1052
2024,9,0-9,M,respiratorio,"",46
2024,9,0-9,M,respiratorio,pneumonia_j12_j18,76
2024,9,10-19,F,circulatorio,cardiomiopatia_i42_i43,4
2024,9,10-19,F,circulatorio,cerebrovascular_i60_i69,11
2024,9,10-19,F,circulatorio,circulatorio_outras,5
2024,9,10-19,F,circulatorio,embolia_pulmonar_i26,5
2024,9,10-19,F,circulatorio,infarto_agudo_i21_i22,1
2024,9,10-19,F,circulatorio,insuf_cardiaca_i50,1
2024,9,10-19,F,circulatorio,isquemica_outras_i20_i25,1
2024,9,10-19,F,circulatorio,miocardite_i40_i41,2
2024,9,10-19,F,circulatorio,parada_arritmia_i46_i49,1
2024,9,10-19,F,covid,"",1
2024,9,10-19,F,digestivo,"",14
2024,9,10-19,F,endocrino_diabetes,"",6
2024,9,10-19,F,endocrino_diabetes,diabetes_e10_e14,4
2024,9,10-19,F,externas,"",122
2024,9,10-19,F,geniturinario,"",9
2024,9,10-19,F,infecciosas,"",15
2024,9,10-19,F,infecciosas,sepse_a40_a41,6
2024,9,10-19,F,mal_definidas,"",27
2024,9,10-19,F,neoplasias,cancer_estomago_c16,1
2024,9,10-19,F,neoplasias,cancer_hematologico_c81_c96,17
2024,9,10-19,F,neoplasias,cancer_outros_c00_c97,24
2024,9,10-19,F,neoplasias,neoplasia_in_situ_benigna_d00_d48,1
2024,9,10-19,F,neuro_mentais,"",39
2024,9,10-19,F,outras,"",45
2024,9,10-19,F,respiratorio,"",10
2024,9,10-19,F,respiratorio,pneumonia_j12_j18,17
2024,9,10-19,M,circulatorio,cardiomiopatia_i42_i43,5
2024,9,10-19,M,circulatorio,cardiopatia_mal_definida_i51,1
2024,9,10-19,M,circulatorio,cerebrovascular_i60_i69,14
2024,9,10-19,M,circulatorio,circulatorio_outras,10
2024,9,10-19,M,circulatorio,embolia_pulmonar_i26,1
2024,9,10-19,M,circulatorio,infarto_agudo_i21_i22,6
2024,9,10-19,M,circulatorio,insuf_cardiaca_i50,4
2024,9,10-19,M,circulatorio,isquemica_outras_i20_i25,3
2024,9,10-19,M,circulatorio,parada_arritmia_i46_i49,4
2024,9,10-19,M,circulatorio,trombose_venosa_i80_i82,1
2024,9,10-19,M,covid,"",2
2024,9,10-19,M,digestivo,"",7
2024,9,10-19,M,endocrino_diabetes,"",4
2024,9,10-19,M,endocrino_diabetes,diabetes_e10_e14,2
2024,9,10-19,M,externas,"",735
2024,9,10-19,M,geniturinario,"",15
2024,9,10-19,M,infecciosas,"",19
2024,9,10-19,M,infecciosas,sepse_a40_a41,9
2024,9,10-19,M,mal_definidas,"",56
2024,9,10-19,M,neoplasias,cancer_colorretal_c18_c21,1
2024,9,10-19,M,neoplasias,cancer_estomago_c16,1
2024,9,10-19,M,neoplasias,cancer_hematologico_c81_c96,25
2024,9,10-19,M,neoplasias,cancer_outros_c00_c97,27
2024,9,10-19,M,neoplasias,cancer_pulmao_c34,1
2024,9,10-19,M,neoplasias,neoplasia_in_situ_benigna_d00_d48,3
2024,9,10-19,M,neuro_mentais,"",65
2024,9,10-19,M,outras,"",37
2024,9,10-19,M,respiratorio,"",12
2024,9,10-19,M,respiratorio,pneumonia_j12_j18,20
2024,9,20-29,F,circulatorio,cardiomiopatia_i42_i43,4
2024,9,20-29,F,circulatorio,cardiopatia_mal_definida_i51,2
2024,9,20-29,F,circulatorio,cerebrovascular_i60_i69,20
2024,9,20-29,F,circulatorio,circulatorio_outras,17
2024,9,20-29,F,circulatorio,embolia_pulmonar_i26,11
2024,9,20-29,F,circulatorio,infarto_agudo_i21_i22,11
2024,9,20-29,F,circulatorio,insuf_cardiaca_i50,2
2024,9,20-29,F,circulatorio,isquemica_outras_i20_i25,2
2024,9,20-29,F,circulatorio,parada_arritmia_i46_i49,2
2024,9,20-29,F,circulatorio,trombose_venosa_i80_i82,6
2024,9,20-29,F,digestivo,"",30
2024,9,20-29,F,endocrino_diabetes,"",14
2024,9,20-29,F,endocrino_diabetes,diabetes_e10_e14,12
2024,9,20-29,F,externas,"",310
2024,9,20-29,F,geniturinario,"",22
2024,9,20-29,F,infecciosas,"",44
2024,9,20-29,F,infecciosas,sepse_a40_a41,13
2024,9,20-29,F,mal_definidas,"",63
2024,9,20-29,F,neoplasias,cancer_colorretal_c18_c21,7
2024,9,20-29,F,neoplasias,cancer_estomago_c16,5
2024,9,20-29,F,neoplasias,cancer_hematologico_c81_c96,25
2024,9,20-29,F,neoplasias,cancer_mama_c50,19
2024,9,20-29,F,neoplasias,cancer_outros_c00_c97,68
2024,9,20-29,F,neoplasias,cancer_pancreas_c25,2
2024,9,20-29,F,neoplasias,cancer_pulmao_c34,1
2024,9,20-29,F,neoplasias,neoplasia_in_situ_benigna_d00_d48,3
2024,9,20-29,F,neuro_mentais,"",65
2024,9,20-29,F,neuro_mentais,alzheimer_g30,1
2024,9,20-29,F,outras,"",79
2024,9,20-29,F,respiratorio,"",21
2024,9,20-29,F,respiratorio,pneumonia_j12_j18,28
2024,9,20-29,I,respiratorio,pneumonia_j12_j18,1
2024,9,20-29,M,circulatorio,cardiomiopatia_i42_i43,14
2024,9,20-29,M,circulatorio,cardiopatia_mal_definida_i51,9
2024,9,20-29,M,circulatorio,cerebrovascular_i60_i69,27
2024,9,20-29,M,circulatorio,circulatorio_outras,23
2024,9,20-29,M,circulatorio,embolia_pulmonar_i26,7
2024,9,20-29,M,circulatorio,hipertensao_i10,2
2024,9,20-29,M,circulatorio,infarto_agudo_i21_i22,17
2024,9,20-29,M,circulatorio,insuf_cardiaca_i50,5
2024,9,20-29,M,circulatorio,isquemica_outras_i20_i25,8
2024,9,20-29,M,circulatorio,parada_arritmia_i46_i49,5
2024,9,20-29,M,circulatorio,trombose_venosa_i80_i82,1
2024,9,20-29,M,covid,"",2
2024,9,20-29,M,digestivo,"",45
2024,9,20-29,M,endocrino_diabetes,"",17
2024,9,20-29,M,endocrino_diabetes,diabetes_e10_e14,20
2024,9,20-29,M,externas,"",2263
2024,9,20-29,M,geniturinario,"",12
2024,9,20-29,M,infecciosas,"",101
2024,9,20-29,M,infecciosas,sepse_a40_a41,26
2024,9,20-29,M,mal_definidas,"",152
2024,9,20-29,M,neoplasias,cancer_colorretal_c18_c21,7
2024,9,20-29,M,neoplasias,cancer_estomago_c16,1
2024,9,20-29,M,neoplasias,cancer_hematologico_c81_c96,25
2024,9,20-29,M,neoplasias,cancer_outros_c00_c97,58
2024,9,20-29,M,neoplasias,cancer_pancreas_c25,1
2024,9,20-29,M,neoplasias,cancer_pulmao_c34,10
2024,9,20-29,M,neoplasias,neoplasia_in_situ_benigna_d00_d48,8
2024,9,20-29,M,neuro_mentais,"",101
2024,9,20-29,M,outras,"",31
2024,9,20-29,M,respiratorio,"",37
2024,9,20-29,M,respiratorio,pneumonia_j12_j18,42
2024,9,30-39,F,circulatorio,cardiomiopatia_i42_i43,8
2024,9,30-39,F,circulatorio,cardiopatia_mal_definida_i51,3
2024,9,30-39,F,circulatorio,cerebrovascular_i60_i69,57
2024,9,30-39,F,circulatorio,circulatorio_outras,28
2024,9,30-39,F,circulatorio,embolia_pulmonar_i26,24
2024,9,30-39,F,circulatorio,hipertensao_i10,12
2024,9,30-39,F,circulatorio,infarto_agudo_i21_i22,41
2024,9,30-39,F,circulatorio,insuf_cardiaca_i50,9
2024,9,30-39,F,circulatorio,isquemica_outras_i20_i25,7
2024,9,30-39,F,circulatorio,parada_arritmia_i46_i49,6
2024,9,30-39,F,circulatorio,trombose_venosa_i80_i82,7
2024,9,30-39,F,covid,"",5
2024,9,30-39,F,digestivo,"",57
2024,9,30-39,F,endocrino_diabetes,"",30
2024,9,30-39,F,endocrino_diabetes,diabetes_e10_e14,34
2024,9,30-39,F,externas,"",273
2024,9,30-39,F,geniturinario,"",53
2024,9,30-39,F,infecciosas,"",80
2024,9,30-39,F,infecciosas,sepse_a40_a41,25
2024,9,30-39,F,mal_definidas,"",99
2024,9,30-39,F,neoplasias,cancer_colorretal_c18_c21,22
2024,9,30-39,F,neoplasias,cancer_estomago_c16,16
2024,9,30-39,F,neoplasias,cancer_hematologico_c81_c96,32
2024,9,30-39,F,neoplasias,cancer_mama_c50,90
2024,9,30-39,F,neoplasias,cancer_outros_c00_c97,178
2024,9,30-39,F,neoplasias,cancer_pancreas_c25,5
2024,9,30-39,F,neoplasias,cancer_pulmao_c34,9
2024,9,30-39,F,neoplasias,neoplasia_in_situ_benigna_d00_d48,6
2024,9,30-39,F,neuro_mentais,"",62
2024,9,30-39,F,outras,"",93
2024,9,30-39,F,respiratorio,"",42
2024,9,30-39,F,respiratorio,pneumonia_j12_j18,55
2024,9,30-39,M,circulatorio,cardiomiopatia_i42_i43,27
2024,9,30-39,M,circulatorio,cardiopatia_mal_definida_i51,19
2024,9,30-39,M,circulatorio,cerebrovascular_i60_i69,63
2024,9,30-39,M,circulatorio,circulatorio_outras,52
2024,9,30-39,M,circulatorio,embolia_pulmonar_i26,16
2024,9,30-39,M,circulatorio,hipertensao_i10,12
2024,9,30-39,M,circulatorio,infarto_agudo_i21_i22,98
2024,9,30-39,M,circulatorio,insuf_cardiaca_i50,18
2024,9,30-39,M,circulatorio,isquemica_outras_i20_i25,5
2024,9,30-39,M,circulatorio,miocardite_i40_i41,1
2024,9,30-39,M,circulatorio,parada_arritmia_i46_i49,11
2024,9,30-39,M,circulatorio,trombose_venosa_i80_i82,4
2024,9,30-39,M,covid,"",6
2024,9,30-39,M,digestivo,"",152
2024,9,30-39,M,endocrino_diabetes,"",40
2024,9,30-39,M,endocrino_diabetes,diabetes_e10_e14,42
2024,9,30-39,M,externas,"",1855
2024,9,30-39,M,geniturinario,"",46
2024,9,30-39,M,infecciosas,"",212
2024,9,30-39,M,infecciosas,sepse_a40_a41,31
2024,9,30-39,M,mal_definidas,"",271
2024,9,30-39,M,neoplasias,cancer_colorretal_c18_c21,37
2024,9,30-39,M,neoplasias,cancer_estomago_c16,18
2024,9,30-39,M,neoplasias,cancer_hematologico_c81_c96,27
2024,9,30-39,M,neoplasias,cancer_mama_c50,2
2024,9,30-39,M,neoplasias,cancer_outros_c00_c97,88
2024,9,30-39,M,neoplasias,cancer_pancreas_c25,7
2024,9,30-39,M,neoplasias,cancer_pulmao_c34,9
2024,9,30-39,M,neoplasias,neoplasia_in_situ_benigna_d00_d48,5
2024,9,30-39,M,neuro_mentais,"",149
2024,9,30-39,M,outras,"",47
2024,9,30-39,M,respiratorio,"",68
2024,9,30-39,M,respiratorio,pneumonia_j12_j18,106
2024,9,40-49,F,circulatorio,cardiomiopatia_i42_i43,20
2024,9,40-49,F,circulatorio,cardiopatia_mal_definida_i51,8
2024,9,40-49,F,circulatorio,cerebrovascular_i60_i69,171
2024,9,40-49,F,circulatorio,circulatorio_outras,86
2024,9,40-49,F,circulatorio,embolia_pulmonar_i26,45
2024,9,40-49,F,circulatorio,hipertensao_i10,41
2024,9,40-49,F,circulatorio,infarto_agudo_i21_i22,144
2024,9,40-49,F,circulatorio,insuf_cardiaca_i50,24
2024,9,40-49,F,circulatorio,isquemica_outras_i20_i25,20
2024,9,40-49,F,circulatorio,miocardite_i40_i41,2
2024,9,40-49,F,circulatorio,parada_arritmia_i46_i49,19
2024,9,40-49,F,circulatorio,trombose_venosa_i80_i82,12
2024,9,40-49,F,covid,"",14
2024,9,40-49,F,digestivo,"",153
2024,9,40-49,F,endocrino_diabetes,"",46
2024,9,40-49,F,endocrino_diabetes,diabetes_e10_e14,94
2024,9,40-49,F,externas,"",273
2024,9,40-49,F,geniturinario,"",87
2024,9,40-49,F,infecciosas,"",122
2024,9,40-49,F,infecciosas,sepse_a40_a41,44
2024,9,40-49,F,mal_definidas,"",148
2024,9,40-49,F,neoplasias,cancer_colorretal_c18_c21,70
2024,9,40-49,F,neoplasias,cancer_estomago_c16,38
2024,9,40-49,F,neoplasias,cancer_hematologico_c81_c96,45
2024,9,40-49,F,neoplasias,cancer_mama_c50,253
2024,9,40-49,F,neoplasias,cancer_outros_c00_c97,414
2024,9,40-49,F,neoplasias,cancer_pancreas_c25,24
2024,9,40-49,F,neoplasias,cancer_pulmao_c34,38
2024,9,40-49,F,neoplasias,neoplasia_in_situ_benigna_d00_d48,23
2024,9,40-49,F,neuro_mentais,"",104
2024,9,40-49,F,outras,"",82
2024,9,40-49,F,respiratorio,"",102
2024,9,40-49,F,respiratorio,pneumonia_j12_j18,74
2024,9,40-49,I,digestivo,"",1
2024,9,40-49,M,circulatorio,cardiomiopatia_i42_i43,52
2024,9,40-49,M,circulatorio,cardiopatia_mal_definida_i51,18
2024,9,40-49,M,circulatorio,cerebrovascular_i60_i69,213
2024,9,40-49,M,circulatorio,circulatorio_outras,121
2024,9,40-49,M,circulatorio,embolia_pulmonar_i26,41
2024,9,40-49,M,circulatorio,hipertensao_i10,59
2024,9,40-49,M,circulatorio,infarto_agudo_i21_i22,359
2024,9,40-49,M,circulatorio,insuf_cardiaca_i50,62
2024,9,40-49,M,circulatorio,isquemica_outras_i20_i25,55
2024,9,40-49,M,circulatorio,parada_arritmia_i46_i49,32
2024,9,40-49,M,circulatorio,trombose_venosa_i80_i82,14
2024,9,40-49,M,covid,"",13
2024,9,40-49,M,digestivo,"",393
2024,9,40-49,M,endocrino_diabetes,"",51
2024,9,40-49,M,endocrino_diabetes,diabetes_e10_e14,129
2024,9,40-49,M,externas,"",1606
2024,9,40-49,M,geniturinario,"",74
2024,9,40-49,M,infecciosas,"",273
2024,9,40-49,M,infecciosas,sepse_a40_a41,53
2024,9,40-49,M,mal_definidas,"",494
2024,9,40-49,M,neoplasias,cancer_colorretal_c18_c21,88
2024,9,40-49,M,neoplasias,cancer_estomago_c16,37
2024,9,40-49,M,neoplasias,cancer_hematologico_c81_c96,59
2024,9,40-49,M,neoplasias,cancer_mama_c50,2
2024,9,40-49,M,neoplasias,cancer_outros_c00_c97,299
2024,9,40-49,M,neoplasias,cancer_pancreas_c25,30
2024,9,40-49,M,neoplasias,cancer_prostata_c61,4
2024,9,40-49,M,neoplasias,cancer_pulmao_c34,40
2024,9,40-49,M,neoplasias,neoplasia_in_situ_benigna_d00_d48,16
2024,9,40-49,M,neuro_mentais,"",264
2024,9,40-49,M,neuro_mentais,alzheimer_g30,1
2024,9,40-49,M,outras,"",79
2024,9,40-49,M,respiratorio,"",138
2024,9,40-49,M,respiratorio,pneumonia_j12_j18,202
2024,9,50-59,F,circulatorio,cardiomiopatia_i42_i43,26
2024,9,50-59,F,circulatorio,cardiopatia_mal_definida_i51,16
2024,9,50-59,F,circulatorio,cerebrovascular_i60_i69,334
2024,9,50-59,F,circulatorio,circulatorio_outras,157
2024,9,50-59,F,circulatorio,embolia_pulmonar_i26,38
2024,9,50-59,F,circulatorio,hipertensao_i10,80
2024,9,50-59,F,circulatorio,infarto_agudo_i21_i22,272
2024,9,50-59,F,circulatorio,insuf_cardiaca_i50,74
2024,9,50-59,F,circulatorio,isquemica_outras_i20_i25,69
2024,9,50-59,F,circulatorio,parada_arritmia_i46_i49,32
2024,9,50-59,F,circulatorio,trombose_venosa_i80_i82,13
2024,9,50-59,F,covid,"",22
2024,9,50-59,F,digestivo,"",261
2024,9,50-59,F,endocrino_diabetes,"",65
2024,9,50-59,F,endocrino_diabetes,diabetes_e10_e14,267
2024,9,50-59,F,externas,"",231
2024,9,50-59,F,geniturinario,"",146
2024,9,50-59,F,infecciosas,"",126
2024,9,50-59,F,infecciosas,sepse_a40_a41,70
2024,9,50-59,F,mal_definidas,"",208
2024,9,50-59,F,neoplasias,cancer_colorretal_c18_c21,128
2024,9,50-59,F,neoplasias,cancer_estomago_c16,50
2024,9,50-59,F,neoplasias,cancer_hematologico_c81_c96,71
2024,9,50-59,F,neoplasias,cancer_mama_c50,355
2024,9,50-59,F,neoplasias,cancer_outros_c00_c97,705
2024,9,50-59,F,neoplasias,cancer_pancreas_c25,79
2024,9,50-59,F,neoplasias,cancer_pulmao_c34,149
2024,9,50-59,F,neoplasias,neoplasia_in_situ_benigna_d00_d48,27
2024,9,50-59,F,neuro_mentais,"",134
2024,9,50-59,F,neuro_mentais,alzheimer_g30,2
2024,9,50-59,F,outras,"",130
2024,9,50-59,F,respiratorio,"",246
2024,9,50-59,F,respiratorio,pneumonia_j12_j18,220
2024,9,50-59,I,mal_definidas,"",1
2024,9,50-59,M,circulatorio,cardiomiopatia_i42_i43,106
2024,9,50-59,M,circulatorio,cardiopatia_mal_definida_i51,16
2024,9,50-59,M,circulatorio,cerebrovascular_i60_i69,480
2024,9,50-59,M,circulatorio,circulatorio_outras,287
2024,9,50-59,M,circulatorio,embolia_pulmonar_i26,41
2024,9,50-59,M,circulatorio,hipertensao_i10,161
2024,9,50-59,M,circulatorio,infarto_agudo_i21_i22,722
2024,9,50-59,M,circulatorio,insuf_cardiaca_i50,150
2024,9,50-59,M,circulatorio,isquemica_outras_i20_i25,144
2024,9,50-59,M,circulatorio,parada_arritmia_i46_i49,65
2024,9,50-59,M,circulatorio,trombose_venosa_i80_i82,12
2024,9,50-59,M,covid,"",13
2024,9,50-59,M,digestivo,"",691
2024,9,50-59,M,endocrino_diabetes,"",89
2024,9,50-59,M,endocrino_diabetes,diabetes_e10_e14,280
2024,9,50-59,M,externas,"",1234
2024,9,50-59,M,geniturinario,"",183
2024,9,50-59,M,infecciosas,"",259
2024,9,50-59,M,infecciosas,sepse_a40_a41,117
2024,9,50-59,M,mal_definidas,"",567
2024,9,50-59,M,neoplasias,cancer_colorretal_c18_c21,151
2024,9,50-59,M,neoplasias,cancer_estomago_c16,112
2024,9,50-59,M,neoplasias,cancer_hematologico_c81_c96,83
2024,9,50-59,M,neoplasias,cancer_mama_c50,4
2024,9,50-59,M,neoplasias,cancer_outros_c00_c97,793
2024,9,50-59,M,neoplasias,cancer_pancreas_c25,82
2024,9,50-59,M,neoplasias,cancer_prostata_c61,42
2024,9,50-59,M,neoplasias,cancer_pulmao_c34,154
2024,9,50-59,M,neoplasias,neoplasia_in_situ_benigna_d00_d48,27
2024,9,50-59,M,neuro_mentais,"",319
2024,9,50-59,M,neuro_mentais,alzheimer_g30,5
2024,9,50-59,M,outras,"",121
2024,9,50-59,M,respiratorio,"",274
2024,9,50-59,M,respiratorio,pneumonia_j12_j18,361
2024,9,60-69,F,circulatorio,cardiomiopatia_i42_i43,61
2024,9,60-69,F,circulatorio,cardiopatia_mal_definida_i51,37
2024,9,60-69,F,circulatorio,cerebrovascular_i60_i69,664
2024,9,60-69,F,circulatorio,circulatorio_outras,413
2024,9,60-69,F,circulatorio,embolia_pulmonar_i26,87
2024,9,60-69,F,circulatorio,hipertensao_i10,173
2024,9,60-69,F,circulatorio,infarto_agudo_i21_i22,608
2024,9,60-69,F,circulatorio,insuf_cardiaca_i50,209
2024,9,60-69,F,circulatorio,isquemica_outras_i20_i25,141
2024,9,60-69,F,circulatorio,parada_arritmia_i46_i49,61
2024,9,60-69,F,circulatorio,trombose_venosa_i80_i82,17
2024,9,60-69,F,covid,"",38
2024,9,60-69,F,digestivo,"",523
2024,9,60-69,F,endocrino_diabetes,"",100
2024,9,60-69,F,endocrino_diabetes,diabetes_e10_e14,532
2024,9,60-69,F,externas,"",289
2024,9,60-69,F,geniturinario,"",319
2024,9,60-69,F,infecciosas,"",172
2024,9,60-69,F,infecciosas,sepse_a40_a41,171
2024,9,60-69,F,mal_definidas,"",337
2024,9,60-69,F,neoplasias,cancer_colorretal_c18_c21,240
2024,9,60-69,F,neoplasias,cancer_estomago_c16,86
2024,9,60-69,F,neoplasias,cancer_hematologico_c81_c96,132
2024,9,60-69,F,neoplasias,cancer_mama_c50,395
2024,9,60-69,F,neoplasias,cancer_outros_c00_c97,1101
2024,9,60-69,F,neoplasias,cancer_pancreas_c25,148
2024,9,60-69,F,neoplasias,cancer_pulmao_c34,409
2024,9,60-69,F,neoplasias,neoplasia_in_situ_benigna_d00_d48,55
2024,9,60-69,F,neuro_mentais,"",171
2024,9,60-69,F,neuro_mentais,alzheimer_g30,66
2024,9,60-69,F,outras,"",170
2024,9,60-69,F,respiratorio,"",656
2024,9,60-69,F,respiratorio,pneumonia_j12_j18,477
2024,9,60-69,I,externas,"",1
2024,9,60-69,M,circulatorio,cardiomiopatia_i42_i43,111
2024,9,60-69,M,circulatorio,cardiopatia_mal_definida_i51,41
2024,9,60-69,M,circulatorio,cerebrovascular_i60_i69,891
2024,9,60-69,M,circulatorio,circulatorio_outras,540
2024,9,60-69,M,circulatorio,embolia_pulmonar_i26,81
2024,9,60-69,M,circulatorio,hipertensao_i10,248
2024,9,60-69,M,circulatorio,infarto_agudo_i21_i22,1193
2024,9,60-69,M,circulatorio,insuf_cardiaca_i50,268
2024,9,60-69,M,circulatorio,isquemica_outras_i20_i25,299
2024,9,60-69,M,circulatorio,miocardite_i40_i41,1
2024,9,60-69,M,circulatorio,parada_arritmia_i46_i49,113
2024,9,60-69,M,circulatorio,trombose_venosa_i80_i82,12
2024,9,60-69,M,covid,"",36
2024,9,60-69,M,digestivo,"",824
2024,9,60-69,M,endocrino_diabetes,"",108
2024,9,60-69,M,endocrino_diabetes,diabetes_e10_e14,624
2024,9,60-69,M,externas,"",915
2024,9,60-69,M,geniturinario,"",375
2024,9,60-69,M,infecciosas,"",292
2024,9,60-69,M,infecciosas,sepse_a40_a41,240
2024,9,60-69,M,mal_definidas,"",777
2024,9,60-69,M,neoplasias,cancer_colorretal_c18_c21,289
2024,9,60-69,M,neoplasias,cancer_estomago_c16,197
2024,9,60-69,M,neoplasias,cancer_hematologico_c81_c96,173
2024,9,60-69,M,neoplasias,cancer_mama_c50,5
2024,9,60-69,M,neoplasias,cancer_outros_c00_c97,1308
2024,9,60-69,M,neoplasias,cancer_pancreas_c25,153
2024,9,60-69,M,neoplasias,cancer_prostata_c61,249
2024,9,60-69,M,neoplasias,cancer_pulmao_c34,445
2024,9,60-69,M,neoplasias,neoplasia_in_situ_benigna_d00_d48,57
2024,9,60-69,M,neuro_mentais,"",357
2024,9,60-69,M,neuro_mentais,alzheimer_g30,43
2024,9,60-69,M,outras,"",190
2024,9,60-69,M,respiratorio,"",723
2024,9,60-69,M,respiratorio,pneumonia_j12_j18,646
2024,9,70-79,F,circulatorio,cardiomiopatia_i42_i43,74
2024,9,70-79,F,circulatorio,cardiopatia_mal_definida_i51,33
2024,9,70-79,F,circulatorio,cerebrovascular_i60_i69,1064
2024,9,70-79,F,circulatorio,circulatorio_outras,614
2024,9,70-79,F,circulatorio,embolia_pulmonar_i26,93
2024,9,70-79,F,circulatorio,hipertensao_i10,290
2024,9,70-79,F,circulatorio,infarto_agudo_i21_i22,783
2024,9,70-79,F,circulatorio,insuf_cardiaca_i50,362
2024,9,70-79,F,circulatorio,isquemica_outras_i20_i25,243
2024,9,70-79,F,circulatorio,parada_arritmia_i46_i49,134
2024,9,70-79,F,circulatorio,trombose_venosa_i80_i82,24
2024,9,70-79,F,covid,"",65
2024,9,70-79,F,digestivo,"",642
2024,9,70-79,F,endocrino_diabetes,"",153
2024,9,70-79,F,endocrino_diabetes,diabetes_e10_e14,760
2024,9,70-79,F,externas,"",401
2024,9,70-79,F,geniturinario,"",581
2024,9,70-79,F,infecciosas,"",232
2024,9,70-79,F,infecciosas,sepse_a40_a41,300
2024,9,70-79,F,mal_definidas,"",521
2024,9,70-79,F,neoplasias,cancer_colorretal_c18_c21,250
2024,9,70-79,F,neoplasias,cancer_estomago_c16,108
2024,9,70-79,F,neoplasias,cancer_hematologico_c81_c96,178
2024,9,70-79,F,neoplasias,cancer_mama_c50,274
2024,9,70-79,F,neoplasias,cancer_outros_c00_c97,1043
2024,9,70-79,F,neoplasias,cancer_pancreas_c25,171
2024,9,70-79,F,neoplasias,cancer_prostata_c61,1
2024,9,70-79,F,neoplasias,cancer_pulmao_c34,369
2024,9,70-79,F,neoplasias,neoplasia_in_situ_benigna_d00_d48,58
2024,9,70-79,F,neuro_mentais,"",290
2024,9,70-79,F,neuro_mentais,alzheimer_g30,273
2024,9,70-79,F,outras,"",298
2024,9,70-79,F,respiratorio,"",1040
2024,9,70-79,F,respiratorio,pneumonia_j12_j18,864
2024,9,70-79,I,circulatorio,cerebrovascular_i60_i69,1
2024,9,70-79,I,circulatorio,insuf_cardiaca_i50,1
2024,9,70-79,M,circulatorio,cardiomiopatia_i42_i43,92
2024,9,70-79,M,circulatorio,cardiopatia_mal_definida_i51,46
2024,9,70-79,M,circulatorio,cerebrovascular_i60_i69,1260
2024,9,70-79,M,circulatorio,circulatorio_outras,643
2024,9,70-79,M,circulatorio,embolia_pulmonar_i26,68
2024,9,70-79,M,circulatorio,hipertensao_i10,292
2024,9,70-79,M,circulatorio,infarto_agudo_i21_i22,1204
2024,9,70-79,M,circulatorio,insuf_cardiaca_i50,363
2024,9,70-79,M,circulatorio,isquemica_outras_i20_i25,357
2024,9,70-79,M,circulatorio,parada_arritmia_i46_i49,157
2024,9,70-79,M,circulatorio,trombose_venosa_i80_i82,25
2024,9,70-79,M,covid,"",55
2024,9,70-79,M,digestivo,"",804
2024,9,70-79,M,endocrino_diabetes,"",131
2024,9,70-79,M,endocrino_diabetes,diabetes_e10_e14,739
2024,9,70-79,M,externas,"",640
2024,9,70-79,M,geniturinario,"",573
2024,9,70-79,M,infecciosas,"",289
2024,9,70-79,M,infecciosas,sepse_a40_a41,294
2024,9,70-79,M,mal_definidas,"",714
2024,9,70-79,M,neoplasias,cancer_colorretal_c18_c21,255
2024,9,70-79,M,neoplasias,cancer_estomago_c16,219
2024,9,70-79,M,neoplasias,cancer_hematologico_c81_c96,162
2024,9,70-79,M,neoplasias,cancer_mama_c50,5
2024,9,70-79,M,neoplasias,cancer_outros_c00_c97,1170
2024,9,70-79,M,neoplasias,cancer_pancreas_c25,166
2024,9,70-79,M,neoplasias,cancer_prostata_c61,508
2024,9,70-79,M,neoplasias,cancer_pulmao_c34,502
2024,9,70-79,M,neoplasias,neoplasia_in_situ_benigna_d00_d48,59
2024,9,70-79,M,neuro_mentais,"",359
2024,9,70-79,M,neuro_mentais,alzheimer_g30,215
2024,9,70-79,M,outras,"",256
2024,9,70-79,M,respiratorio,"",1096
2024,9,70-79,M,respiratorio,pneumonia_j12_j18,1060
2024,9,80+,F,circulatorio,cardiomiopatia_i42_i43,118
2024,9,80+,F,circulatorio,cardiopatia_mal_definida_i51,58
2024,9,80+,F,circulatorio,cerebrovascular_i60_i69,1869
2024,9,80+,F,circulatorio,circulatorio_outras,1116
2024,9,80+,F,circulatorio,embolia_pulmonar_i26,164
2024,9,80+,F,circulatorio,hipertensao_i10,784
2024,9,80+,F,circulatorio,infarto_agudo_i21_i22,982
2024,9,80+,F,circulatorio,insuf_cardiaca_i50,786
2024,9,80+,F,circulatorio,isquemica_outras_i20_i25,416
2024,9,80+,F,circulatorio,miocardite_i40_i41,1
2024,9,80+,F,circulatorio,parada_arritmia_i46_i49,364
2024,9,80+,F,circulatorio,trombose_venosa_i80_i82,48
2024,9,80+,F,covid,"",134
2024,9,80+,F,digestivo,"",988
2024,9,80+,F,endocrino_diabetes,"",339
2024,9,80+,F,endocrino_diabetes,diabetes_e10_e14,1150
2024,9,80+,F,externas,"",831
2024,9,80+,F,geniturinario,"",1530
2024,9,80+,F,infecciosas,"",414
2024,9,80+,F,infecciosas,sepse_a40_a41,509
2024,9,80+,F,mal_definidas,"",1256
2024,9,80+,F,neoplasias,cancer_colorretal_c18_c21,234
2024,9,80+,F,neoplasias,cancer_estomago_c16,98
2024,9,80+,F,neoplasias,cancer_hematologico_c81_c96,145
2024,9,80+,F,neoplasias,cancer_mama_c50,302
2024,9,80+,F,neoplasias,cancer_outros_c00_c97,975
2024,9,80+,F,neoplasias,cancer_pancreas_c25,154
2024,9,80+,F,neoplasias,cancer_prostata_c61,1
2024,9,80+,F,neoplasias,cancer_pulmao_c34,266
2024,9,80+,F,neoplasias,neoplasia_in_situ_benigna_d00_d48,73
2024,9,80+,F,neuro_mentais,"",736
2024,9,80+,F,neuro_mentais,alzheimer_g30,1334
2024,9,80+,F,outras,"",534
2024,9,80+,F,respiratorio,"",1872
2024,9,80+,F,respiratorio,pneumonia_j12_j18,2678
2024,9,80+,I,circulatorio,cerebrovascular_i60_i69,1
2024,9,80+,I,geniturinario,"",1
2024,9,80+,I,neoplasias,cancer_mama_c50,1
2024,9,80+,I,neoplasias,cancer_pulmao_c34,1
2024,9,80+,M,circulatorio,cardiomiopatia_i42_i43,83
2024,9,80+,M,circulatorio,cardiopatia_mal_definida_i51,65
2024,9,80+,M,circulatorio,cerebrovascular_i60_i69,1408
2024,9,80+,M,circulatorio,circulatorio_outras,736
2024,9,80+,M,circulatorio,embolia_pulmonar_i26,90
2024,9,80+,M,circulatorio,hipertensao_i10,435
2024,9,80+,M,circulatorio,infarto_agudo_i21_i22,838
2024,9,80+,M,circulatorio,insuf_cardiaca_i50,555
2024,9,80+,M,circulatorio,isquemica_outras_i20_i25,325
2024,9,80+,M,circulatorio,miocardite_i40_i41,1
2024,9,80+,M,circulatorio,parada_arritmia_i46_i49,207
2024,9,80+,M,circulatorio,trombose_venosa_i80_i82,15
2024,9,80+,M,covid,"",114
2024,9,80+,M,digestivo,"",674
2024,9,80+,M,endocrino_diabetes,"",200
2024,9,80+,M,endocrino_diabetes,diabetes_e10_e14,669
2024,9,80+,M,externas,"",625
2024,9,80+,M,geniturinario,"",1018
2024,9,80+,M,infecciosas,"",231
2024,9,80+,M,infecciosas,sepse_a40_a41,376
2024,9,80+,M,mal_definidas,"",901
2024,9,80+,M,neoplasias,cancer_colorretal_c18_c21,185
2024,9,80+,M,neoplasias,cancer_estomago_c16,129
2024,9,80+,M,neoplasias,cancer_hematologico_c81_c96,144
2024,9,80+,M,neoplasias,cancer_mama_c50,7
2024,9,80+,M,neoplasias,cancer_outros_c00_c97,793
2024,9,80+,M,neoplasias,cancer_pancreas_c25,102
2024,9,80+,M,neoplasias,cancer_prostata_c61,605
2024,9,80+,M,neoplasias,cancer_pulmao_c34,270
2024,9,80+,M,neoplasias,neoplasia_in_situ_benigna_d00_d48,49
2024,9,80+,M,neuro_mentais,"",533
2024,9,80+,M,neuro_mentais,alzheimer_g30,599
2024,9,80+,M,outras,"",283
2024,9,80+,M,respiratorio,"",1530
2024,9,80+,M,respiratorio,pneumonia_j12_j18,1901
2024,9,ignorada,F,externas,"",7
2024,9,ignorada,F,infecciosas,"",1
2024,9,ignorada,F,mal_definidas,"",4
2024,9,ignorada,I,circulatorio,infarto_agudo_i21_i22,1
2024,9,ignorada,I,externas,"",11
2024,9,ignorada,I,infecciosas,"",1
2024,9,ignorada,I,mal_definidas,"",5
2024,9,ignorada,I,respiratorio,pneumonia_j12_j18,1
2024,9,ignorada,M,circulatorio,cardiomiopatia_i42_i43,1
2024,9,ignorada,M,circulatorio,cerebrovascular_i60_i69,1
2024,9,ignorada,M,circulatorio,infarto_agudo_i21_i22,3
2024,9,ignorada,M,externas,"",50
2024,9,ignorada,M,infecciosas,"",1
2024,9,ignorada,M,infecciosas,sepse_a40_a41,3
2024,9,ignorada,M,mal_definidas,"",21
2024,9,ignorada,M,neoplasias,cancer_outros_c00_c97,1
2024,9,ignorada,M,neuro_mentais,"",2
2024,9,ignorada,M,outras,"",1
2024,9,ignorada,M,respiratorio,"",2
2024,9,ignorada,M,respiratorio,pneumonia_j12_j18,2
2024,10,0-9,F,circulatorio,cardiomiopatia_i42_i43,4
2024,10,0-9,F,circulatorio,cardiopatia_mal_definida_i51,1
2024,10,0-9,F,circulatorio,cerebrovascular_i60_i69,4
2024,10,0-9,F,circulatorio,circulatorio_outras,3
2024,10,0-9,F,circulatorio,embolia_pulmonar_i26,2
2024,10,0-9,F,circulatorio,hipertensao_i10,1
2024,10,0-9,F,circulatorio,infarto_agudo_i21_i22,1
2024,10,0-9,F,circulatorio,miocardite_i40_i41,2
2024,10,0-9,F,circulatorio,parada_arritmia_i46_i49,1
2024,10,0-9,F,covid,"",5
2024,10,0-9,F,digestivo,"",20
2024,10,0-9,F,endocrino_diabetes,"",14
2024,10,0-9,F,externas,"",97
2024,10,0-9,F,geniturinario,"",9
2024,10,0-9,F,infecciosas,"",53
2024,10,0-9,F,infecciosas,sepse_a40_a41,22
2024,10,0-9,F,mal_definidas,"",56
2024,10,0-9,F,neoplasias,cancer_hematologico_c81_c96,9
2024,10,0-9,F,neoplasias,cancer_outros_c00_c97,32
2024,10,0-9,F,neoplasias,neoplasia_in_situ_benigna_d00_d48,1
2024,10,0-9,F,neuro_mentais,"",48
2024,10,0-9,F,outras,"",879
2024,10,0-9,F,respiratorio,"",37
2024,10,0-9,F,respiratorio,pneumonia_j12_j18,40
2024,10,0-9,I,externas,"",1
2024,10,0-9,I,outras,"",7
2024,10,0-9,M,circulatorio,cardiomiopatia_i42_i43,3
2024,10,0-9,M,circulatorio,cardiopatia_mal_definida_i51,4
2024,10,0-9,M,circulatorio,cerebrovascular_i60_i69,5
2024,10,0-9,M,circulatorio,circulatorio_outras,6
2024,10,0-9,M,circulatorio,embolia_pulmonar_i26,1
2024,10,0-9,M,circulatorio,hipertensao_i10,1
2024,10,0-9,M,circulatorio,infarto_agudo_i21_i22,1
2024,10,0-9,M,circulatorio,insuf_cardiaca_i50,3
2024,10,0-9,M,circulatorio,isquemica_outras_i20_i25,1
2024,10,0-9,M,circulatorio,parada_arritmia_i46_i49,2
2024,10,0-9,M,circulatorio,trombose_venosa_i80_i82,2
2024,10,0-9,M,covid,"",4
2024,10,0-9,M,digestivo,"",30
2024,10,0-9,M,endocrino_diabetes,"",17
2024,10,0-9,M,endocrino_diabetes,diabetes_e10_e14,1
2024,10,0-9,M,externas,"",127
2024,10,0-9,M,geniturinario,"",8
2024,10,0-9,M,infecciosas,"",53
2024,10,0-9,M,infecciosas,sepse_a40_a41,32
2024,10,0-9,M,mal_definidas,"",57
2024,10,0-9,M,neoplasias,cancer_hematologico_c81_c96,13
2024,10,0-9,M,neoplasias,cancer_outros_c00_c97,22
2024,10,0-9,M,neoplasias,neoplasia_in_situ_benigna_d00_d48,4
2024,10,0-9,M,neuro_mentais,"",52
2024,10,0-9,M,outras,"",1093
2024,10,0-9,M,respiratorio,"",47
2024,10,0-9,M,respiratorio,pneumonia_j12_j18,64
2024,10,10-19,F,circulatorio,cardiomiopatia_i42_i43,2
2024,10,10-19,F,circulatorio,cerebrovascular_i60_i69,5
2024,10,10-19,F,circulatorio,circulatorio_outras,6
2024,10,10-19,F,circulatorio,embolia_pulmonar_i26,3
2024,10,10-19,F,circulatorio,infarto_agudo_i21_i22,2
2024,10,10-19,F,circulatorio,insuf_cardiaca_i50,1
2024,10,10-19,F,circulatorio,isquemica_outras_i20_i25,1
2024,10,10-19,F,digestivo,"",17
2024,10,10-19,F,endocrino_diabetes,"",10
2024,10,10-19,F,endocrino_diabetes,diabetes_e10_e14,5
2024,10,10-19,F,externas,"",133
2024,10,10-19,F,geniturinario,"",9
2024,10,10-19,F,infecciosas,"",17
2024,10,10-19,F,infecciosas,sepse_a40_a41,5
2024,10,10-19,F,mal_definidas,"",30
2024,10,10-19,F,neoplasias,cancer_colorretal_c18_c21,1
2024,10,10-19,F,neoplasias,cancer_hematologico_c81_c96,11
2024,10,10-19,F,neoplasias,cancer_mama_c50,1
2024,10,10-19,F,neoplasias,cancer_outros_c00_c97,29
2024,10,10-19,F,neuro_mentais,"",37
2024,10,10-19,F,outras,"",33
2024,10,10-19,F,respiratorio,"",20
2024,10,10-19,F,respiratorio,pneumonia_j12_j18,17
2024,10,10-19,M,circulatorio,cardiomiopatia_i42_i43,6
2024,10,10-19,M,circulatorio,cerebrovascular_i60_i69,8
2024,10,10-19,M,circulatorio,circulatorio_outras,11
2024,10,10-19,M,circulatorio,embolia_pulmonar_i26,1
2024,10,10-19,M,circulatorio,infarto_agudo_i21_i22,7
2024,10,10-19,M,circulatorio,insuf_cardiaca_i50,1
2024,10,10-19,M,circulatorio,isquemica_outras_i20_i25,1
2024,10,10-19,M,circulatorio,parada_arritmia_i46_i49,3
2024,10,10-19,M,covid,"",1
2024,10,10-19,M,digestivo,"",9
2024,10,10-19,M,endocrino_diabetes,"",3
2024,10,10-19,M,endocrino_diabetes,diabetes_e10_e14,3
2024,10,10-19,M,externas,"",779
2024,10,10-19,M,geniturinario,"",5
2024,10,10-19,M,infecciosas,"",24
2024,10,10-19,M,infecciosas,sepse_a40_a41,9
2024,10,10-19,M,mal_definidas,"",41
2024,10,10-19,M,neoplasias,cancer_hematologico_c81_c96,29
2024,10,10-19,M,neoplasias,cancer_outros_c00_c97,23
2024,10,10-19,M,neoplasias,cancer_pancreas_c25,1
2024,10,10-19,M,neoplasias,cancer_pulmao_c34,1
2024,10,10-19,M,neoplasias,neoplasia_in_situ_benigna_d00_d48,3
2024,10,10-19,M,neuro_mentais,"",42
2024,10,10-19,M,outras,"",35
2024,10,10-19,M,respiratorio,"",21
2024,10,10-19,M,respiratorio,pneumonia_j12_j18,23
2024,10,20-29,F,circulatorio,cardiomiopatia_i42_i43,8
2024,10,20-29,F,circulatorio,cerebrovascular_i60_i69,22
2024,10,20-29,F,circulatorio,circulatorio_outras,16
2024,10,20-29,F,circulatorio,embolia_pulmonar_i26,9
2024,10,20-29,F,circulatorio,hipertensao_i10,1
2024,10,20-29,F,circulatorio,infarto_agudo_i21_i22,11
2024,10,20-29,F,circulatorio,insuf_cardiaca_i50,4
2024,10,20-29,F,circulatorio,isquemica_outras_i20_i25,1
2024,10,20-29,F,circulatorio,miocardite_i40_i41,1
2024,10,20-29,F,circulatorio,parada_arritmia_i46_i49,1
2024,10,20-29,F,circulatorio,trombose_venosa_i80_i82,2
2024,10,20-29,F,covid,"",2
2024,10,20-29,F,digestivo,"",33
2024,10,20-29,F,endocrino_diabetes,"",10
2024,10,20-29,F,endocrino_diabetes,diabetes_e10_e14,17
2024,10,20-29,F,externas,"",284
2024,10,20-29,F,geniturinario,"",18
2024,10,20-29,F,infecciosas,"",47
2024,10,20-29,F,infecciosas,sepse_a40_a41,14
2024,10,20-29,F,mal_definidas,"",61
2024,10,20-29,F,neoplasias,cancer_colorretal_c18_c21,12
2024,10,20-29,F,neoplasias,cancer_estomago_c16,3
2024,10,20-29,F,neoplasias,cancer_hematologico_c81_c96,24
2024,10,20-29,F,neoplasias,cancer_mama_c50,16
2024,10,20-29,F,neoplasias,cancer_outros_c00_c97,45
2024,10,20-29,F,neoplasias,cancer_pancreas_c25,4
2024,10,20-29,F,neoplasias,cancer_pulmao_c34,5
2024,10,20-29,F,neoplasias,neoplasia_in_situ_benigna_d00_d48,2
2024,10,20-29,F,neuro_mentais,"",48
2024,10,20-29,F,outras,"",85
2024,10,20-29,F,respiratorio,"",20
2024,10,20-29,F,respiratorio,pneumonia_j12_j18,32
2024,10,20-29,M,circulatorio,cardiomiopatia_i42_i43,19
2024,10,20-29,M,circulatorio,cardiopatia_mal_definida_i51,3
2024,10,20-29,M,circulatorio,cerebrovascular_i60_i69,28
2024,10,20-29,M,circulatorio,circulatorio_outras,11
2024,10,20-29,M,circulatorio,embolia_pulmonar_i26,10
2024,10,20-29,M,circulatorio,hipertensao_i10,5
2024,10,20-29,M,circulatorio,infarto_agudo_i21_i22,28
2024,10,20-29,M,circulatorio,insuf_cardiaca_i50,12
2024,10,20-29,M,circulatorio,isquemica_outras_i20_i25,5
2024,10,20-29,M,circulatorio,miocardite_i40_i41,2
2024,10,20-29,M,circulatorio,parada_arritmia_i46_i49,4
2024,10,20-29,M,circulatorio,trombose_venosa_i80_i82,1
2024,10,20-29,M,digestivo,"",51
2024,10,20-29,M,endocrino_diabetes,"",12
2024,10,20-29,M,endocrino_diabetes,diabetes_e10_e14,8
2024,10,20-29,M,externas,"",2269
2024,10,20-29,M,geniturinario,"",18
2024,10,20-29,M,infecciosas,"",119
2024,10,20-29,M,infecciosas,sepse_a40_a41,15
2024,10,20-29,M,mal_definidas,"",149
2024,10,20-29,M,neoplasias,cancer_colorretal_c18_c21,9
2024,10,20-29,M,neoplasias,cancer_estomago_c16,3
2024,10,20-29,M,neoplasias,cancer_hematologico_c81_c96,31
2024,10,20-29,M,neoplasias,cancer_outros_c00_c97,56
2024,10,20-29,M,neoplasias,cancer_pancreas_c25,1
2024,10,20-29,M,neoplasias,cancer_prostata_c61,1
2024,10,20-29,M,neoplasias,cancer_pulmao_c34,10
2024,10,20-29,M,neoplasias,neoplasia_in_situ_benigna_d00_d48,3
2024,10,20-29,M,neuro_mentais,"",73
2024,10,20-29,M,outras,"",37
2024,10,20-29,M,respiratorio,"",30
2024,10,20-29,M,respiratorio,pneumonia_j12_j18,47
2024,10,30-39,F,circulatorio,cardiomiopatia_i42_i43,5
2024,10,30-39,F,circulatorio,cardiopatia_mal_definida_i51,5
2024,10,30-39,F,circulatorio,cerebrovascular_i60_i69,51
2024,10,30-39,F,circulatorio,circulatorio_outras,35
2024,10,30-39,F,circulatorio,embolia_pulmonar_i26,25
2024,10,30-39,F,circulatorio,hipertensao_i10,8
2024,10,30-39,F,circulatorio,infarto_agudo_i21_i22,30
2024,10,30-39,F,circulatorio,insuf_cardiaca_i50,12
2024,10,30-39,F,circulatorio,isquemica_outras_i20_i25,6
2024,10,30-39,F,circulatorio,parada_arritmia_i46_i49,8
2024,10,30-39,F,circulatorio,trombose_venosa_i80_i82,5
2024,10,30-39,F,covid,"",4
2024,10,30-39,F,digestivo,"",62
2024,10,30-39,F,endocrino_diabetes,"",28
2024,10,30-39,F,endocrino_diabetes,diabetes_e10_e14,36
2024,10,30-39,F,externas,"",283
2024,10,30-39,F,geniturinario,"",48
2024,10,30-39,F,infecciosas,"",84
2024,10,30-39,F,infecciosas,sepse_a40_a41,17
2024,10,30-39,F,mal_definidas,"",88
2024,10,30-39,F,neoplasias,cancer_colorretal_c18_c21,16
2024,10,30-39,F,neoplasias,cancer_estomago_c16,15
2024,10,30-39,F,neoplasias,cancer_hematologico_c81_c96,25
2024,10,30-39,F,neoplasias,cancer_mama_c50,106
2024,10,30-39,F,neoplasias,cancer_outros_c00_c97,213
2024,10,30-39,F,neoplasias,cancer_pancreas_c25,7
2024,10,30-39,F,neoplasias,cancer_pulmao_c34,10
2024,10,30-39,F,neoplasias,neoplasia_in_situ_benigna_d00_d48,8
2024,10,30-39,F,neuro_mentais,"",56
2024,10,30-39,F,outras,"",99
2024,10,30-39,F,respiratorio,"",40
2024,10,30-39,F,respiratorio,pneumonia_j12_j18,52
2024,10,30-39,I,circulatorio,infarto_agudo_i21_i22,1
2024,10,30-39,M,circulatorio,cardiomiopatia_i42_i43,40
2024,10,30-39,M,circulatorio,cardiopatia_mal_definida_i51,8
2024,10,30-39,M,circulatorio,cerebrovascular_i60_i69,77
2024,10,30-39,M,circulatorio,circulatorio_outras,49
2024,10,30-39,M,circulatorio,embolia_pulmonar_i26,15
2024,10,30-39,M,circulatorio,hipertensao_i10,16
2024,10,30-39,M,circulatorio,infarto_agudo_i21_i22,116
2024,10,30-39,M,circulatorio,insuf_cardiaca_i50,16
2024,10,30-39,M,circulatorio,isquemica_outras_i20_i25,16
2024,10,30-39,M,circulatorio,miocardite_i40_i41,2
2024,10,30-39,M,circulatorio,parada_arritmia_i46_i49,9
2024,10,30-39,M,circulatorio,trombose_venosa_i80_i82,5
2024,10,30-39,M,covid,"",2
2024,10,30-39,M,digestivo,"",168
2024,10,30-39,M,endocrino_diabetes,"",34
2024,10,30-39,M,endocrino_diabetes,diabetes_e10_e14,50
2024,10,30-39,M,externas,"",1867
2024,10,30-39,M,geniturinario,"",41
2024,10,30-39,M,infecciosas,"",207
2024,10,30-39,M,infecciosas,sepse_a40_a41,30
2024,10,30-39,M,mal_definidas,"",263
2024,10,30-39,M,neoplasias,cancer_colorretal_c18_c21,25
2024,10,30-39,M,neoplasias,cancer_estomago_c16,7
2024,10,30-39,M,neoplasias,cancer_hematologico_c81_c96,32
2024,10,30-39,M,neoplasias,cancer_outros_c00_c97,137
2024,10,30-39,M,neoplasias,cancer_pancreas_c25,10
2024,10,30-39,M,neoplasias,cancer_prostata_c61,1
2024,10,30-39,M,neoplasias,cancer_pulmao_c34,9
2024,10,30-39,M,neoplasias,neoplasia_in_situ_benigna_d00_d48,10
2024,10,30-39,M,neuro_mentais,"",144
2024,10,30-39,M,outras,"",51
2024,10,30-39,M,respiratorio,"",73
2024,10,30-39,M,respiratorio,pneumonia_j12_j18,99
2024,10,40-49,F,circulatorio,cardiomiopatia_i42_i43,28
2024,10,40-49,F,circulatorio,cardiopatia_mal_definida_i51,3
2024,10,40-49,F,circulatorio,cerebrovascular_i60_i69,187
2024,10,40-49,F,circulatorio,circulatorio_outras,65
2024,10,40-49,F,circulatorio,embolia_pulmonar_i26,38
2024,10,40-49,F,circulatorio,hipertensao_i10,41
2024,10,40-49,F,circulatorio,infarto_agudo_i21_i22,131
2024,10,40-49,F,circulatorio,insuf_cardiaca_i50,33
2024,10,40-49,F,circulatorio,isquemica_outras_i20_i25,22
2024,10,40-49,F,circulatorio,miocardite_i40_i41,1
2024,10,40-49,F,circulatorio,parada_arritmia_i46_i49,12
2024,10,40-49,F,circulatorio,trombose_venosa_i80_i82,9
2024,10,40-49,F,covid,"",5
2024,10,40-49,F,digestivo,"",157
2024,10,40-49,F,endocrino_diabetes,"",60
2024,10,40-49,F,endocrino_diabetes,diabetes_e10_e14,96
2024,10,40-49,F,externas,"",264
2024,10,40-49,F,geniturinario,"",78
2024,10,40-49,F,infecciosas,"",120
2024,10,40-49,F,infecciosas,sepse_a40_a41,44
2024,10,40-49,F,mal_definidas,"",175
2024,10,40-49,F,neoplasias,cancer_colorretal_c18_c21,82
2024,10,40-49,F,neoplasias,cancer_estomago_c16,41
2024,10,40-49,F,neoplasias,cancer_hematologico_c81_c96,32
2024,10,40-49,F,neoplasias,cancer_mama_c50,262
2024,10,40-49,F,neoplasias,cancer_outros_c00_c97,402
2024,10,40-49,F,neoplasias,cancer_pancreas_c25,25
2024,10,40-49,F,neoplasias,cancer_pulmao_c34,41
2024,10,40-49,F,neoplasias,neoplasia_in_situ_benigna_d00_d48,17
2024,10,40-49,F,neuro_mentais,"",88
2024,10,40-49,F,outras,"",98
2024,10,40-49,F,respiratorio,"",107
2024,10,40-49,F,respiratorio,pneumonia_j12_j18,111
2024,10,40-49,I,mal_definidas,"",2
2024,10,40-49,I,neoplasias,cancer_outros_c00_c97,1
2024,10,40-49,M,circulatorio,cardiomiopatia_i42_i43,58
2024,10,40-49,M,circulatorio,cardiopatia_mal_definida_i51,19
2024,10,40-49,M,circulatorio,cerebrovascular_i60_i69,240
2024,10,40-49,M,circulatorio,circulatorio_outras,150
2024,10,40-49,M,circulatorio,embolia_pulmonar_i26,30
2024,10,40-49,M,circulatorio,hipertensao_i10,47
2024,10,40-49,M,circulatorio,infarto_agudo_i21_i22,349
2024,10,40-49,M,circulatorio,insuf_cardiaca_i50,50
2024,10,40-49,M,circulatorio,isquemica_outras_i20_i25,52
2024,10,40-49,M,circulatorio,miocardite_i40_i41,2
2024,10,40-49,M,circulatorio,parada_arritmia_i46_i49,26
2024,10,40-49,M,circulatorio,trombose_venosa_i80_i82,8
2024,10,40-49,M,covid,"",9
2024,10,40-49,M,digestivo,"",422
2024,10,40-49,M,endocrino_diabetes,"",51
2024,10,40-49,M,endocrino_diabetes,diabetes_e10_e14,131
2024,10,40-49,M,externas,"",1512
2024,10,40-49,M,geniturinario,"",84
2024,10,40-49,M,infecciosas,"",273
2024,10,40-49,M,infecciosas,sepse_a40_a41,79
2024,10,40-49,M,mal_definidas,"",429
2024,10,40-49,M,neoplasias,cancer_colorretal_c18_c21,63
2024,10,40-49,M,neoplasias,cancer_estomago_c16,52
2024,10,40-49,M,neoplasias,cancer_hematologico_c81_c96,49
2024,10,40-49,M,neoplasias,cancer_outros_c00_c97,308
2024,10,40-49,M,neoplasias,cancer_pancreas_c25,42
2024,10,40-49,M,neoplasias,cancer_prostata_c61,11
2024,10,40-49,M,neoplasias,cancer_pulmao_c34,26
2024,10,40-49,M,neoplasias,neoplasia_in_situ_benigna_d00_d48,14
2024,10,40-49,M,neuro_mentais,"",226
2024,10,40-49,M,outras,"",89
2024,10,40-49,M,respiratorio,"",139
2024,10,40-49,M,respiratorio,pneumonia_j12_j18,203
2024,10,50-59,F,circulatorio,cardiomiopatia_i42_i43,32
2024,10,50-59,F,circulatorio,cardiopatia_mal_definida_i51,12
2024,10,50-59,F,circulatorio,cerebrovascular_i60_i69,337
2024,10,50-59,F,circulatorio,circulatorio_outras,173
2024,10,50-59,F,circulatorio,embolia_pulmonar_i26,45
2024,10,50-59,F,circulatorio,hipertensao_i10,77
2024,10,50-59,F,circulatorio,infarto_agudo_i21_i22,278
2024,10,50-59,F,circulatorio,insuf_cardiaca_i50,65
2024,10,50-59,F,circulatorio,isquemica_outras_i20_i25,56
2024,10,50-59,F,circulatorio,miocardite_i40_i41,1
2024,10,50-59,F,circulatorio,parada_arritmia_i46_i49,33
2024,10,50-59,F,circulatorio,trombose_venosa_i80_i82,10
2024,10,50-59,F,covid,"",14
2024,10,50-59,F,digestivo,"",260
2024,10,50-59,F,endocrino_diabetes,"",61
2024,10,50-59,F,endocrino_diabetes,diabetes_e10_e14,218
2024,10,50-59,F,externas,"",227
2024,10,50-59,F,geniturinario,"",139
2024,10,50-59,F,infecciosas,"",127
2024,10,50-59,F,infecciosas,sepse_a40_a41,85
2024,10,50-59,F,mal_definidas,"",231
2024,10,50-59,F,neoplasias,cancer_colorretal_c18_c21,160
2024,10,50-59,F,neoplasias,cancer_estomago_c16,66
2024,10,50-59,F,neoplasias,cancer_hematologico_c81_c96,72
2024,10,50-59,F,neoplasias,cancer_mama_c50,348
2024,10,50-59,F,neoplasias,cancer_outros_c00_c97,664
2024,10,50-59,F,neoplasias,cancer_pancreas_c25,69
2024,10,50-59,F,neoplasias,cancer_pulmao_c34,167
2024,10,50-59,F,neoplasias,neoplasia_in_situ_benigna_d00_d48,28
2024,10,50-59,F,neuro_mentais,"",120
2024,10,50-59,F,neuro_mentais,alzheimer_g30,3
2024,10,50-59,F,outras,"",124
2024,10,50-59,F,respiratorio,"",222
2024,10,50-59,F,respiratorio,pneumonia_j12_j18,219
2024,10,50-59,I,respiratorio,"",1
2024,10,50-59,M,circulatorio,cardiomiopatia_i42_i43,100
2024,10,50-59,M,circulatorio,cardiopatia_mal_definida_i51,21
2024,10,50-59,M,circulatorio,cerebrovascular_i60_i69,472
2024,10,50-59,M,circulatorio,circulatorio_outras,259
2024,10,50-59,M,circulatorio,embolia_pulmonar_i26,51
2024,10,50-59,M,circulatorio,hipertensao_i10,119
2024,10,50-59,M,circulatorio,infarto_agudo_i21_i22,710
2024,10,50-59,M,circulatorio,insuf_cardiaca_i50,138
2024,10,50-59,M,circulatorio,isquemica_outras_i20_i25,117
2024,10,50-59,M,circulatorio,miocardite_i40_i41,2
2024,10,50-59,M,circulatorio,parada_arritmia_i46_i49,64
2024,10,50-59,M,circulatorio,trombose_venosa_i80_i82,9
2024,10,50-59,M,covid,"",12
2024,10,50-59,M,digestivo,"",667
2024,10,50-59,M,endocrino_diabetes,"",92
2024,10,50-59,M,endocrino_diabetes,diabetes_e10_e14,309
2024,10,50-59,M,externas,"",1170
2024,10,50-59,M,geniturinario,"",186
2024,10,50-59,M,infecciosas,"",275
2024,10,50-59,M,infecciosas,sepse_a40_a41,142
2024,10,50-59,M,mal_definidas,"",630
2024,10,50-59,M,neoplasias,cancer_colorretal_c18_c21,175
2024,10,50-59,M,neoplasias,cancer_estomago_c16,114
2024,10,50-59,M,neoplasias,cancer_hematologico_c81_c96,87
2024,10,50-59,M,neoplasias,cancer_outros_c00_c97,780
2024,10,50-59,M,neoplasias,cancer_pancreas_c25,77
2024,10,50-59,M,neoplasias,cancer_prostata_c61,49
2024,10,50-59,M,neoplasias,cancer_pulmao_c34,130
2024,10,50-59,M,neoplasias,neoplasia_in_situ_benigna_d00_d48,30
2024,10,50-59,M,neuro_mentais,"",332
2024,10,50-59,M,neuro_mentais,alzheimer_g30,1
2024,10,50-59,M,outras,"",135
2024,10,50-59,M,respiratorio,"",294
2024,10,50-59,M,respiratorio,pneumonia_j12_j18,325
2024,10,60-69,F,circulatorio,cardiomiopatia_i42_i43,54
2024,10,60-69,F,circulatorio,cardiopatia_mal_definida_i51,22
2024,10,60-69,F,circulatorio,cerebrovascular_i60_i69,667
2024,10,60-69,F,circulatorio,circulatorio_outras,395
2024,10,60-69,F,circulatorio,embolia_pulmonar_i26,73
2024,10,60-69,F,circulatorio,hipertensao_i10,184
2024,10,60-69,F,circulatorio,infarto_agudo_i21_i22,648
2024,10,60-69,F,circulatorio,insuf_cardiaca_i50,196
2024,10,60-69,F,circulatorio,isquemica_outras_i20_i25,162
2024,10,60-69,F,circulatorio,parada_arritmia_i46_i49,65
2024,10,60-69,F,circulatorio,trombose_venosa_i80_i82,19
2024,10,60-69,F,covid,"",18
2024,10,60-69,F,digestivo,"",519
2024,10,60-69,F,endocrino_diabetes,"",93
2024,10,60-69,F,endocrino_diabetes,diabetes_e10_e14,485
2024,10,60-69,F,externas,"",262
2024,10,60-69,F,geniturinario,"",324
2024,10,60-69,F,infecciosas,"",164
2024,10,60-69,F,infecciosas,sepse_a40_a41,195
2024,10,60-69,F,mal_definidas,"",354
2024,10,60-69,F,neoplasias,cancer_colorretal_c18_c21,237
2024,10,60-69,F,neoplasias,cancer_estomago_c16,96
2024,10,60-69,F,neoplasias,cancer_hematologico_c81_c96,128
2024,10,60-69,F,neoplasias,cancer_mama_c50,364
2024,10,60-69,F,neoplasias,cancer_outros_c00_c97,1114
2024,10,60-69,F,neoplasias,cancer_pancreas_c25,132
2024,10,60-69,F,neoplasias,cancer_pulmao_c34,404
2024,10,60-69,F,neoplasias,neoplasia_in_situ_benigna_d00_d48,52
2024,10,60-69,F,neuro_mentais,"",207
2024,10,60-69,F,neuro_mentais,alzheimer_g30,49
2024,10,60-69,F,outras,"",175
2024,10,60-69,F,respiratorio,"",623
2024,10,60-69,F,respiratorio,pneumonia_j12_j18,471
2024,10,60-69,I,mal_definidas,"",1
2024,10,60-69,I,neoplasias,cancer_outros_c00_c97,1
2024,10,60-69,I,respiratorio,pneumonia_j12_j18,1
2024,10,60-69,M,circulatorio,cardiomiopatia_i42_i43,123
2024,10,60-69,M,circulatorio,cardiopatia_mal_definida_i51,47
2024,10,60-69,M,circulatorio,cerebrovascular_i60_i69,894
2024,10,60-69,M,circulatorio,circulatorio_outras,499
2024,10,60-69,M,circulatorio,embolia_pulmonar_i26,84
2024,10,60-69,M,circulatorio,hipertensao_i10,220
2024,10,60-69,M,circulatorio,infarto_agudo_i21_i22,1153
2024,10,60-69,M,circulatorio,insuf_cardiaca_i50,246
2024,10,60-69,M,circulatorio,isquemica_outras_i20_i25,297
2024,10,60-69,M,circulatorio,parada_arritmia_i46_i49,107
2024,10,60-69,M,circulatorio,trombose_venosa_i80_i82,20
2024,10,60-69,M,covid,"",25
2024,10,60-69,M,digestivo,"",889
2024,10,60-69,M,endocrino_diabetes,"",112
2024,10,60-69,M,endocrino_diabetes,diabetes_e10_e14,576
2024,10,60-69,M,externas,"",899
2024,10,60-69,M,geniturinario,"",340
2024,10,60-69,M,infecciosas,"",281
2024,10,60-69,M,infecciosas,sepse_a40_a41,209
2024,10,60-69,M,mal_definidas,"",741
2024,10,60-69,M,neoplasias,cancer_colorretal_c18_c21,300
2024,10,60-69,M,neoplasias,cancer_estomago_c16,206
2024,10,60-69,M,neoplasias,cancer_hematologico_c81_c96,174
2024,10,60-69,M,neoplasias,cancer_mama_c50,8
2024,10,60-69,M,neoplasias,cancer_outros_c00_c97,1335
2024,10,60-69,M,neoplasias,cancer_pancreas_c25,156
2024,10,60-69,M,neoplasias,cancer_prostata_c61,250
2024,10,60-69,M,neoplasias,cancer_pulmao_c34,416
2024,10,60-69,M,neoplasias,neoplasia_in_situ_benigna_d00_d48,49
2024,10,60-69,M,neuro_mentais,"",358
2024,10,60-69,M,neuro_mentais,alzheimer_g30,42
2024,10,60-69,M,outras,"",225
2024,10,60-69,M,respiratorio,"",662
2024,10,60-69,M,respiratorio,pneumonia_j12_j18,620
2024,10,70-79,F,circulatorio,cardiomiopatia_i42_i43,67
2024,10,70-79,F,circulatorio,cardiopatia_mal_definida_i51,32
2024,10,70-79,F,circulatorio,cerebrovascular_i60_i69,977
2024,10,70-79,F,circulatorio,circulatorio_outras,646
2024,10,70-79,F,circulatorio,embolia_pulmonar_i26,96
2024,10,70-79,F,circulatorio,hipertensao_i10,267
2024,10,70-79,F,circulatorio,infarto_agudo_i21_i22,825
2024,10,70-79,F,circulatorio,insuf_cardiaca_i50,329
2024,10,70-79,F,circulatorio,isquemica_outras_i20_i25,229
2024,10,70-79,F,circulatorio,parada_arritmia_i46_i49,134
2024,10,70-79,F,circulatorio,trombose_venosa_i80_i82,22
2024,10,70-79,F,covid,"",38
2024,10,70-79,F,digestivo,"",610
2024,10,70-79,F,endocrino_diabetes,"",146
2024,10,70-79,F,endocrino_diabetes,diabetes_e10_e14,801
2024,10,70-79,F,externas,"",383
2024,10,70-79,F,geniturinario,"",582
2024,10,70-79,F,infecciosas,"",205
2024,10,70-79,F,infecciosas,sepse_a40_a41,287
2024,10,70-79,F,mal_definidas,"",534
2024,10,70-79,F,neoplasias,cancer_colorretal_c18_c21,285
2024,10,70-79,F,neoplasias,cancer_estomago_c16,113
2024,10,70-79,F,neoplasias,cancer_hematologico_c81_c96,178
2024,10,70-79,F,neoplasias,cancer_mama_c50,274
2024,10,70-79,F,neoplasias,cancer_outros_c00_c97,1066
2024,10,70-79,F,neoplasias,cancer_pancreas_c25,186
2024,10,70-79,F,neoplasias,cancer_prostata_c61,1
2024,10,70-79,F,neoplasias,cancer_pulmao_c34,389
2024,10,70-79,F,neoplasias,neoplasia_in_situ_benigna_d00_d48,61
2024,10,70-79,F,neuro_mentais,"",249
2024,10,70-79,F,neuro_mentais,alzheimer_g30,254
2024,10,70-79,F,outras,"",247
2024,10,70-79,F,respiratorio,"",946
2024,10,70-79,F,respiratorio,pneumonia_j12_j18,811
2024,10,70-79,I,circulatorio,circulatorio_outras,1
2024,10,70-79,I,circulatorio,infarto_agudo_i21_i22,1
2024,10,70-79,M,circulatorio,cardiomiopatia_i42_i43,86
2024,10,70-79,M,circulatorio,cardiopatia_mal_definida_i51,50
2024,10,70-79,M,circulatorio,cerebrovascular_i60_i69,1240
2024,10,70-79,M,circulatorio,circulatorio_outras,676
2024,10,70-79,M,circulatorio,embolia_pulmonar_i26,67
2024,10,70-79,M,circulatorio,hipertensao_i10,266
2024,10,70-79,M,circulatorio,infarto_agudo_i21_i22,1121
2024,10,70-79,M,circulatorio,insuf_cardiaca_i50,367
2024,10,70-79,M,circulatorio,isquemica_outras_i20_i25,308
2024,10,70-79,M,circulatorio,parada_arritmia_i46_i49,171
2024,10,70-79,M,circulatorio,trombose_venosa_i80_i82,23
2024,10,70-79,M,covid,"",55
2024,10,70-79,M,digestivo,"",778
2024,10,70-79,M,endocrino_diabetes,"",144
2024,10,70-79,M,endocrino_diabetes,diabetes_e10_e14,705
2024,10,70-79,M,externas,"",606
2024,10,70-79,M,geniturinario,"",611
2024,10,70-79,M,infecciosas,"",224
2024,10,70-79,M,infecciosas,sepse_a40_a41,295
2024,10,70-79,M,mal_definidas,"",771
2024,10,70-79,M,neoplasias,cancer_colorretal_c18_c21,305
2024,10,70-79,M,neoplasias,cancer_estomago_c16,223
2024,10,70-79,M,neoplasias,cancer_hematologico_c81_c96,205
2024,10,70-79,M,neoplasias,cancer_mama_c50,8
2024,10,70-79,M,neoplasias,cancer_outros_c00_c97,1149
2024,10,70-79,M,neoplasias,cancer_pancreas_c25,196
2024,10,70-79,M,neoplasias,cancer_prostata_c61,480
2024,10,70-79,M,neoplasias,cancer_pulmao_c34,447
2024,10,70-79,M,neoplasias,neoplasia_in_situ_benigna_d00_d48,67
2024,10,70-79,M,neuro_mentais,"",361
2024,10,70-79,M,neuro_mentais,alzheimer_g30,206
2024,10,70-79,M,outras,"",225
2024,10,70-79,M,respiratorio,"",987
2024,10,70-79,M,respiratorio,pneumonia_j12_j18,963
2024,10,80+,F,circulatorio,cardiomiopatia_i42_i43,116
2024,10,80+,F,circulatorio,cardiopatia_mal_definida_i51,45
2024,10,80+,F,circulatorio,cerebrovascular_i60_i69,1727
2024,10,80+,F,circulatorio,circulatorio_outras,1055
2024,10,80+,F,circulatorio,embolia_pulmonar_i26,158
2024,10,80+,F,circulatorio,hipertensao_i10,735
2024,10,80+,F,circulatorio,infarto_agudo_i21_i22,959
2024,10,80+,F,circulatorio,insuf_cardiaca_i50,695
2024,10,80+,F,circulatorio,isquemica_outras_i20_i25,317
2024,10,80+,F,circulatorio,miocardite_i40_i41,4
2024,10,80+,F,circulatorio,parada_arritmia_i46_i49,318
2024,10,80+,F,circulatorio,trombose_venosa_i80_i82,38
2024,10,80+,F,covid,"",74
2024,10,80+,F,digestivo,"",940
2024,10,80+,F,endocrino_diabetes,"",289
2024,10,80+,F,endocrino_diabetes,diabetes_e10_e14,1116
2024,10,80+,F,externas,"",809
2024,10,80+,F,geniturinario,"",1438
2024,10,80+,F,infecciosas,"",360
2024,10,80+,F,infecciosas,sepse_a40_a41,510
2024,10,80+,F,mal_definidas,"",1271
2024,10,80+,F,neoplasias,cancer_colorretal_c18_c21,227
2024,10,80+,F,neoplasias,cancer_estomago_c16,104
2024,10,80+,F,neoplasias,cancer_hematologico_c81_c96,139
2024,10,80+,F,neoplasias,cancer_mama_c50,262
2024,10,80+,F,neoplasias,cancer_outros_c00_c97,963
2024,10,80+,F,neoplasias,cancer_pancreas_c25,163
2024,10,80+,F,neoplasias,cancer_prostata_c61,3
2024,10,80+,F,neoplasias,cancer_pulmao_c34,273
2024,10,80+,F,neoplasias,neoplasia_in_situ_benigna_d00_d48,57
2024,10,80+,F,neuro_mentais,"",678
2024,10,80+,F,neuro_mentais,alzheimer_g30,1271
2024,10,80+,F,outras,"",525
2024,10,80+,F,respiratorio,"",1658
2024,10,80+,F,respiratorio,pneumonia_j12_j18,2366
2024,10,80+,I,infecciosas,sepse_a40_a41,1
2024,10,80+,I,neoplasias,cancer_outros_c00_c97,1
2024,10,80+,I,neuro_mentais,alzheimer_g30,1
2024,10,80+,M,circulatorio,cardiomiopatia_i42_i43,98
2024,10,80+,M,circulatorio,cardiopatia_mal_definida_i51,45
2024,10,80+,M,circulatorio,cerebrovascular_i60_i69,1307
2024,10,80+,M,circulatorio,circulatorio_outras,729
2024,10,80+,M,circulatorio,embolia_pulmonar_i26,69
2024,10,80+,M,circulatorio,hipertensao_i10,415
2024,10,80+,M,circulatorio,infarto_agudo_i21_i22,827
2024,10,80+,M,circulatorio,insuf_cardiaca_i50,464
2024,10,80+,M,circulatorio,isquemica_outras_i20_i25,284
2024,10,80+,M,circulatorio,parada_arritmia_i46_i49,185
2024,10,80+,M,circulatorio,trombose_venosa_i80_i82,19
2024,10,80+,M,covid,"",54
2024,10,80+,M,digestivo,"",690
2024,10,80+,M,endocrino_diabetes,"",190
2024,10,80+,M,endocrino_diabetes,diabetes_e10_e14,608
2024,10,80+,M,externas,"",570
2024,10,80+,M,geniturinario,"",981
2024,10,80+,M,infecciosas,"",223
2024,10,80+,M,infecciosas,sepse_a40_a41,353
2024,10,80+,M,mal_definidas,"",898
2024,10,80+,M,neoplasias,cancer_colorretal_c18_c21,194
2024,10,80+,M,neoplasias,cancer_estomago_c16,134
2024,10,80+,M,neoplasias,cancer_hematologico_c81_c96,149
2024,10,80+,M,neoplasias,cancer_mama_c50,3
2024,10,80+,M,neoplasias,cancer_outros_c00_c97,825
2024,10,80+,M,neoplasias,cancer_pancreas_c25,114
2024,10,80+,M,neoplasias,cancer_prostata_c61,558
2024,10,80+,M,neoplasias,cancer_pulmao_c34,278
2024,10,80+,M,neoplasias,neoplasia_in_situ_benigna_d00_d48,63
2024,10,80+,M,neuro_mentais,"",485
2024,10,80+,M,neuro_mentais,alzheimer_g30,561
2024,10,80+,M,outras,"",284
2024,10,80+,M,respiratorio,"",1367
2024,10,80+,M,respiratorio,pneumonia_j12_j18,1691
2024,10,ignorada,F,circulatorio,cardiomiopatia_i42_i43,1
2024,10,ignorada,F,circulatorio,cerebrovascular_i60_i69,1
2024,10,ignorada,F,circulatorio,circulatorio_outras,1
2024,10,ignorada,F,externas,"",5
2024,10,ignorada,F,infecciosas,sepse_a40_a41,1
2024,10,ignorada,F,mal_definidas,"",1
2024,10,ignorada,F,respiratorio,pneumonia_j12_j18,1
2024,10,ignorada,I,externas,"",6
2024,10,ignorada,I,mal_definidas,"",3
2024,10,ignorada,M,circulatorio,cardiomiopatia_i42_i43,1
2024,10,ignorada,M,circulatorio,cerebrovascular_i60_i69,2
2024,10,ignorada,M,circulatorio,embolia_pulmonar_i26,1
2024,10,ignorada,M,circulatorio,infarto_agudo_i21_i22,4
2024,10,ignorada,M,digestivo,"",1
2024,10,ignorada,M,externas,"",43
2024,10,ignorada,M,infecciosas,"",1
2024,10,ignorada,M,mal_definidas,"",19
2024,10,ignorada,M,neoplasias,cancer_outros_c00_c97,1
2024,10,ignorada,M,respiratorio,pneumonia_j12_j18,1
2024,11,0-9,F,circulatorio,cardiomiopatia_i42_i43,5
2024,11,0-9,F,circulatorio,cerebrovascular_i60_i69,2
2024,11,0-9,F,circulatorio,circulatorio_outras,9
2024,11,0-9,F,circulatorio,hipertensao_i10,1
2024,11,0-9,F,circulatorio,infarto_agudo_i21_i22,1
2024,11,0-9,F,circulatorio,insuf_cardiaca_i50,2
2024,11,0-9,F,circulatorio,miocardite_i40_i41,1
2024,11,0-9,F,circulatorio,parada_arritmia_i46_i49,2
2024,11,0-9,F,covid,"",1
2024,11,0-9,F,digestivo,"",13
2024,11,0-9,F,endocrino_diabetes,"",13
2024,11,0-9,F,endocrino_diabetes,diabetes_e10_e14,1
2024,11,0-9,F,externas,"",91
2024,11,0-9,F,geniturinario,"",17
2024,11,0-9,F,infecciosas,"",40
2024,11,0-9,F,infecciosas,sepse_a40_a41,18
2024,11,0-9,F,mal_definidas,"",44
2024,11,0-9,F,neoplasias,cancer_hematologico_c81_c96,10
2024,11,0-9,F,neoplasias,cancer_outros_c00_c97,16
2024,11,0-9,F,neoplasias,neoplasia_in_situ_benigna_d00_d48,1
2024,11,0-9,F,neuro_mentais,"",49
2024,11,0-9,F,outras,"",748
2024,11,0-9,F,respiratorio,"",33
2024,11,0-9,F,respiratorio,pneumonia_j12_j18,60
2024,11,0-9,I,outras,"",11
2024,11,0-9,M,circulatorio,cardiomiopatia_i42_i43,5
2024,11,0-9,M,circulatorio,cerebrovascular_i60_i69,7
2024,11,0-9,M,circulatorio,circulatorio_outras,8
2024,11,0-9,M,circulatorio,embolia_pulmonar_i26,3
2024,11,0-9,M,circulatorio,infarto_agudo_i21_i22,1
2024,11,0-9,M,circulatorio,insuf_cardiaca_i50,1
2024,11,0-9,M,circulatorio,isquemica_outras_i20_i25,1
2024,11,0-9,M,circulatorio,miocardite_i40_i41,1
2024,11,0-9,M,circulatorio,parada_arritmia_i46_i49,2
2024,11,0-9,M,circulatorio,trombose_venosa_i80_i82,1
2024,11,0-9,M,covid,"",7
2024,11,0-9,M,digestivo,"",27
2024,11,0-9,M,endocrino_diabetes,"",10
2024,11,0-9,M,externas,"",138
2024,11,0-9,M,geniturinario,"",12
2024,11,0-9,M,infecciosas,"",38
2024,11,0-9,M,infecciosas,sepse_a40_a41,38
2024,11,0-9,M,mal_definidas,"",46
2024,11,0-9,M,neoplasias,cancer_hematologico_c81_c96,20
2024,11,0-9,M,neoplasias,cancer_outros_c00_c97,22
2024,11,0-9,M,neoplasias,neoplasia_in_situ_benigna_d00_d48,3
2024,11,0-9,M,neuro_mentais,"",51
2024,11,0-9,M,outras,"",909
2024,11,0-9,M,respiratorio,"",39
2024,11,0-9,M,respiratorio,pneumonia_j12_j18,51
2024,11,10-19,F,circulatorio,cardiomiopatia_i42_i43,1
2024,11,10-19,F,circulatorio,cerebrovascular_i60_i69,5
2024,11,10-19,F,circulatorio,circulatorio_outras,6
2024,11,10-19,F,circulatorio,infarto_agudo_i21_i22,1
2024,11,10-19,F,circulatorio,miocardite_i40_i41,2
2024,11,10-19,F,circulatorio,parada_arritmia_i46_i49,4
2024,11,10-19,F,digestivo,"",15
2024,11,10-19,F,endocrino_diabetes,"",4
2024,11,10-19,F,endocrino_diabetes,diabetes_e10_e14,2
2024,11,10-19,F,externas,"",113
2024,11,10-19,F,geniturinario,"",7
2024,11,10-19,F,infecciosas,"",18
2024,11,10-19,F,infecciosas,sepse_a40_a41,9
2024,11,10-19,F,mal_definidas,"",18
2024,11,10-19,F,neoplasias,cancer_hematologico_c81_c96,14
2024,11,10-19,F,neoplasias,cancer_outros_c00_c97,17
2024,11,10-19,F,neoplasias,cancer_pulmao_c34,1
2024,11,10-19,F,neoplasias,neoplasia_in_situ_benigna_d00_d48,1
2024,11,10-19,F,neuro_mentais,"",28
2024,11,10-19,F,outras,"",29
2024,11,10-19,F,respiratorio,"",14
2024,11,10-19,F,respiratorio,pneumonia_j12_j18,11
2024,11,10-19,M,circulatorio,cerebrovascular_i60_i69,4
2024,11,10-19,M,circulatorio,circulatorio_outras,6
2024,11,10-19,M,circulatorio,embolia_pulmonar_i26,2
2024,11,10-19,M,circulatorio,infarto_agudo_i21_i22,3
2024,11,10-19,M,circulatorio,parada_arritmia_i46_i49,1
2024,11,10-19,M,circulatorio,trombose_venosa_i80_i82,1
2024,11,10-19,M,digestivo,"",13
2024,11,10-19,M,endocrino_diabetes,"",6
2024,11,10-19,M,endocrino_diabetes,diabetes_e10_e14,5
2024,11,10-19,M,externas,"",533
2024,11,10-19,M,geniturinario,"",6
2024,11,10-19,M,infecciosas,"",11
2024,11,10-19,M,infecciosas,sepse_a40_a41,4
2024,11,10-19,M,mal_definidas,"",38
2024,11,10-19,M,neoplasias,cancer_colorretal_c18_c21,3
2024,11,10-19,M,neoplasias,cancer_hematologico_c81_c96,21
2024,11,10-19,M,neoplasias,cancer_outros_c00_c97,26
2024,11,10-19,M,neoplasias,cancer_pulmao_c34,1
2024,11,10-19,M,neoplasias,neoplasia_in_situ_benigna_d00_d48,3
2024,11,10-19,M,neuro_mentais,"",57
2024,11,10-19,M,outras,"",30
2024,11,10-19,M,respiratorio,"",17
2024,11,10-19,M,respiratorio,pneumonia_j12_j18,18
2024,11,20-29,F,circulatorio,cardiomiopatia_i42_i43,2
2024,11,20-29,F,circulatorio,cardiopatia_mal_definida_i51,1
2024,11,20-29,F,circulatorio,cerebrovascular_i60_i69,17
2024,11,20-29,F,circulatorio,circulatorio_outras,13
2024,11,20-29,F,circulatorio,embolia_pulmonar_i26,13
2024,11,20-29,F,circulatorio,hipertensao_i10,2
2024,11,20-29,F,circulatorio,infarto_agudo_i21_i22,12
2024,11,20-29,F,circulatorio,insuf_cardiaca_i50,2
2024,11,20-29,F,circulatorio,isquemica_outras_i20_i25,2
2024,11,20-29,F,circulatorio,miocardite_i40_i41,1
2024,11,20-29,F,circulatorio,parada_arritmia_i46_i49,1
2024,11,20-29,F,circulatorio,trombose_venosa_i80_i82,1
2024,11,20-29,F,covid,"",3
2024,11,20-29,F,digestivo,"",26
2024,11,20-29,F,endocrino_diabetes,"",9
2024,11,20-29,F,endocrino_diabetes,diabetes_e10_e14,11
2024,11,20-29,F,externas,"",253
2024,11,20-29,F,geniturinario,"",11
2024,11,20-29,F,infecciosas,"",23
2024,11,20-29,F,infecciosas,sepse_a40_a41,16
2024,11,20-29,F,mal_definidas,"",64
2024,11,20-29,F,neoplasias,cancer_colorretal_c18_c21,5
2024,11,20-29,F,neoplasias,cancer_estomago_c16,7
2024,11,20-29,F,neoplasias,cancer_hematologico_c81_c96,15
2024,11,20-29,F,neoplasias,cancer_mama_c50,8
2024,11,20-29,F,neoplasias,cancer_outros_c00_c97,47
2024,11,20-29,F,neoplasias,cancer_pancreas_c25,2
2024,11,20-29,F,neoplasias,cancer_pulmao_c34,6
2024,11,20-29,F,neuro_mentais,"",32
2024,11,20-29,F,outras,"",65
2024,11,20-29,F,respiratorio,"",25
2024,11,20-29,F,respiratorio,pneumonia_j12_j18,19
2024,11,20-29,M,circulatorio,cardiomiopatia_i42_i43,11
2024,11,20-29,M,circulatorio,cardiopatia_mal_definida_i51,1
2024,11,20-29,M,circulatorio,cerebrovascular_i60_i69,22
2024,11,20-29,M,circulatorio,circulatorio_outras,9
2024,11,20-29,M,circulatorio,embolia_pulmonar_i26,8
2024,11,20-29,M,circulatorio,hipertensao_i10,2
2024,11,20-29,M,circulatorio,infarto_agudo_i21_i22,21
2024,11,20-29,M,circulatorio,insuf_cardiaca_i50,9
2024,11,20-29,M,circulatorio,isquemica_outras_i20_i25,6
2024,11,20-29,M,circulatorio,parada_arritmia_i46_i49,6
2024,11,20-29,M,circulatorio,trombose_venosa_i80_i82,1
2024,11,20-29,M,covid,"",3
2024,11,20-29,M,digestivo,"",36
2024,11,20-29,M,endocrino_diabetes,"",8
2024,11,20-29,M,endocrino_diabetes,diabetes_e10_e14,12
2024,11,20-29,M,externas,"",1777
2024,11,20-29,M,geniturinario,"",17
2024,11,20-29,M,infecciosas,"",100
2024,11,20-29,M,infecciosas,sepse_a40_a41,13
2024,11,20-29,M,mal_definidas,"",163
2024,11,20-29,M,neoplasias,cancer_colorretal_c18_c21,6
2024,11,20-29,M,neoplasias,cancer_estomago_c16,4
2024,11,20-29,M,neoplasias,cancer_hematologico_c81_c96,26
2024,11,20-29,M,neoplasias,cancer_outros_c00_c97,56
2024,11,20-29,M,neoplasias,cancer_prostata_c61,1
2024,11,20-29,M,neoplasias,cancer_pulmao_c34,4
2024,11,20-29,M,neoplasias,neoplasia_in_situ_benigna_d00_d48,6
2024,11,20-29,M,neuro_mentais,"",76
2024,11,20-29,M,outras,"",36
2024,11,20-29,M,respiratorio,"",30
2024,11,20-29,M,respiratorio,pneumonia_j12_j18,40
2024,11,30-39,F,circulatorio,cardiomiopatia_i42_i43,14
2024,11,30-39,F,circulatorio,cardiopatia_mal_definida_i51,3
2024,11,30-39,F,circulatorio,cerebrovascular_i60_i69,54
2024,11,30-39,F,circulatorio,circulatorio_outras,33
2024,11,30-39,F,circulatorio,embolia_pulmonar_i26,21
2024,11,30-39,F,circulatorio,hipertensao_i10,6
2024,11,30-39,F,circulatorio,infarto_agudo_i21_i22,43
2024,11,30-39,F,circulatorio,insuf_cardiaca_i50,5
2024,11,30-39,F,circulatorio,isquemica_outras_i20_i25,7
2024,11,30-39,F,circulatorio,parada_arritmia_i46_i49,1
2024,11,30-39,F,circulatorio,trombose_venosa_i80_i82,8
2024,11,30-39,F,covid,"",3
2024,11,30-39,F,digestivo,"",62
2024,11,30-39,F,endocrino_diabetes,"",14
2024,11,30-39,F,endocrino_diabetes,diabetes_e10_e14,27
2024,11,30-39,F,externas,"",238
2024,11,30-39,F,geniturinario,"",31
2024,11,30-39,F,infecciosas,"",64
2024,11,30-39,F,infecciosas,sepse_a40_a41,13
2024,11,30-39,F,mal_definidas,"",91
2024,11,30-39,F,neoplasias,cancer_colorretal_c18_c21,29
2024,11,30-39,F,neoplasias,cancer_estomago_c16,14
2024,11,30-39,F,neoplasias,cancer_hematologico_c81_c96,28
2024,11,30-39,F,neoplasias,cancer_mama_c50,74
2024,11,30-39,F,neoplasias,cancer_outros_c00_c97,171
2024,11,30-39,F,neoplasias,cancer_pancreas_c25,4
2024,11,30-39,F,neoplasias,cancer_pulmao_c34,15
2024,11,30-39,F,neoplasias,neoplasia_in_situ_benigna_d00_d48,9
2024,11,30-39,F,neuro_mentais,"",56
2024,11,30-39,F,outras,"",94
2024,11,30-39,F,respiratorio,"",37
2024,11,30-39,F,respiratorio,pneumonia_j12_j18,34
2024,11,30-39,M,circulatorio,cardiomiopatia_i42_i43,28
2024,11,30-39,M,circulatorio,cardiopatia_mal_definida_i51,12
2024,11,30-39,M,circulatorio,cerebrovascular_i60_i69,68
2024,11,30-39,M,circulatorio,circulatorio_outras,49
2024,11,30-39,M,circulatorio,embolia_pulmonar_i26,21
2024,11,30-39,M,circulatorio,hipertensao_i10,10
2024,11,30-39,M,circulatorio,infarto_agudo_i21_i22,90
2024,11,30-39,M,circulatorio,insuf_cardiaca_i50,20
2024,11,30-39,M,circulatorio,isquemica_outras_i20_i25,14
2024,11,30-39,M,circulatorio,miocardite_i40_i41,1
2024,11,30-39,M,circulatorio,parada_arritmia_i46_i49,7
2024,11,30-39,M,circulatorio,trombose_venosa_i80_i82,8
2024,11,30-39,M,covid,"",1
2024,11,30-39,M,digestivo,"",150
2024,11,30-39,M,endocrino_diabetes,"",32
2024,11,30-39,M,endocrino_diabetes,diabetes_e10_e14,34
2024,11,30-39,M,externas,"",1518
2024,11,30-39,M,geniturinario,"",25
2024,11,30-39,M,infecciosas,"",146
2024,11,30-39,M,infecciosas,sepse_a40_a41,26
2024,11,30-39,M,mal_definidas,"",263
2024,11,30-39,M,neoplasias,cancer_colorretal_c18_c21,23
2024,11,30-39,M,neoplasias,cancer_estomago_c16,12
2024,11,30-39,M,neoplasias,cancer_hematologico_c81_c96,24
2024,11,30-39,M,neoplasias,cancer_outros_c00_c97,97
2024,11,30-39,M,neoplasias,cancer_pancreas_c25,4
2024,11,30-39,M,neoplasias,cancer_prostata_c61,1
2024,11,30-39,M,neoplasias,cancer_pulmao_c34,14
2024,11,30-39,M,neoplasias,neoplasia_in_situ_benigna_d00_d48,6
2024,11,30-39,M,neuro_mentais,"",101
2024,11,30-39,M,outras,"",35
2024,11,30-39,M,respiratorio,"",58
2024,11,30-39,M,respiratorio,pneumonia_j12_j18,79
2024,11,40-49,F,circulatorio,cardiomiopatia_i42_i43,20
2024,11,40-49,F,circulatorio,cardiopatia_mal_definida_i51,7
2024,11,40-49,F,circulatorio,cerebrovascular_i60_i69,157
2024,11,40-49,F,circulatorio,circulatorio_outras,74
2024,11,40-49,F,circulatorio,embolia_pulmonar_i26,37
2024,11,40-49,F,circulatorio,hipertensao_i10,29
2024,11,40-49,F,circulatorio,infarto_agudo_i21_i22,127
2024,11,40-49,F,circulatorio,insuf_cardiaca_i50,40
2024,11,40-49,F,circulatorio,isquemica_outras_i20_i25,18
2024,11,40-49,F,circulatorio,parada_arritmia_i46_i49,13
2024,11,40-49,F,circulatorio,trombose_venosa_i80_i82,7
2024,11,40-49,F,covid,"",4
2024,11,40-49,F,digestivo,"",142
2024,11,40-49,F,endocrino_diabetes,"",49
2024,11,40-49,F,endocrino_diabetes,diabetes_e10_e14,103
2024,11,40-49,F,externas,"",224
2024,11,40-49,F,geniturinario,"",75
2024,11,40-49,F,infecciosas,"",112
2024,11,40-49,F,infecciosas,sepse_a40_a41,48
2024,11,40-49,F,mal_definidas,"",162
2024,11,40-49,F,neoplasias,cancer_colorretal_c18_c21,81
2024,11,40-49,F,neoplasias,cancer_estomago_c16,38
2024,11,40-49,F,neoplasias,cancer_hematologico_c81_c96,44
2024,11,40-49,F,neoplasias,cancer_mama_c50,247
2024,11,40-49,F,neoplasias,cancer_outros_c00_c97,374
2024,11,40-49,F,neoplasias,cancer_pancreas_c25,21
2024,11,40-49,F,neoplasias,cancer_pulmao_c34,41
2024,11,40-49,F,neoplasias,neoplasia_in_situ_benigna_d00_d48,21
2024,11,40-49,F,neuro_mentais,"",91
2024,11,40-49,F,neuro_mentais,alzheimer_g30,1
2024,11,40-49,F,outras,"",93
2024,11,40-49,F,respiratorio,"",91
2024,11,40-49,F,respiratorio,pneumonia_j12_j18,92
2024,11,40-49,I,circulatorio,cerebrovascular_i60_i69,1
2024,11,40-49,I,externas,"",1
2024,11,40-49,I,mal_definidas,"",1
2024,11,40-49,M,circulatorio,cardiomiopatia_i42_i43,57
2024,11,40-49,M,circulatorio,cardiopatia_mal_definida_i51,13
2024,11,40-49,M,circulatorio,cerebrovascular_i60_i69,186
2024,11,40-49,M,circulatorio,circulatorio_outras,119
2024,11,40-49,M,circulatorio,embolia_pulmonar_i26,39
2024,11,40-49,M,circulatorio,hipertensao_i10,45
2024,11,40-49,M,circulatorio,infarto_agudo_i21_i22,269
2024,11,40-49,M,circulatorio,insuf_cardiaca_i50,43
2024,11,40-49,M,circulatorio,isquemica_outras_i20_i25,39
2024,11,40-49,M,circulatorio,miocardite_i40_i41,1
2024,11,40-49,M,circulatorio,parada_arritmia_i46_i49,23
2024,11,40-49,M,circulatorio,trombose_venosa_i80_i82,7
2024,11,40-49,M,covid,"",9
2024,11,40-49,M,digestivo,"",334
2024,11,40-49,M,endocrino_diabetes,"",43
2024,11,40-49,M,endocrino_diabetes,diabetes_e10_e14,84
2024,11,40-49,M,externas,"",1290
2024,11,40-49,M,geniturinario,"",79
2024,11,40-49,M,infecciosas,"",209
2024,11,40-49,M,infecciosas,sepse_a40_a41,58
2024,11,40-49,M,mal_definidas,"",405
2024,11,40-49,M,neoplasias,cancer_colorretal_c18_c21,68
2024,11,40-49,M,neoplasias,cancer_estomago_c16,50
2024,11,40-49,M,neoplasias,cancer_hematologico_c81_c96,46
2024,11,40-49,M,neoplasias,cancer_mama_c50,3
2024,11,40-49,M,neoplasias,cancer_outros_c00_c97,285
2024,11,40-49,M,neoplasias,cancer_pancreas_c25,26
2024,11,40-49,M,neoplasias,cancer_prostata_c61,3
2024,11,40-49,M,neoplasias,cancer_pulmao_c34,37
2024,11,40-49,M,neoplasias,neoplasia_in_situ_benigna_d00_d48,11
2024,11,40-49,M,neuro_mentais,"",199
2024,11,40-49,M,neuro_mentais,alzheimer_g30,1
2024,11,40-49,M,outras,"",73
2024,11,40-49,M,respiratorio,"",104
2024,11,40-49,M,respiratorio,pneumonia_j12_j18,151
2024,11,50-59,F,circulatorio,cardiomiopatia_i42_i43,29
2024,11,50-59,F,circulatorio,cardiopatia_mal_definida_i51,9
2024,11,50-59,F,circulatorio,cerebrovascular_i60_i69,302
2024,11,50-59,F,circulatorio,circulatorio_outras,147
2024,11,50-59,F,circulatorio,embolia_pulmonar_i26,27
2024,11,50-59,F,circulatorio,hipertensao_i10,77
2024,11,50-59,F,circulatorio,infarto_agudo_i21_i22,267
2024,11,50-59,F,circulatorio,insuf_cardiaca_i50,90
2024,11,50-59,F,circulatorio,isquemica_outras_i20_i25,51
2024,11,50-59,F,circulatorio,parada_arritmia_i46_i49,28
2024,11,50-59,F,circulatorio,trombose_venosa_i80_i82,9
2024,11,50-59,F,covid,"",10
2024,11,50-59,F,digestivo,"",206
2024,11,50-59,F,endocrino_diabetes,"",50
2024,11,50-59,F,endocrino_diabetes,diabetes_e10_e14,212
2024,11,50-59,F,externas,"",185
2024,11,50-59,F,geniturinario,"",127
2024,11,50-59,F,infecciosas,"",117
2024,11,50-59,F,infecciosas,sepse_a40_a41,62
2024,11,50-59,F,mal_definidas,"",201
2024,11,50-59,F,neoplasias,cancer_colorretal_c18_c21,121
2024,11,50-59,F,neoplasias,cancer_estomago_c16,55
2024,11,50-59,F,neoplasias,cancer_hematologico_c81_c96,60
2024,11,50-59,F,neoplasias,cancer_mama_c50,270
2024,11,50-59,F,neoplasias,cancer_outros_c00_c97,612
2024,11,50-59,F,neoplasias,cancer_pancreas_c25,49
2024,11,50-59,F,neoplasias,cancer_pulmao_c34,126
2024,11,50-59,F,neoplasias,neoplasia_in_situ_benigna_d00_d48,33
2024,11,50-59,F,neuro_mentais,"",103
2024,11,50-59,F,neuro_mentais,alzheimer_g30,4
2024,11,50-59,F,outras,"",103
2024,11,50-59,F,respiratorio,"",160
2024,11,50-59,F,respiratorio,pneumonia_j12_j18,156
2024,11,50-59,I,circulatorio,cerebrovascular_i60_i69,1
2024,11,50-59,M,circulatorio,cardiomiopatia_i42_i43,85
2024,11,50-59,M,circulatorio,cardiopatia_mal_definida_i51,15
2024,11,50-59,M,circulatorio,cerebrovascular_i60_i69,383
2024,11,50-59,M,circulatorio,circulatorio_outras,205
2024,11,50-59,M,circulatorio,embolia_pulmonar_i26,34
2024,11,50-59,M,circulatorio,hipertensao_i10,101
2024,11,50-59,M,circulatorio,infarto_agudo_i21_i22,632
2024,11,50-59,M,circulatorio,insuf_cardiaca_i50,110
2024,11,50-59,M,circulatorio,isquemica_outras_i20_i25,97
2024,11,50-59,M,circulatorio,miocardite_i40_i41,1
2024,11,50-59,M,circulatorio,parada_arritmia_i46_i49,62
2024,11,50-59,M,circulatorio,trombose_venosa_i80_i82,5
2024,11,50-59,M,covid,"",13
2024,11,50-59,M,digestivo,"",596
2024,11,50-59,M,endocrino_diabetes,"",68
2024,11,50-59,M,endocrino_diabetes,diabetes_e10_e14,237
2024,11,50-59,M,externas,"",954
2024,11,50-59,M,geniturinario,"",159
2024,11,50-59,M,infecciosas,"",230
2024,11,50-59,M,infecciosas,sepse_a40_a41,84
2024,11,50-59,M,mal_definidas,"",607
2024,11,50-59,M,neoplasias,cancer_colorretal_c18_c21,146
2024,11,50-59,M,neoplasias,cancer_estomago_c16,99
2024,11,50-59,M,neoplasias,cancer_hematologico_c81_c96,69
2024,11,50-59,M,neoplasias,cancer_mama_c50,3
2024,11,50-59,M,neoplasias,cancer_outros_c00_c97,673
2024,11,50-59,M,neoplasias,cancer_pancreas_c25,85
2024,11,50-59,M,neoplasias,cancer_prostata_c61,43
2024,11,50-59,M,neoplasias,cancer_pulmao_c34,117
2024,11,50-59,M,neoplasias,neoplasia_in_situ_benigna_d00_d48,28
2024,11,50-59,M,neuro_mentais,"",242
2024,11,50-59,M,neuro_mentais,alzheimer_g30,5
2024,11,50-59,M,outras,"",101
2024,11,50-59,M,respiratorio,"",231
2024,11,50-59,M,respiratorio,pneumonia_j12_j18,300
2024,11,60-69,F,circulatorio,cardiomiopatia_i42_i43,46
2024,11,60-69,F,circulatorio,cardiopatia_mal_definida_i51,21
2024,11,60-69,F,circulatorio,cerebrovascular_i60_i69,546
2024,11,60-69,F,circulatorio,circulatorio_outras,325
2024,11,60-69,F,circulatorio,embolia_pulmonar_i26,72
2024,11,60-69,F,circulatorio,hipertensao_i10,152
2024,11,60-69,F,circulatorio,infarto_agudo_i21_i22,504
2024,11,60-69,F,circulatorio,insuf_cardiaca_i50,169
2024,11,60-69,F,circulatorio,isquemica_outras_i20_i25,138
2024,11,60-69,F,circulatorio,parada_arritmia_i46_i49,73
2024,11,60-69,F,circulatorio,trombose_venosa_i80_i82,13
2024,11,60-69,F,covid,"",16
2024,11,60-69,F,digestivo,"",419
2024,11,60-69,F,endocrino_diabetes,"",62
2024,11,60-69,F,endocrino_diabetes,diabetes_e10_e14,435
2024,11,60-69,F,externas,"",204
2024,11,60-69,F,geniturinario,"",278
2024,11,60-69,F,infecciosas,"",138
2024,11,60-69,F,infecciosas,sepse_a40_a41,156
2024,11,60-69,F,mal_definidas,"",405
2024,11,60-69,F,neoplasias,cancer_colorretal_c18_c21,202
2024,11,60-69,F,neoplasias,cancer_estomago_c16,83
2024,11,60-69,F,neoplasias,cancer_hematologico_c81_c96,111
2024,11,60-69,F,neoplasias,cancer_mama_c50,403
2024,11,60-69,F,neoplasias,cancer_outros_c00_c97,901
2024,11,60-69,F,neoplasias,cancer_pancreas_c25,111
2024,11,60-69,F,neoplasias,cancer_pulmao_c34,358
2024,11,60-69,F,neoplasias,neoplasia_in_situ_benigna_d00_d48,42
2024,11,60-69,F,neuro_mentais,"",162
2024,11,60-69,F,neuro_mentais,alzheimer_g30,33
2024,11,60-69,F,outras,"",152
2024,11,60-69,F,respiratorio,"",471
2024,11,60-69,F,respiratorio,pneumonia_j12_j18,358
2024,11,60-69,M,circulatorio,cardiomiopatia_i42_i43,104
2024,11,60-69,M,circulatorio,cardiopatia_mal_definida_i51,46
2024,11,60-69,M,circulatorio,cerebrovascular_i60_i69,783
2024,11,60-69,M,circulatorio,circulatorio_outras,456
2024,11,60-69,M,circulatorio,embolia_pulmonar_i26,67
2024,11,60-69,M,circulatorio,hipertensao_i10,235
2024,11,60-69,M,circulatorio,infarto_agudo_i21_i22,947
2024,11,60-69,M,circulatorio,insuf_cardiaca_i50,216
2024,11,60-69,M,circulatorio,isquemica_outras_i20_i25,265
2024,11,60-69,M,circulatorio,parada_arritmia_i46_i49,104
2024,11,60-69,M,circulatorio,trombose_venosa_i80_i82,16
2024,11,60-69,M,covid,"",29
2024,11,60-69,M,digestivo,"",775
2024,11,60-69,M,endocrino_diabetes,"",100
2024,11,60-69,M,endocrino_diabetes,diabetes_e10_e14,482
2024,11,60-69,M,externas,"",689
2024,11,60-69,M,geniturinario,"",329
2024,11,60-69,M,infecciosas,"",237
2024,11,60-69,M,infecciosas,sepse_a40_a41,197
2024,11,60-69,M,mal_definidas,"",794
2024,11,60-69,M,neoplasias,cancer_colorretal_c18_c21,283
2024,11,60-69,M,neoplasias,cancer_estomago_c16,185
2024,11,60-69,M,neoplasias,cancer_hematologico_c81_c96,148
2024,11,60-69,M,neoplasias,cancer_mama_c50,4
2024,11,60-69,M,neoplasias,cancer_outros_c00_c97,1168
2024,11,60-69,M,neoplasias,cancer_pancreas_c25,166
2024,11,60-69,M,neoplasias,cancer_prostata_c61,225
2024,11,60-69,M,neoplasias,cancer_pulmao_c34,382
2024,11,60-69,M,neoplasias,neoplasia_in_situ_benigna_d00_d48,43
2024,11,60-69,M,neuro_mentais,"",287
2024,11,60-69,M,neuro_mentais,alzheimer_g30,36
2024,11,60-69,M,outras,"",183
2024,11,60-69,M,respiratorio,"",558
2024,11,60-69,M,respiratorio,pneumonia_j12_j18,546
2024,11,70-79,F,circulatorio,cardiomiopatia_i42_i43,76
2024,11,70-79,F,circulatorio,cardiopatia_mal_definida_i51,36
2024,11,70-79,F,circulatorio,cerebrovascular_i60_i69,884
2024,11,70-79,F,circulatorio,circulatorio_outras,483
2024,11,70-79,F,circulatorio,embolia_pulmonar_i26,83
2024,11,70-79,F,circulatorio,hipertensao_i10,248
2024,11,70-79,F,circulatorio,infarto_agudo_i21_i22,637
2024,11,70-79,F,circulatorio,insuf_cardiaca_i50,278
2024,11,70-79,F,circulatorio,isquemica_outras_i20_i25,190
2024,11,70-79,F,circulatorio,miocardite_i40_i41,1
2024,11,70-79,F,circulatorio,parada_arritmia_i46_i49,106
2024,11,70-79,F,circulatorio,trombose_venosa_i80_i82,13
2024,11,70-79,F,covid,"",34
2024,11,70-79,F,digestivo,"",593
2024,11,70-79,F,endocrino_diabetes,"",124
2024,11,70-79,F,endocrino_diabetes,diabetes_e10_e14,623
2024,11,70-79,F,externas,"",294
2024,11,70-79,F,geniturinario,"",487
2024,11,70-79,F,infecciosas,"",189
2024,11,70-79,F,infecciosas,sepse_a40_a41,261
2024,11,70-79,F,mal_definidas,"",592
2024,11,70-79,F,neoplasias,cancer_colorretal_c18_c21,241
2024,11,70-79,F,neoplasias,cancer_estomago_c16,88
2024,11,70-79,F,neoplasias,cancer_hematologico_c81_c96,142
2024,11,70-79,F,neoplasias,cancer_mama_c50,286
2024,11,70-79,F,neoplasias,cancer_outros_c00_c97,909
2024,11,70-79,F,neoplasias,cancer_pancreas_c25,144
2024,11,70-79,F,neoplasias,cancer_pulmao_c34,347
2024,11,70-79,F,neoplasias,neoplasia_in_situ_benigna_d00_d48,52
2024,11,70-79,F,neuro_mentais,"",237
2024,11,70-79,F,neuro_mentais,alzheimer_g30,202
2024,11,70-79,F,outras,"",249
2024,11,70-79,F,respiratorio,"",783
2024,11,70-79,F,respiratorio,pneumonia_j12_j18,671
2024,11,70-79,I,neoplasias,cancer_outros_c00_c97,1
2024,11,70-79,I,neoplasias,cancer_pancreas_c25,1
2024,11,70-79,M,circulatorio,cardiomiopatia_i42_i43,95
2024,11,70-79,M,circulatorio,cardiopatia_mal_definida_i51,30
2024,11,70-79,M,circulatorio,cerebrovascular_i60_i69,1010
2024,11,70-79,M,circulatorio,circulatorio_outras,550
2024,11,70-79,M,circulatorio,embolia_pulmonar_i26,76
2024,11,70-79,M,circulatorio,hipertensao_i10,220
2024,11,70-79,M,circulatorio,infarto_agudo_i21_i22,978
2024,11,70-79,M,circulatorio,insuf_cardiaca_i50,323
2024,11,70-79,M,circulatorio,isquemica_outras_i20_i25,281
2024,11,70-79,M,circulatorio,miocardite_i40_i41,1
2024,11,70-79,M,circulatorio,parada_arritmia_i46_i49,124
2024,11,70-79,M,circulatorio,trombose_venosa_i80_i82,16
2024,11,70-79,M,covid,"",35
2024,11,70-79,M,digestivo,"",688
2024,11,70-79,M,endocrino_diabetes,"",106
2024,11,70-79,M,endocrino_diabetes,diabetes_e10_e14,583
2024,11,70-79,M,externas,"",512
2024,11,70-79,M,geniturinario,"",465
2024,11,70-79,M,infecciosas,"",214
2024,11,70-79,M,infecciosas,sepse_a40_a41,274
2024,11,70-79,M,mal_definidas,"",757
2024,11,70-79,M,neoplasias,cancer_colorretal_c18_c21,272
2024,11,70-79,M,neoplasias,cancer_estomago_c16,202
2024,11,70-79,M,neoplasias,cancer_hematologico_c81_c96,191
2024,11,70-79,M,neoplasias,cancer_mama_c50,8
2024,11,70-79,M,neoplasias,cancer_outros_c00_c97,1032
2024,11,70-79,M,neoplasias,cancer_pancreas_c25,163
2024,11,70-79,M,neoplasias,cancer_prostata_c61,409
2024,11,70-79,M,neoplasias,cancer_pulmao_c34,414
2024,11,70-79,M,neoplasias,neoplasia_in_situ_benigna_d00_d48,36
2024,11,70-79,M,neuro_mentais,"",300
2024,11,70-79,M,neuro_mentais,alzheimer_g30,154
2024,11,70-79,M,outras,"",218
2024,11,70-79,M,respiratorio,"",900
2024,11,70-79,M,respiratorio,pneumonia_j12_j18,780
2024,11,80+,F,circulatorio,cardiomiopatia_i42_i43,113
2024,11,80+,F,circulatorio,cardiopatia_mal_definida_i51,65
2024,11,80+,F,circulatorio,cerebrovascular_i60_i69,1516
2024,11,80+,F,circulatorio,circulatorio_outras,838
2024,11,80+,F,circulatorio,embolia_pulmonar_i26,126
2024,11,80+,F,circulatorio,hipertensao_i10,581
2024,11,80+,F,circulatorio,infarto_agudo_i21_i22,858
2024,11,80+,F,circulatorio,insuf_cardiaca_i50,613
2024,11,80+,F,circulatorio,isquemica_outras_i20_i25,292
2024,11,80+,F,circulatorio,miocardite_i40_i41,1
2024,11,80+,F,circulatorio,parada_arritmia_i46_i49,252
2024,11,80+,F,circulatorio,trombose_venosa_i80_i82,37
2024,11,80+,F,covid,"",65
2024,11,80+,F,digestivo,"",813
2024,11,80+,F,endocrino_diabetes,"",246
2024,11,80+,F,endocrino_diabetes,diabetes_e10_e14,859
2024,11,80+,F,externas,"",682
2024,11,80+,F,geniturinario,"",1145
2024,11,80+,F,infecciosas,"",285
2024,11,80+,F,infecciosas,sepse_a40_a41,471
2024,11,80+,F,mal_definidas,"",1279
2024,11,80+,F,neoplasias,cancer_colorretal_c18_c21,232
2024,11,80+,F,neoplasias,cancer_estomago_c16,71
2024,11,80+,F,neoplasias,cancer_hematologico_c81_c96,139
2024,11,80+,F,neoplasias,cancer_mama_c50,222
2024,11,80+,F,neoplasias,cancer_outros_c00_c97,865
2024,11,80+,F,neoplasias,cancer_pancreas_c25,168
2024,11,80+,F,neoplasias,cancer_prostata_c61,4
2024,11,80+,F,neoplasias,cancer_pulmao_c34,229
2024,11,80+,F,neoplasias,neoplasia_in_situ_benigna_d00_d48,61
2024,11,80+,F,neuro_mentais,"",525
2024,11,80+,F,neuro_mentais,alzheimer_g30,981
2024,11,80+,F,outras,"",454
2024,11,80+,F,respiratorio,"",1329
2024,11,80+,F,respiratorio,pneumonia_j12_j18,1942
2024,11,80+,I,circulatorio,circulatorio_outras,1
2024,11,80+,I,neuro_mentais,"",1
2024,11,80+,I,neuro_mentais,alzheimer_g30,1
2024,11,80+,M,circulatorio,cardiomiopatia_i42_i43,72
2024,11,80+,M,circulatorio,cardiopatia_mal_definida_i51,44
2024,11,80+,M,circulatorio,cerebrovascular_i60_i69,1103
2024,11,80+,M,circulatorio,circulatorio_outras,599
2024,11,80+,M,circulatorio,embolia_pulmonar_i26,65
2024,11,80+,M,circulatorio,hipertensao_i10,350
2024,11,80+,M,circulatorio,infarto_agudo_i21_i22,704
2024,11,80+,M,circulatorio,insuf_cardiaca_i50,402
2024,11,80+,M,circulatorio,isquemica_outras_i20_i25,261
2024,11,80+,M,circulatorio,miocardite_i40_i41,1
2024,11,80+,M,circulatorio,parada_arritmia_i46_i49,152
2024,11,80+,M,circulatorio,trombose_venosa_i80_i82,11
2024,11,80+,M,covid,"",61
2024,11,80+,M,digestivo,"",564
2024,11,80+,M,endocrino_diabetes,"",139
2024,11,80+,M,endocrino_diabetes,diabetes_e10_e14,514
2024,11,80+,M,externas,"",479
2024,11,80+,M,geniturinario,"",833
2024,11,80+,M,infecciosas,"",206
2024,11,80+,M,infecciosas,sepse_a40_a41,330
2024,11,80+,M,mal_definidas,"",856
2024,11,80+,M,neoplasias,cancer_colorretal_c18_c21,167
2024,11,80+,M,neoplasias,cancer_estomago_c16,110
2024,11,80+,M,neoplasias,cancer_hematologico_c81_c96,112
2024,11,80+,M,neoplasias,cancer_mama_c50,5
2024,11,80+,M,neoplasias,cancer_outros_c00_c97,694
2024,11,80+,M,neoplasias,cancer_pancreas_c25,75
2024,11,80+,M,neoplasias,cancer_prostata_c61,518
2024,11,80+,M,neoplasias,cancer_pulmao_c34,216
2024,11,80+,M,neoplasias,neoplasia_in_situ_benigna_d00_d48,58
2024,11,80+,M,neuro_mentais,"",379
2024,11,80+,M,neuro_mentais,alzheimer_g30,440
2024,11,80+,M,outras,"",224
2024,11,80+,M,respiratorio,"",1106
2024,11,80+,M,respiratorio,pneumonia_j12_j18,1339
2024,11,ignorada,F,circulatorio,embolia_pulmonar_i26,1
2024,11,ignorada,F,circulatorio,infarto_agudo_i21_i22,1
2024,11,ignorada,F,externas,"",1
2024,11,ignorada,F,mal_definidas,"",5
2024,11,ignorada,F,outras,"",1
2024,11,ignorada,F,respiratorio,pneumonia_j12_j18,1
2024,11,ignorada,I,externas,"",8
2024,11,ignorada,I,mal_definidas,"",6
2024,11,ignorada,I,outras,"",1
2024,11,ignorada,M,circulatorio,cardiopatia_mal_definida_i51,1
2024,11,ignorada,M,circulatorio,circulatorio_outras,1
2024,11,ignorada,M,circulatorio,infarto_agudo_i21_i22,2
2024,11,ignorada,M,circulatorio,insuf_cardiaca_i50,1
2024,11,ignorada,M,digestivo,"",2
2024,11,ignorada,M,endocrino_diabetes,"",1
2024,11,ignorada,M,externas,"",23
2024,11,ignorada,M,mal_definidas,"",13
2024,11,ignorada,M,neuro_mentais,"",1
2024,11,ignorada,M,respiratorio,"",1
2024,11,ignorada,M,respiratorio,pneumonia_j12_j18,3
2024,12,0-9,F,circulatorio,cardiomiopatia_i42_i43,5
2024,12,0-9,F,circulatorio,cerebrovascular_i60_i69,3
2024,12,0-9,F,circulatorio,insuf_cardiaca_i50,2
2024,12,0-9,F,circulatorio,isquemica_outras_i20_i25,1
2024,12,0-9,F,covid,"",3
2024,12,0-9,F,digestivo,"",10
2024,12,0-9,F,endocrino_diabetes,"",7
2024,12,0-9,F,externas,"",34
2024,12,0-9,F,geniturinario,"",8
2024,12,0-9,F,infecciosas,"",21
2024,12,0-9,F,infecciosas,sepse_a40_a41,13
2024,12,0-9,F,mal_definidas,"",23
2024,12,0-9,F,neoplasias,cancer_hematologico_c81_c96,4
2024,12,0-9,F,neoplasias,cancer_outros_c00_c97,9
2024,12,0-9,F,neoplasias,neoplasia_in_situ_benigna_d00_d48,1
2024,12,0-9,F,neuro_mentais,"",18
2024,12,0-9,F,outras,"",404
2024,12,0-9,F,respiratorio,"",21
2024,12,0-9,F,respiratorio,pneumonia_j12_j18,23
2024,12,0-9,I,circulatorio,miocardite_i40_i41,1
2024,12,0-9,I,outras,"",4
2024,12,0-9,M,circulatorio,cardiomiopatia_i42_i43,5
2024,12,0-9,M,circulatorio,cardiopatia_mal_definida_i51,2
2024,12,0-9,M,circulatorio,cerebrovascular_i60_i69,3
2024,12,0-9,M,circulatorio,circulatorio_outras,9
2024,12,0-9,M,circulatorio,hipertensao_i10,1
2024,12,0-9,M,circulatorio,infarto_agudo_i21_i22,2
2024,12,0-9,M,circulatorio,insuf_cardiaca_i50,1
2024,12,0-9,M,covid,"",5
2024,12,0-9,M,digestivo,"",8
2024,12,0-9,M,endocrino_diabetes,"",10
2024,12,0-9,M,endocrino_diabetes,diabetes_e10_e14,1
2024,12,0-9,M,externas,"",61
2024,12,0-9,M,geniturinario,"",5
2024,12,0-9,M,infecciosas,"",17
2024,12,0-9,M,infecciosas,sepse_a40_a41,17
2024,12,0-9,M,mal_definidas,"",44
2024,12,0-9,M,neoplasias,cancer_hematologico_c81_c96,7
2024,12,0-9,M,neoplasias,cancer_outros_c00_c97,7
2024,12,0-9,M,neuro_mentais,"",26
2024,12,0-9,M,outras,"",550
2024,12,0-9,M,respiratorio,"",17
2024,12,0-9,M,respiratorio,pneumonia_j12_j18,33
2024,12,10-19,F,circulatorio,cardiomiopatia_i42_i43,1
2024,12,10-19,F,circulatorio,cardiopatia_mal_definida_i51,1
2024,12,10-19,F,circulatorio,cerebrovascular_i60_i69,2
2024,12,10-19,F,circulatorio,circulatorio_outras,1
2024,12,10-19,F,circulatorio,embolia_pulmonar_i26,2
2024,12,10-19,F,circulatorio,infarto_agudo_i21_i22,2
2024,12,10-19,F,circulatorio,isquemica_outras_i20_i25,1
2024,12,10-19,F,circulatorio,parada_arritmia_i46_i49,1
2024,12,10-19,F,digestivo,"",3
2024,12,10-19,F,endocrino_diabetes,"",3
2024,12,10-19,F,endocrino_diabetes,diabetes_e10_e14,2
2024,12,10-19,F,externas,"",59
2024,12,10-19,F,geniturinario,"",2
2024,12,10-19,F,infecciosas,"",3
2024,12,10-19,F,infecciosas,sepse_a40_a41,5
2024,12,10-19,F,mal_definidas,"",12
2024,12,10-19,F,neoplasias,cancer_hematologico_c81_c96,2
2024,12,10-19,F,neoplasias,cancer_outros_c00_c97,11
2024,12,10-19,F,neuro_mentais,"",15
2024,12,10-19,F,outras,"",23
2024,12,10-19,F,respiratorio,"",5
2024,12,10-19,F,respiratorio,pneumonia_j12_j18,10
2024,12,10-19,M,circulatorio,cardiomiopatia_i42_i43,3
2024,12,10-19,M,circulatorio,cerebrovascular_i60_i69,2
2024,12,10-19,M,circulatorio,embolia_pulmonar_i26,1
2024,12,10-19,M,circulatorio,infarto_agudo_i21_i22,2
2024,12,10-19,M,digestivo,"",2
2024,12,10-19,M,endocrino_diabetes,"",3
2024,12,10-19,M,endocrino_diabetes,diabetes_e10_e14,4
2024,12,10-19,M,externas,"",215
2024,12,10-19,M,geniturinario,"",5
2024,12,10-19,M,infecciosas,"",1
2024,12,10-19,M,infecciosas,sepse_a40_a41,5
2024,12,10-19,M,mal_definidas,"",23
2024,12,10-19,M,neoplasias,cancer_hematologico_c81_c96,10
2024,12,10-19,M,neoplasias,cancer_outros_c00_c97,8
2024,12,10-19,M,neoplasias,cancer_pulmao_c34,1
2024,12,10-19,M,neoplasias,neoplasia_in_situ_benigna_d00_d48,1
2024,12,10-19,M,neuro_mentais,"",19
2024,12,10-19,M,outras,"",13
2024,12,10-19,M,respiratorio,"",4
2024,12,10-19,M,respiratorio,pneumonia_j12_j18,5
2024,12,20-29,F,circulatorio,cardiomiopatia_i42_i43,2
2024,12,20-29,F,circulatorio,cerebrovascular_i60_i69,10
2024,12,20-29,F,circulatorio,circulatorio_outras,4
2024,12,20-29,F,circulatorio,embolia_pulmonar_i26,3
2024,12,20-29,F,circulatorio,hipertensao_i10,1
2024,12,20-29,F,circulatorio,infarto_agudo_i21_i22,1
2024,12,20-29,F,circulatorio,insuf_cardiaca_i50,1
2024,12,20-29,F,circulatorio,parada_arritmia_i46_i49,1
2024,12,20-29,F,digestivo,"",15
2024,12,20-29,F,endocrino_diabetes,diabetes_e10_e14,9
2024,12,20-29,F,externas,"",118
2024,12,20-29,F,geniturinario,"",13
2024,12,20-29,F,infecciosas,"",15
2024,12,20-29,F,infecciosas,sepse_a40_a41,4
2024,12,20-29,F,mal_definidas,"",34
2024,12,20-29,F,neoplasias,cancer_colorretal_c18_c21,3
2024,12,20-29,F,neoplasias,cancer_estomago_c16,5
2024,12,20-29,F,neoplasias,cancer_hematologico_c81_c96,6
2024,12,20-29,F,neoplasias,cancer_mama_c50,8
2024,12,20-29,F,neoplasias,cancer_outros_c00_c97,26
2024,12,20-29,F,neoplasias,neoplasia_in_situ_benigna_d00_d48,1
2024,12,20-29,F,neuro_mentais,"",17
2024,12,20-29,F,outras,"",40
2024,12,20-29,F,respiratorio,"",9
2024,12,20-29,F,respiratorio,pneumonia_j12_j18,18
2024,12,20-29,M,circulatorio,cardiomiopatia_i42_i43,5
2024,12,20-29,M,circulatorio,cerebrovascular_i60_i69,9
2024,12,20-29,M,circulatorio,circulatorio_outras,6
2024,12,20-29,M,circulatorio,embolia_pulmonar_i26,4
2024,12,20-29,M,circulatorio,hipertensao_i10,1
2024,12,20-29,M,circulatorio,infarto_agudo_i21_i22,15
2024,12,20-29,M,circulatorio,insuf_cardiaca_i50,1
2024,12,20-29,M,circulatorio,isquemica_outras_i20_i25,3
2024,12,20-29,M,circulatorio,parada_arritmia_i46_i49,1
2024,12,20-29,M,covid,"",1
2024,12,20-29,M,digestivo,"",24
2024,12,20-29,M,endocrino_diabetes,"",6
2024,12,20-29,M,endocrino_diabetes,diabetes_e10_e14,7
2024,12,20-29,M,externas,"",758
2024,12,20-29,M,geniturinario,"",8
2024,12,20-29,M,infecciosas,"",38
2024,12,20-29,M,infecciosas,sepse_a40_a41,9
2024,12,20-29,M,mal_definidas,"",70
2024,12,20-29,M,neoplasias,cancer_colorretal_c18_c21,3
2024,12,20-29,M,neoplasias,cancer_estomago_c16,4
2024,12,20-29,M,neoplasias,cancer_hematologico_c81_c96,15
2024,12,20-29,M,neoplasias,cancer_outros_c00_c97,20
2024,12,20-29,M,neoplasias,cancer_pancreas_c25,1
2024,12,20-29,M,neoplasias,cancer_prostata_c61,1
2024,12,20-29,M,neoplasias,cancer_pulmao_c34,4
2024,12,20-29,M,neoplasias,neoplasia_in_situ_benigna_d00_d48,3
2024,12,20-29,M,neuro_mentais,"",26
2024,12,20-29,M,outras,"",10
2024,12,20-29,M,respiratorio,"",12
2024,12,20-29,M,respiratorio,pneumonia_j12_j18,19
2024,12,30-39,F,circulatorio,cardiomiopatia_i42_i43,4
2024,12,30-39,F,circulatorio,cerebrovascular_i60_i69,25
2024,12,30-39,F,circulatorio,circulatorio_outras,12
2024,12,30-39,F,circulatorio,embolia_pulmonar_i26,8
2024,12,30-39,F,circulatorio,hipertensao_i10,5
2024,12,30-39,F,circulatorio,infarto_agudo_i21_i22,15
2024,12,30-39,F,circulatorio,insuf_cardiaca_i50,5
2024,12,30-39,F,circulatorio,isquemica_outras_i20_i25,3
2024,12,30-39,F,circulatorio,parada_arritmia_i46_i49,7
2024,12,30-39,F,circulatorio,trombose_venosa_i80_i82,1
2024,12,30-39,F,digestivo,"",25
2024,12,30-39,F,endocrino_diabetes,"",10
2024,12,30-39,F,endocrino_diabetes,diabetes_e10_e14,15
2024,12,30-39,F,externas,"",116
2024,12,30-39,F,geniturinario,"",12
2024,12,30-39,F,infecciosas,"",42
2024,12,30-39,F,infecciosas,sepse_a40_a41,8
2024,12,30-39,F,mal_definidas,"",52
2024,12,30-39,F,neoplasias,cancer_colorretal_c18_c21,12
2024,12,30-39,F,neoplasias,cancer_estomago_c16,5
2024,12,30-39,F,neoplasias,cancer_hematologico_c81_c96,12
2024,12,30-39,F,neoplasias,cancer_mama_c50,35
2024,12,30-39,F,neoplasias,cancer_outros_c00_c97,86
2024,12,30-39,F,neoplasias,cancer_pancreas_c25,6
2024,12,30-39,F,neoplasias,cancer_pulmao_c34,2
2024,12,30-39,F,neoplasias,neoplasia_in_situ_benigna_d00_d48,3
2024,12,30-39,F,neuro_mentais,"",21
2024,12,30-39,F,outras,"",47
2024,12,30-39,F,respiratorio,"",19
2024,12,30-39,F,respiratorio,pneumonia_j12_j18,19
2024,12,30-39,M,circulatorio,cardiomiopatia_i42_i43,20
2024,12,30-39,M,circulatorio,cardiopatia_mal_definida_i51,3
2024,12,30-39,M,circulatorio,cerebrovascular_i60_i69,26
2024,12,30-39,M,circulatorio,circulatorio_outras,22
2024,12,30-39,M,circulatorio,embolia_pulmonar_i26,7
2024,12,30-39,M,circulatorio,hipertensao_i10,6
2024,12,30-39,M,circulatorio,infarto_agudo_i21_i22,44
2024,12,30-39,M,circulatorio,insuf_cardiaca_i50,10
2024,12,30-39,M,circulatorio,isquemica_outras_i20_i25,5
2024,12,30-39,M,circulatorio,miocardite_i40_i41,1
2024,12,30-39,M,circulatorio,parada_arritmia_i46_i49,8
2024,12,30-39,M,covid,"",1
2024,12,30-39,M,digestivo,"",62
2024,12,30-39,M,endocrino_diabetes,"",10
2024,12,30-39,M,endocrino_diabetes,diabetes_e10_e14,17
2024,12,30-39,M,externas,"",634
2024,12,30-39,M,geniturinario,"",8
2024,12,30-39,M,infecciosas,"",88
2024,12,30-39,M,infecciosas,sepse_a40_a41,14
2024,12,30-39,M,mal_definidas,"",109
2024,12,30-39,M,neoplasias,cancer_colorretal_c18_c21,10
2024,12,30-39,M,neoplasias,cancer_estomago_c16,9
2024,12,30-39,M,neoplasias,cancer_hematologico_c81_c96,13
2024,12,30-39,M,neoplasias,cancer_outros_c00_c97,33
2024,12,30-39,M,neoplasias,cancer_pancreas_c25,1
2024,12,30-39,M,neoplasias,cancer_prostata_c61,2
2024,12,30-39,M,neoplasias,cancer_pulmao_c34,6
2024,12,30-39,M,neoplasias,neoplasia_in_situ_benigna_d00_d48,2
2024,12,30-39,M,neuro_mentais,"",45
2024,12,30-39,M,outras,"",17
2024,12,30-39,M,respiratorio,"",31
2024,12,30-39,M,respiratorio,pneumonia_j12_j18,40
2024,12,40-49,F,circulatorio,cardiomiopatia_i42_i43,8
2024,12,40-49,F,circulatorio,cardiopatia_mal_definida_i51,3
2024,12,40-49,F,circulatorio,cerebrovascular_i60_i69,64
2024,12,40-49,F,circulatorio,circulatorio_outras,35
2024,12,40-49,F,circulatorio,embolia_pulmonar_i26,17
2024,12,40-49,F,circulatorio,hipertensao_i10,22
2024,12,40-49,F,circulatorio,infarto_agudo_i21_i22,61
2024,12,40-49,F,circulatorio,insuf_cardiaca_i50,18
2024,12,40-49,F,circulatorio,isquemica_outras_i20_i25,10
2024,12,40-49,F,circulatorio,parada_arritmia_i46_i49,9
2024,12,40-49,F,circulatorio,trombose_venosa_i80_i82,4
2024,12,40-49,F,covid,"",2
2024,12,40-49,F,digestivo,"",74
2024,12,40-49,F,endocrino_diabetes,"",27
2024,12,40-49,F,endocrino_diabetes,diabetes_e10_e14,40
2024,12,40-49,F,externas,"",94
2024,12,40-49,F,geniturinario,"",39
2024,12,40-49,F,infecciosas,"",52
2024,12,40-49,F,infecciosas,sepse_a40_a41,18
2024,12,40-49,F,mal_definidas,"",86
2024,12,40-49,F,neoplasias,cancer_colorretal_c18_c21,42
2024,12,40-49,F,neoplasias,cancer_estomago_c16,18
2024,12,40-49,F,neoplasias,cancer_hematologico_c81_c96,22
2024,12,40-49,F,neoplasias,cancer_mama_c50,104
2024,12,40-49,F,neoplasias,cancer_outros_c00_c97,178
2024,12,40-49,F,neoplasias,cancer_pancreas_c25,5
2024,12,40-49,F,neoplasias,cancer_pulmao_c34,25
2024,12,40-49,F,neoplasias,neoplasia_in_situ_benigna_d00_d48,7
2024,12,40-49,F,neuro_mentais,"",51
2024,12,40-49,F,outras,"",51
2024,12,40-49,F,respiratorio,"",40
2024,12,40-49,F,respiratorio,pneumonia_j12_j18,41
2024,12,40-49,M,circulatorio,cardiomiopatia_i42_i43,23
2024,12,40-49,M,circulatorio,cardiopatia_mal_definida_i51,3
2024,12,40-49,M,circulatorio,cerebrovascular_i60_i69,92
2024,12,40-49,M,circulatorio,circulatorio_outras,41
2024,12,40-49,M,circulatorio,embolia_pulmonar_i26,7
2024,12,40-49,M,circulatorio,hipertensao_i10,17
2024,12,40-49,M,circulatorio,infarto_agudo_i21_i22,120
2024,12,40-49,M,circulatorio,insuf_cardiaca_i50,21
2024,12,40-49,M,circulatorio,isquemica_outras_i20_i25,17
2024,12,40-49,M,circulatorio,miocardite_i40_i41,1
2024,12,40-49,M,circulatorio,parada_arritmia_i46_i49,13
2024,12,40-49,M,circulatorio,trombose_venosa_i80_i82,2
2024,12,40-49,M,covid,"",3
2024,12,40-49,M,digestivo,"",180
2024,12,40-49,M,endocrino_diabetes,"",26
2024,12,40-49,M,endocrino_diabetes,diabetes_e10_e14,37
2024,12,40-49,M,externas,"",473
2024,12,40-49,M,geniturinario,"",46
2024,12,40-49,M,infecciosas,"",91
2024,12,40-49,M,infecciosas,sepse_a40_a41,32
2024,12,40-49,M,mal_definidas,"",192
2024,12,40-49,M,neoplasias,cancer_colorretal_c18_c21,29
2024,12,40-49,M,neoplasias,cancer_estomago_c16,13
2024,12,40-49,M,neoplasias,cancer_hematologico_c81_c96,16
2024,12,40-49,M,neoplasias,cancer_outros_c00_c97,122
2024,12,40-49,M,neoplasias,cancer_pancreas_c25,10
2024,12,40-49,M,neoplasias,cancer_prostata_c61,2
2024,12,40-49,M,neoplasias,cancer_pulmao_c34,15
2024,12,40-49,M,neoplasias,neoplasia_in_situ_benigna_d00_d48,2
2024,12,40-49,M,neuro_mentais,"",72
2024,12,40-49,M,outras,"",28
2024,12,40-49,M,respiratorio,"",45
2024,12,40-49,M,respiratorio,pneumonia_j12_j18,62
2024,12,50-59,F,circulatorio,cardiomiopatia_i42_i43,6
2024,12,50-59,F,circulatorio,cardiopatia_mal_definida_i51,1
2024,12,50-59,F,circulatorio,cerebrovascular_i60_i69,143
2024,12,50-59,F,circulatorio,circulatorio_outras,74
2024,12,50-59,F,circulatorio,embolia_pulmonar_i26,18
2024,12,50-59,F,circulatorio,hipertensao_i10,32
2024,12,50-59,F,circulatorio,infarto_agudo_i21_i22,103
2024,12,50-59,F,circulatorio,insuf_cardiaca_i50,38
2024,12,50-59,F,circulatorio,isquemica_outras_i20_i25,11
2024,12,50-59,F,circulatorio,parada_arritmia_i46_i49,15
2024,12,50-59,F,circulatorio,trombose_venosa_i80_i82,6
2024,12,50-59,F,covid,"",6
2024,12,50-59,F,digestivo,"",86
2024,12,50-59,F,endocrino_diabetes,"",22
2024,12,50-59,F,endocrino_diabetes,diabetes_e10_e14,96
2024,12,50-59,F,externas,"",85
2024,12,50-59,F,geniturinario,"",55
2024,12,50-59,F,infecciosas,"",44
2024,12,50-59,F,infecciosas,sepse_a40_a41,38
2024,12,50-59,F,mal_definidas,"",117
2024,12,50-59,F,neoplasias,cancer_colorretal_c18_c21,74
2024,12,50-59,F,neoplasias,cancer_estomago_c16,23
2024,12,50-59,F,neoplasias,cancer_hematologico_c81_c96,32
2024,12,50-59,F,neoplasias,cancer_mama_c50,122
2024,12,50-59,F,neoplasias,cancer_outros_c00_c97,261
2024,12,50-59,F,neoplasias,cancer_pancreas_c25,22
2024,12,50-59,F,neoplasias,cancer_pulmao_c34,52
2024,12,50-59,F,neoplasias,neoplasia_in_situ_benigna_d00_d48,8
2024,12,50-59,F,neuro_mentais,"",37
2024,12,50-59,F,neuro_mentais,alzheimer_g30,5
2024,12,50-59,F,outras,"",39
2024,12,50-59,F,respiratorio,"",83
2024,12,50-59,F,respiratorio,pneumonia_j12_j18,73
2024,12,50-59,M,circulatorio,cardiomiopatia_i42_i43,35
2024,12,50-59,M,circulatorio,cardiopatia_mal_definida_i51,4
2024,12,50-59,M,circulatorio,cerebrovascular_i60_i69,198
2024,12,50-59,M,circulatorio,circulatorio_outras,73
2024,12,50-59,M,circulatorio,embolia_pulmonar_i26,25
2024,12,50-59,M,circulatorio,hipertensao_i10,46
2024,12,50-59,M,circulatorio,infarto_agudo_i21_i22,284
2024,12,50-59,M,circulatorio,insuf_cardiaca_i50,52
2024,12,50-59,M,circulatorio,isquemica_outras_i20_i25,45
2024,12,50-59,M,circulatorio,parada_arritmia_i46_i49,31
2024,12,50-59,M,circulatorio,trombose_venosa_i80_i82,2
2024,12,50-59,M,covid,"",3
2024,12,50-59,M,digestivo,"",249
2024,12,50-59,M,endocrino_diabetes,"",22
2024,12,50-59,M,endocrino_diabetes,diabetes_e10_e14,107
2024,12,50-59,M,externas,"",349
2024,12,50-59,M,geniturinario,"",72
2024,12,50-59,M,infecciosas,"",99
2024,12,50-59,M,infecciosas,sepse_a40_a41,46
2024,12,50-59,M,mal_definidas,"",257
2024,12,50-59,M,neoplasias,cancer_colorretal_c18_c21,48
2024,12,50-59,M,neoplasias,cancer_estomago_c16,43
2024,12,50-59,M,neoplasias,cancer_hematologico_c81_c96,39
2024,12,50-59,M,neoplasias,cancer_outros_c00_c97,279
2024,12,50-59,M,neoplasias,cancer_pancreas_c25,44
2024,12,50-59,M,neoplasias,cancer_prostata_c61,25
2024,12,50-59,M,neoplasias,cancer_pulmao_c34,68
2024,12,50-59,M,neoplasias,neoplasia_in_situ_benigna_d00_d48,9
2024,12,50-59,M,neuro_mentais,"",119
2024,12,50-59,M,neuro_mentais,alzheimer_g30,1
2024,12,50-59,M,outras,"",54
2024,12,50-59,M,respiratorio,"",99
2024,12,50-59,M,respiratorio,pneumonia_j12_j18,126
2024,12,60-69,F,circulatorio,cardiomiopatia_i42_i43,20
2024,12,60-69,F,circulatorio,cardiopatia_mal_definida_i51,6
2024,12,60-69,F,circulatorio,cerebrovascular_i60_i69,233
2024,12,60-69,F,circulatorio,circulatorio_outras,124
2024,12,60-69,F,circulatorio,embolia_pulmonar_i26,32
2024,12,60-69,F,circulatorio,hipertensao_i10,62
2024,12,60-69,F,circulatorio,infarto_agudo_i21_i22,217
2024,12,60-69,F,circulatorio,insuf_cardiaca_i50,84
2024,12,60-69,F,circulatorio,isquemica_outras_i20_i25,53
2024,12,60-69,F,circulatorio,parada_arritmia_i46_i49,20
2024,12,60-69,F,circulatorio,trombose_venosa_i80_i82,5
2024,12,60-69,F,covid,"",12
2024,12,60-69,F,digestivo,"",167
2024,12,60-69,F,endocrino_diabetes,"",33
2024,12,60-69,F,endocrino_diabetes,diabetes_e10_e14,182
2024,12,60-69,F,externas,"",102
2024,12,60-69,F,geniturinario,"",116
2024,12,60-69,F,infecciosas,"",72
2024,12,60-69,F,infecciosas,sepse_a40_a41,77
2024,12,60-69,F,mal_definidas,"",224
2024,12,60-69,F,neoplasias,cancer_colorretal_c18_c21,91
2024,12,60-69,F,neoplasias,cancer_estomago_c16,38
2024,12,60-69,F,neoplasias,cancer_hematologico_c81_c96,52
2024,12,60-69,F,neoplasias,cancer_mama_c50,122
2024,12,60-69,F,neoplasias,cancer_outros_c00_c97,439
2024,12,60-69,F,neoplasias,cancer_pancreas_c25,69
2024,12,60-69,F,neoplasias,cancer_pulmao_c34,163
2024,12,60-69,F,neoplasias,neoplasia_in_situ_benigna_d00_d48,23
2024,12,60-69,F,neuro_mentais,"",63
2024,12,60-69,F,neuro_mentais,alzheimer_g30,15
2024,12,60-69,F,outras,"",71
2024,12,60-69,F,respiratorio,"",244
2024,12,60-69,F,respiratorio,pneumonia_j12_j18,149
2024,12,60-69,I,digestivo,"",1
2024,12,60-69,M,circulatorio,cardiomiopatia_i42_i43,47
2024,12,60-69,M,circulatorio,cardiopatia_mal_definida_i51,12
2024,12,60-69,M,circulatorio,cerebrovascular_i60_i69,325
2024,12,60-69,M,circulatorio,circulatorio_outras,199
2024,12,60-69,M,circulatorio,embolia_pulmonar_i26,20
2024,12,60-69,M,circulatorio,hipertensao_i10,92
2024,12,60-69,M,circulatorio,infarto_agudo_i21_i22,415
2024,12,60-69,M,circulatorio,insuf_cardiaca_i50,81
2024,12,60-69,M,circulatorio,isquemica_outras_i20_i25,84
2024,12,60-69,M,circulatorio,miocardite_i40_i41,1
2024,12,60-69,M,circulatorio,parada_arritmia_i46_i49,48
2024,12,60-69,M,circulatorio,trombose_venosa_i80_i82,3
2024,12,60-69,M,covid,"",23
2024,12,60-69,M,digestivo,"",322
2024,12,60-69,M,endocrino_diabetes,"",47
2024,12,60-69,M,endocrino_diabetes,diabetes_e10_e14,227
2024,12,60-69,M,externas,"",264
2024,12,60-69,M,geniturinario,"",140
2024,12,60-69,M,infecciosas,"",101
2024,12,60-69,M,infecciosas,sepse_a40_a41,87
2024,12,60-69,M,mal_definidas,"",396
2024,12,60-69,M,neoplasias,cancer_colorretal_c18_c21,102
2024,12,60-69,M,neoplasias,cancer_estomago_c16,78
2024,12,60-69,M,neoplasias,cancer_hematologico_c81_c96,69
2024,12,60-69,M,neoplasias,cancer_mama_c50,3
2024,12,60-69,M,neoplasias,cancer_outros_c00_c97,506
2024,12,60-69,M,neoplasias,cancer_pancreas_c25,62
2024,12,60-69,M,neoplasias,cancer_prostata_c61,89
2024,12,60-69,M,neoplasias,cancer_pulmao_c34,149
2024,12,60-69,M,neoplasias,neoplasia_in_situ_benigna_d00_d48,19
2024,12,60-69,M,neuro_mentais,"",112
2024,12,60-69,M,neuro_mentais,alzheimer_g30,11
2024,12,60-69,M,outras,"",78
2024,12,60-69,M,respiratorio,"",221
2024,12,60-69,M,respiratorio,pneumonia_j12_j18,257
2024,12,70-79,F,circulatorio,cardiomiopatia_i42_i43,35
2024,12,70-79,F,circulatorio,cardiopatia_mal_definida_i51,8
2024,12,70-79,F,circulatorio,cerebrovascular_i60_i69,356
2024,12,70-79,F,circulatorio,circulatorio_outras,176
2024,12,70-79,F,circulatorio,embolia_pulmonar_i26,30
2024,12,70-79,F,circulatorio,hipertensao_i10,120
2024,12,70-79,F,circulatorio,infarto_agudo_i21_i22,306
2024,12,70-79,F,circulatorio,insuf_cardiaca_i50,122
2024,12,70-79,F,circulatorio,isquemica_outras_i20_i25,75
2024,12,70-79,F,circulatorio,parada_arritmia_i46_i49,47
2024,12,70-79,F,circulatorio,trombose_venosa_i80_i82,6
2024,12,70-79,F,covid,"",22
2024,12,70-79,F,digestivo,"",229
2024,12,70-79,F,endocrino_diabetes,"",47
2024,12,70-79,F,endocrino_diabetes,diabetes_e10_e14,305
2024,12,70-79,F,externas,"",112
2024,12,70-79,F,geniturinario,"",202
2024,12,70-79,F,infecciosas,"",98
2024,12,70-79,F,infecciosas,sepse_a40_a41,126
2024,12,70-79,F,mal_definidas,"",319
2024,12,70-79,F,neoplasias,cancer_colorretal_c18_c21,103
2024,12,70-79,F,neoplasias,cancer_estomago_c16,37
2024,12,70-79,F,neoplasias,cancer_hematologico_c81_c96,38
2024,12,70-79,F,neoplasias,cancer_mama_c50,120
2024,12,70-79,F,neoplasias,cancer_outros_c00_c97,439
2024,12,70-79,F,neoplasias,cancer_pancreas_c25,62
2024,12,70-79,F,neoplasias,cancer_prostata_c61,2
2024,12,70-79,F,neoplasias,cancer_pulmao_c34,142
2024,12,70-79,F,neoplasias,neoplasia_in_situ_benigna_d00_d48,30
2024,12,70-79,F,neuro_mentais,"",80
2024,12,70-79,F,neuro_mentais,alzheimer_g30,80
2024,12,70-79,F,outras,"",107
2024,12,70-79,F,respiratorio,"",336
2024,12,70-79,F,respiratorio,pneumonia_j12_j18,319
2024,12,70-79,M,circulatorio,cardiomiopatia_i42_i43,42
2024,12,70-79,M,circulatorio,cardiopatia_mal_definida_i51,13
2024,12,70-79,M,circulatorio,cerebrovascular_i60_i69,447
2024,12,70-79,M,circulatorio,circulatorio_outras,227
2024,12,70-79,M,circulatorio,embolia_pulmonar_i26,27
2024,12,70-79,M,circulatorio,hipertensao_i10,126
2024,12,70-79,M,circulatorio,infarto_agudo_i21_i22,426
2024,12,70-79,M,circulatorio,insuf_cardiaca_i50,135
2024,12,70-79,M,circulatorio,isquemica_outras_i20_i25,102
2024,12,70-79,M,circulatorio,miocardite_i40_i41,1
2024,12,70-79,M,circulatorio,parada_arritmia_i46_i49,64
2024,12,70-79,M,circulatorio,trombose_venosa_i80_i82,6
2024,12,70-79,M,covid,"",23
2024,12,70-79,M,digestivo,"",290
2024,12,70-79,M,endocrino_diabetes,"",46
2024,12,70-79,M,endocrino_diabetes,diabetes_e10_e14,274
2024,12,70-79,M,externas,"",180
2024,12,70-79,M,geniturinario,"",223
2024,12,70-79,M,infecciosas,"",102
2024,12,70-79,M,infecciosas,sepse_a40_a41,131
2024,12,70-79,M,mal_definidas,"",418
2024,12,70-79,M,neoplasias,cancer_colorretal_c18_c21,110
2024,12,70-79,M,neoplasias,cancer_estomago_c16,86
2024,12,70-79,M,neoplasias,cancer_hematologico_c81_c96,68
2024,12,70-79,M,neoplasias,cancer_mama_c50,4
2024,12,70-79,M,neoplasias,cancer_outros_c00_c97,453
2024,12,70-79,M,neoplasias,cancer_pancreas_c25,70
2024,12,70-79,M,neoplasias,cancer_prostata_c61,188
2024,12,70-79,M,neoplasias,cancer_pulmao_c34,165
2024,12,70-79,M,neoplasias,neoplasia_in_situ_benigna_d00_d48,26
2024,12,70-79,M,neuro_mentais,"",132
2024,12,70-79,M,neuro_mentais,alzheimer_g30,74
2024,12,70-79,M,outras,"",102
2024,12,70-79,M,respiratorio,"",389
2024,12,70-79,M,respiratorio,pneumonia_j12_j18,362
2024,12,80+,F,circulatorio,cardiomiopatia_i42_i43,42
2024,12,80+,F,circulatorio,cardiopatia_mal_definida_i51,22
2024,12,80+,F,circulatorio,cerebrovascular_i60_i69,626
2024,12,80+,F,circulatorio,circulatorio_outras,321
2024,12,80+,F,circulatorio,embolia_pulmonar_i26,43
2024,12,80+,F,circulatorio,hipertensao_i10,271
2024,12,80+,F,circulatorio,infarto_agudo_i21_i22,357
2024,12,80+,F,circulatorio,insuf_cardiaca_i50,276
2024,12,80+,F,circulatorio,isquemica_outras_i20_i25,105
2024,12,80+,F,circulatorio,parada_arritmia_i46_i49,111
2024,12,80+,F,circulatorio,trombose_venosa_i80_i82,18
2024,12,80+,F,covid,"",43
2024,12,80+,F,digestivo,"",346
2024,12,80+,F,endocrino_diabetes,"",101
2024,12,80+,F,endocrino_diabetes,diabetes_e10_e14,389
2024,12,80+,F,externas,"",263
2024,12,80+,F,geniturinario,"",524
2024,12,80+,F,infecciosas,"",134
2024,12,80+,F,infecciosas,sepse_a40_a41,238
2024,12,80+,F,mal_definidas,"",724
2024,12,80+,F,neoplasias,cancer_colorretal_c18_c21,78
2024,12,80+,F,neoplasias,cancer_estomago_c16,39
2024,12,80+,F,neoplasias,cancer_hematologico_c81_c96,49
2024,12,80+,F,neoplasias,cancer_mama_c50,83
2024,12,80+,F,neoplasias,cancer_outros_c00_c97,335
2024,12,80+,F,neoplasias,cancer_pancreas_c25,65
2024,12,80+,F,neoplasias,cancer_prostata_c61,1
2024,12,80+,F,neoplasias,cancer_pulmao_c34,89
2024,12,80+,F,neoplasias,neoplasia_in_situ_benigna_d00_d48,21
2024,12,80+,F,neuro_mentais,"",200
2024,12,80+,F,neuro_mentais,alzheimer_g30,454
2024,12,80+,F,outras,"",193
2024,12,80+,F,respiratorio,"",584
2024,12,80+,F,respiratorio,pneumonia_j12_j18,927
2024,12,80+,M,circulatorio,cardiomiopatia_i42_i43,42
2024,12,80+,M,circulatorio,cardiopatia_mal_definida_i51,12
2024,12,80+,M,circulatorio,cerebrovascular_i60_i69,495
2024,12,80+,M,circulatorio,circulatorio_outras,261
2024,12,80+,M,circulatorio,embolia_pulmonar_i26,22
2024,12,80+,M,circulatorio,hipertensao_i10,137
2024,12,80+,M,circulatorio,infarto_agudo_i21_i22,282
2024,12,80+,M,circulatorio,insuf_cardiaca_i50,177
2024,12,80+,M,circulatorio,isquemica_outras_i20_i25,91
2024,12,80+,M,circulatorio,miocardite_i40_i41,1
2024,12,80+,M,circulatorio,parada_arritmia_i46_i49,64
2024,12,80+,M,circulatorio,trombose_venosa_i80_i82,4
2024,12,80+,M,covid,"",43
2024,12,80+,M,digestivo,"",261
2024,12,80+,M,endocrino_diabetes,"",68
2024,12,80+,M,endocrino_diabetes,diabetes_e10_e14,208
2024,12,80+,M,externas,"",169
2024,12,80+,M,geniturinario,"",423
2024,12,80+,M,infecciosas,"",76
2024,12,80+,M,infecciosas,sepse_a40_a41,138
2024,12,80+,M,mal_definidas,"",535
2024,12,80+,M,neoplasias,cancer_colorretal_c18_c21,76
2024,12,80+,M,neoplasias,cancer_estomago_c16,50
2024,12,80+,M,neoplasias,cancer_hematologico_c81_c96,46
2024,12,80+,M,neoplasias,cancer_outros_c00_c97,291
2024,12,80+,M,neoplasias,cancer_pancreas_c25,41
2024,12,80+,M,neoplasias,cancer_prostata_c61,217
2024,12,80+,M,neoplasias,cancer_pulmao_c34,112
2024,12,80+,M,neoplasias,neoplasia_in_situ_benigna_d00_d48,17
2024,12,80+,M,neuro_mentais,"",172
2024,12,80+,M,neuro_mentais,alzheimer_g30,182
2024,12,80+,M,outras,"",110
2024,12,80+,M,respiratorio,"",510
2024,12,80+,M,respiratorio,pneumonia_j12_j18,625
2024,12,ignorada,F,externas,"",1
2024,12,ignorada,I,externas,"",3
2024,12,ignorada,I,mal_definidas,"",2
2024,12,ignorada,M,circulatorio,cardiomiopatia_i42_i43,1
2024,12,ignorada,M,circulatorio,circulatorio_outras,1
2024,12,ignorada,M,digestivo,"",1
2024,12,ignorada,M,externas,"",9
2024,12,ignorada,M,infecciosas,sepse_a40_a41,1
2024,12,ignorada,M,mal_definidas,"",4
2024,12,ignorada,M,respiratorio,"",1
