proc,data,tipo,descricao,pecas
Inq5026,11/09/2026,Conclusos ao(à) Relator(a),O processo foi encaminhado para análise do(a) ministro(a) responsável pelo caso.,
Inq5026,10/09/2026,Petição,"Petição Físico ou Sigiloso - Petição Sigilosa: 114396 Data: 10/09/2026, às 15:40:07",
Inq5026,10/09/2026,Petição,"Petição Físico ou Sigiloso - Petição Sigilosa: 114256 Data: 10/09/2026, às 13:17:12",
Inq5026,09/09/2026,Petição,"Petição Físico ou Sigiloso - Petição Sigilosa: 113772 Data: 09/09/2026, às 15:01:54",
Inq5026,07/09/2026,Intimado eletronicamente,"A pessoa (o autor, o réu, o executado ou outro interessado) e/ou seu advogado receberam, por sistema eletrônico, a comunicação de uma decisão do processo. | Intimação | PROCURADOR-GERAL DA REPÚBLICA",15390156715
Inq5026,04/09/2026,Petição,"Petição Físico ou Sigiloso - Petição Sigilosa: 112183 Data: 04/09/2026, às 11:59:26",
Inq5026,02/09/2026,Juntada do mandado cumprido,5326/2026,
Inq5026,01/09/2026,Petição,"Petição Físico ou Sigiloso - Petição Sigilosa: 110659 Data: 01/09/2026, às 18:18:37",
Inq5026,01/09/2026,Expedido(a),Um documento relacionado ao processo foi enviado. | Mandado de intimação despacho/decisão_SEJ,
Inq5026,31/08/2026,Conclusos ao(à) Relator(a),O processo foi encaminhado para análise do(a) ministro(a) responsável pelo caso.,
Inq5026,31/08/2026,Petição,"Petição Físico ou Sigiloso - Petição Sigilosa: 109960 Data: 31/08/2026, às 17:47:49",
Inq5026,28/08/2026,Expedido(a),Um documento relacionado ao processo foi enviado. | Comunica despacho/decisão _SEJ,
Inq5026,28/08/2026,Comunicação assinada,"Um documento relacionado ao processo, como um ofício ou um alvará, foi assinado. | Comunicação assinada | Mandado 5326/2026. Mandado de intimação despacho/decisão_SEJ",15389827136
Inq5026,28/08/2026,Comunicação assinada,"Um documento relacionado ao processo, como um ofício ou um alvará, foi assinado. | Comunicação assinada | Ofício 20476/2026. Comunica despacho/decisão _SEJ",15389827116
Inq5026,28/08/2026,Vista à PGR,O processo foi enviado à Procuradoria-Geral da República (Ministério Público Federal) para manifestação. | Vista à PGR,15389821136
Inq5026,28/08/2026,Petição,"Petição Físico ou Sigiloso - Petição Sigilosa: 108999 Data: 28/08/2026, às 17:07:17",
Inq5026,28/08/2026,Certidão,Registro de acontecimentos relacionados ao processo. | Certifico a elaboração de 1 ofício eletrônico. Despacho de 28.8.2026.,
Inq5026,28/08/2026,Certidão,Registro de acontecimentos relacionados ao processo. | Certifico a elaboração de 1 mandado de intimação. Decisão de 28.8.2026.,
Inq5026,28/08/2026,Autos disponibilizados à autoridade policial,Termo de disponibilização de autos,15389816034
Inq5026,28/08/2026,Despacho,Despacho | MIN. ANDRÉ MENDONÇA,15389807884
Inq5026,28/08/2026,Despacho,Despacho | MIN. ANDRÉ MENDONÇA,15389807871
Inq5026,28/08/2026,Decisão (sigiloso),Decisão monocrática | MIN. ANDRÉ MENDONÇA | julgo prejudicados os pedidos da Petição do e-doc 1015,15389807828
Inq5026,27/08/2026,Petição,"Petição Físico ou Sigiloso - Petição Sigilosa: 108142 Data: 27/08/2026, às 14:54:47",
Inq5026,27/08/2026,Petição,"Petição Físico ou Sigiloso - Petição Sigilosa: 108051 Data: 27/08/2026, às 12:33:23",
Inq5026,26/08/2026,Petição,"Petição Físico ou Sigiloso - Petição Sigilosa: 107478 Data: 26/08/2026, às 13:29:19",
Inq5026,26/08/2026,Certidão,"Registro de acontecimentos relacionados ao processo. | Certidão | Certifico que retifiquei a autuação para incluir os advogados do interessado, nos termos da Petição n. 107070/2026 (e-doc 1042 a 1044, ID b16f4156, 96",15389669254
Inq5026,26/08/2026,Autos disponibilizados à autoridade policial,Termo de disponibilização de autos,15389657207
Inq5026,26/08/2026,Vista à PGR para fins de intimação,O processo foi enviado à Procuradoria-Geral da República (Ministério Público Federal) para comunicação da decisão no processo. | Despacho,15389657074
Inq5026,26/08/2026,Despacho,"Despacho | MIN. ANDRÉ MENDONÇA | ""1. A autoridade policial requer a prorrogação de prazo para a | realização de diligências complementares que reputa imprescindíveis",15389657074
Inq5026,25/08/2026,Petição,"Petição Físico ou Sigiloso - Petição Sigilosa: 107179 Data: 25/08/2026, às 19:44:01",
Inq5026,25/08/2026,Petição,"Petição Físico ou Sigiloso - Petição Sigilosa: 107070 Data: 25/08/2026, às 17:40:52",
Inq5026,24/08/2026,Petição,"Petição Físico ou Sigiloso - Petição Sigilosa: 106523 Data: 24/08/2026, às 20:24:20",
Inq5026,21/08/2026,Petição,"Petição Físico ou Sigiloso - Petição Sigilosa: 105459 Data: 21/08/2026, às 14:51:14",
Inq5026,20/08/2026,Petição,"Petição Físico ou Sigiloso - Petição Sigilosa: 104994 Data: 20/08/2026, às 16:20:27",
Inq5026,20/08/2026,Petição,"Petição Físico ou Sigiloso - Petição Sigilosa: 104959 Data: 20/08/2026, às 15:49:47",
Inq5026,20/08/2026,Petição,"Petição Físico ou Sigiloso - Petição Sigilosa: 104889 Data: 20/08/2026, às 14:32:41",
Inq5026,19/08/2026,Petição,"Petição Físico ou Sigiloso - Petição Sigilosa: 104566 Data: 19/08/2026, às 17:57:19",
Inq5026,19/08/2026,Petição,"Petição Físico ou Sigiloso - Petição Sigilosa: 104550 Data: 19/08/2026, às 17:39:56",
Inq5026,19/08/2026,Petição,"Petição Físico ou Sigiloso - Petição Sigilosa: 104440 Data: 19/08/2026, às 16:27:40",
Inq5026,17/08/2026,Petição,103251/2026 - 17/08/2026 -,
Inq5026,14/08/2026,Petição,"Petição Físico ou Sigiloso - Petição Sigilosa: 102540 Data: 14/08/2026, às 18:26:55",
Inq5026,14/08/2026,Petição,"Petição Físico ou Sigiloso - Petição Sigilosa: 102351 Data: 14/08/2026, às 15:46:33",
Inq5026,14/08/2026,Petição,"Petição Físico ou Sigiloso - Petição Sigilosa: 102226 Data: 14/08/2026, às 12:29:14",
Inq5026,13/08/2026,Petição,"Petição Físico ou Sigiloso - Petição Sigilosa: 101603 Data: 13/08/2026, às 11:08:19",
Inq5026,06/08/2026,Petição,"Petição Físico ou Sigiloso - Petição Sigilosa: 99052 Data: 06/08/2026, às 15:27:53",
Inq5026,05/08/2026,Petição,"Petição Físico ou Sigiloso - Petição Sigilosa: 98717 Data: 05/08/2026, às 20:08:30",
Inq5026,05/08/2026,Petição,"Petição Físico ou Sigiloso - Petição Sigilosa: 98637 Data: 05/08/2026, às 17:53:19",
Inq5026,04/08/2026,Petição,"Petição Físico ou Sigiloso - Petição Sigilosa: 98091 Data: 04/08/2026, às 19:06:11",
Inq5026,03/08/2026,Petição,"Petição Físico ou Sigiloso - Petição Sigilosa: 97362 Data: 03/08/2026, às 16:43:43",
Inq5026,03/08/2026,Petição,"Petição Físico ou Sigiloso - Petição Sigilosa: 97189 Data: 03/08/2026, às 13:30:12",
Inq5026,30/07/2026,Petição,"Petição Físico ou Sigiloso - Petição Sigilosa: 96160 Data: 30/07/2026, às 13:52:18",
Inq5026,29/07/2026,Petição,"Petição Físico ou Sigiloso - Petição Sigilosa: 96005 Data: 29/07/2026, às 19:33:58",
Inq5026,28/07/2026,Petição,"Petição Físico ou Sigiloso - Petição Sigilosa: 95350 Data: 28/07/2026, às 15:19:09",
Inq5026,27/07/2026,Petição,"Petição Físico ou Sigiloso - Petição Sigilosa: 94782 Data: 27/07/2026, às 13:39:37",
Inq5026,24/07/2026,Petição,"Petição Físico ou Sigiloso - Petição Sigilosa: 94420 Data: 24/07/2026, às 16:26:23",
Inq5026,23/07/2026,Petição,"Petição Físico ou Sigiloso - Petição Sigilosa: 93899 Data: 23/07/2026, às 15:03:32",
Inq5026,22/07/2026,Petição,"Petição Físico ou Sigiloso - Petição Sigilosa: 93376 Data: 22/07/2026, às 12:59:34",
Inq5026,18/07/2026,Petição,"Petição Físico ou Sigiloso - Petição Sigilosa: 92179 Data: 18/07/2026, às 18:01:40",
Inq5026,16/07/2026,Petição,"Petição Físico ou Sigiloso - Petição Sigilosa: 91148 Data: 16/07/2026, às 11:04:39",
Inq5026,16/07/2026,Intimado eletronicamente,"A pessoa (o autor, o réu, o executado ou outro interessado) e/ou seu advogado receberam, por sistema eletrônico, a comunicação de uma decisão do processo. | Intimação | PROCURADOR-GERAL DA REPÚBLICA",15388816296
Inq5026,15/07/2026,Petição,"Petição Físico ou Sigiloso - Petição Sigilosa: 90910 Data: 15/07/2026, às 15:33:15",
Inq5026,14/07/2026,Petição,"Petição Físico ou Sigiloso - Petição Sigilosa: 90414 Data: 14/07/2026, às 15:51:31",
Inq5026,14/07/2026,Petição,"Petição Físico ou Sigiloso - Petição Sigilosa: 90257 Data: 14/07/2026, às 11:52:49",
Inq5026,13/07/2026,Conclusos ao(à) Relator(a),O processo foi encaminhado para análise do(a) ministro(a) responsável pelo caso.,
Inq5026,10/07/2026,Remessa,À GERÊNCIA DE PROCESSOS ORIGINÁRIOS CRIMINAIS,
Inq5026,10/07/2026,Certidão,"Registro de acontecimentos relacionados ao processo. | SEJ/CPIN - Autuadas as PETs 16.389, 16.390, 16.391 e 16.392.",
Inq5026,09/07/2026,Petição,"Petição Físico ou Sigiloso - Petição Sigilosa: 89134 Data: 09/07/2026, às 18:58:59",
Inq5026,07/07/2026,Petição,"Petição Físico ou Sigiloso - Petição Sigilosa: 87835 Data: 07/07/2026, às 11:48:55",
Inq5026,06/07/2026,Vista à PGR para fins de intimação,O processo foi enviado à Procuradoria-Geral da República (Ministério Público Federal) para comunicação da decisão no processo. | Despacho,15388643748
Inq5026,06/07/2026,Decisão (sigiloso),Despacho | MIN. ANDRÉ MENDONÇA | 06/07/2026,15388643748
Inq5026,01/07/2026,Petição,"Petição Físico ou Sigiloso - Petição Sigilosa: 85366 Data: 01/07/2026, às 11:11:26",
Inq5026,26/06/2026,Petição,"Petição Físico ou Sigiloso - Petição Sigilosa: 83789 Data: 26/06/2026, às 11:33:05",
Inq5026,25/06/2026,Petição,"Petição Físico ou Sigiloso - Petição Sigilosa: 83425 Data: 25/06/2026, às 16:38:12",
Inq5026,24/06/2026,Petição,82862/2026 - 24/06/2026 -,
Inq5026,24/06/2026,Petição,"Petição Físico ou Sigiloso - Petição Sigilosa: 82771 Data: 24/06/2026, às 12:38:32",
Inq5026,23/06/2026,Petição,"Petição Físico ou Sigiloso - Petição Sigilosa: 82428 Data: 23/06/2026, às 16:51:46",
Inq5026,22/06/2026,Petição,"Petição Físico ou Sigiloso - Petição Sigilosa: 81995 Data: 22/06/2026, às 20:33:08",
Inq5026,22/06/2026,Intimado eletronicamente,"A pessoa (o autor, o réu, o executado ou outro interessado) e/ou seu advogado receberam, por sistema eletrônico, a comunicação de uma decisão do processo. | Intimação | PROCURADOR-GERAL DA REPÚBLICA",15388194387
Inq5026,19/06/2026,Petição,"Petição Físico ou Sigiloso - Petição Sigilosa: 81067 Data: 19/06/2026, às 17:25:46",
Inq5026,19/06/2026,Petição,"Petição Físico ou Sigiloso - Petição Sigilosa: 81065 Data: 19/06/2026, às 17:24:23",
Inq5026,19/06/2026,Petição,"Petição Físico ou Sigiloso - Petição Sigilosa: 80703 Data: 19/06/2026, às 11:00:26",
Inq5026,17/06/2026,Petição,"Petição Físico ou Sigiloso - Petição Sigilosa: 79755 Data: 17/06/2026, às 17:21:01",
Inq5026,15/06/2026,Juntada do mandado cumprido,MI n. 3705/2026,
Inq5026,15/06/2026,Petição,"Petição Físico ou Sigiloso - Petição Sigilosa: 78268 Data: 15/06/2026, às 15:28:29",
Inq5026,15/06/2026,Conclusos ao(à) Relator(a),O processo foi encaminhado para análise do(a) ministro(a) responsável pelo caso.,
Inq5026,15/06/2026,Petição,"Petição Físico ou Sigiloso - Petição Sigilosa: 77979 Data: 15/06/2026, às 07:45:43",
Inq5026,12/06/2026,Expedido(a),Um documento relacionado ao processo foi enviado. | Comunica despacho/decisão _SEJ,
Inq5026,12/06/2026,Expedido(a),Um documento relacionado ao processo foi enviado. | Comunica despacho/decisão _SEJ,
Inq5026,12/06/2026,Expedido(a),Um documento relacionado ao processo foi enviado. | Mandado de intimação despacho/decisão_SEJ,
Inq5026,12/06/2026,Comunicação assinada,"Um documento relacionado ao processo, como um ofício ou um alvará, foi assinado. | Ofício 14015/2026. Comunica despacho/decisão _SEJ",
Inq5026,12/06/2026,Comunicação assinada,"Um documento relacionado ao processo, como um ofício ou um alvará, foi assinado. | Ofício 14014/2026. Comunica despacho/decisão _SEJ",
Inq5026,12/06/2026,Comunicação assinada,"Um documento relacionado ao processo, como um ofício ou um alvará, foi assinado. | Mandado 3705/2026. Mandado de intimação despacho/decisão_SEJ",
Inq5026,12/06/2026,Certidão,Registro de acontecimentos relacionados ao processo. | Certifico a elaboração de 2 ofícios eletrônicos e 1 mandado de intimação. Decisão de 12.6.2026.,
Inq5026,12/06/2026,Vista à PGR para fins de intimação,O processo foi enviado à Procuradoria-Geral da República (Ministério Público Federal) para comunicação da decisão no processo. | Decisão monocrática,15388000498
Inq5026,12/06/2026,Decisão (sigiloso),Decisão monocrática | MIN. ANDRÉ MENDONÇA,15388000498
Inq5026,12/06/2026,Conclusos ao(à) Relator(a),O processo foi encaminhado para análise do(a) ministro(a) responsável pelo caso.,
Inq5026,11/06/2026,Remessa,À GERÊNCIA DE PROCESSOS ORIGINÁRIOS CRIMINAIS,
Inq5026,11/06/2026,Certidão,Registro de acontecimentos relacionados ao processo. | Certidão: SEJ/CPIN - Autuada a PET 16.231,
Inq5026,11/06/2026,Petição,"Petição Físico ou Sigiloso - Petição Sigilosa: 77039 Data: 11/06/2026, às 15:42:05",
Inq5026,11/06/2026,Petição,"Petição Físico ou Sigiloso - Petição Sigilosa: 77002 Data: 11/06/2026, às 15:07:34",
Inq5026,10/06/2026,Petição,"Petição Físico ou Sigiloso - Petição Sigilosa: 76574 Data: 10/06/2026, às 17:20:44",
Inq5026,10/06/2026,Petição,"Petição Físico ou Sigiloso - Petição Sigilosa: 76463 Data: 10/06/2026, às 15:31:40",
Inq5026,03/06/2026,Conclusos ao(à) Relator(a),O processo foi encaminhado para análise do(a) ministro(a) responsável pelo caso.,
Inq5026,03/06/2026,Petição,"Petição Físico ou Sigiloso - Petição Sigilosa: 73886 Data: 03/06/2026, às 13:51:12",
Inq5026,02/06/2026,Lançamento indevido,02/06/2026 - Certidão | Justificativa: indevido,
Inq5026,02/06/2026,Petição,"Petição Físico ou Sigiloso - Petição Sigilosa: 73515 Data: 02/06/2026, às 16:38:49",
Inq5026,02/06/2026,Petição,"Petição Físico ou Sigiloso - Petição Sigilosa: 73422 Data: 02/06/2026, às 15:21:12",
Inq5026,02/06/2026,Certidão,Registro de acontecimentos relacionados ao processo.,
Inq5026,02/06/2026,Certidão,"Registro de acontecimentos relacionados ao processo. | Certifico que fica sem efeito a certidão do e-doc 848, ID 202bb98d, por erro no procedimento.",
Inq5026,01/06/2026,Petição,"72315/2026 Data: 31/05/2026, às 07:48:37 PETV3",
Inq5026,29/05/2026,Petição,"Petição Físico ou Sigiloso - Petição Sigilosa: 71845 Data: 29/05/2026, às 12:37:41",
Inq5026,29/05/2026,Petição,"Petição Físico ou Sigiloso - Petição Sigilosa: 71768 Data: 29/05/2026, às 10:34:44",
Inq5026,26/05/2026,Petição,"Petição Físico ou Sigiloso - Petição Sigilosa: 69828 Data: 26/05/2026, às 15:05:49",
Inq5026,22/05/2026,Petição,"Petição Físico ou Sigiloso - Petição Sigilosa: 68442 Data: 22/05/2026, às 17:32:22",
Inq5026,21/05/2026,Petição,"Petição Físico ou Sigiloso - Petição Sigilosa: 67588 Data: 21/05/2026, às 15:07:12",
Inq5026,20/05/2026,Petição,"Petição Físico ou Sigiloso - Petição Sigilosa: 66661 Data: 20/05/2026, às 10:25:25",
Inq5026,19/05/2026,Petição,"Petição Físico ou Sigiloso - Petição Sigilosa: 66354 Data: 19/05/2026, às 17:19:05",
Inq5026,19/05/2026,Petição,"Petição Físico ou Sigiloso - Petição Sigilosa: 66037 Data: 19/05/2026, às 11:50:50",
Inq5026,19/05/2026,Petição,"Petição Físico ou Sigiloso - Petição Sigilosa: 65982 Data: 19/05/2026, às 10:50:43",
Inq5026,18/05/2026,Petição,"Petição Físico ou Sigiloso - Petição Sigilosa: 65812 Data: 18/05/2026, às 19:52:41",
Inq5026,18/05/2026,Petição,"Petição Físico ou Sigiloso - Petição Sigilosa: 65653 Data: 18/05/2026, às 17:53:19",
Inq5026,14/05/2026,Juntada do mandado cumprido,,
Inq5026,12/05/2026,Petição,"Petição Físico ou Sigiloso - Petição Sigilosa: 62872 Data: 12/05/2026, às 19:48:24",
Inq5026,12/05/2026,Petição,"Petição Físico ou Sigiloso - Petição Sigilosa: 62836 Data: 12/05/2026, às 18:58:55",
Inq5026,12/05/2026,Petição,"Petição Físico ou Sigiloso - Petição Sigilosa: 62714 Data: 12/05/2026, às 17:49:13",
Inq5026,12/05/2026,Petição,"Petição Físico ou Sigiloso - Petição Sigilosa: 62704 Data: 12/05/2026, às 17:36:26",
Inq5026,12/05/2026,Petição,"Petição Físico ou Sigiloso - Petição Sigilosa: 62439 Data: 12/05/2026, às 14:50:57",
Inq5026,11/05/2026,Petição,"Petição Físico ou Sigiloso - Petição Sigilosa: 61997 Data: 11/05/2026, às 19:25:06",
Inq5026,11/05/2026,Petição,"Petição Físico ou Sigiloso - Petição Sigilosa: 61977 Data: 11/05/2026, às 18:51:22",
Inq5026,11/05/2026,Petição,"Petição Físico ou Sigiloso - Petição Sigilosa: 61885 Data: 11/05/2026, às 17:37:28",
Inq5026,11/05/2026,Conclusos ao(à) Relator(a),O processo foi encaminhado para análise do(a) ministro(a) responsável pelo caso.,
Inq5026,11/05/2026,Certidão,Registro de acontecimentos relacionados ao processo. | CERTIDÃO DE AUSÊNCIA DE MANIFESTAÇÃO,
Inq5026,11/05/2026,Juntada do mandado cumprido,MI n. 2433/2026. Em 4/5/2026,
Inq5026,11/05/2026,Petição,"Petição Físico ou Sigiloso - Petição Sigilosa: 61484 Data: 11/05/2026, às 13:47:26",
Inq5026,11/05/2026,Intimado eletronicamente,"A pessoa (o autor, o réu, o executado ou outro interessado) e/ou seu advogado receberam, por sistema eletrônico, a comunicação de uma decisão do processo. | Intimação | PROCURADOR-GERAL DA REPÚBLICA",15386919055
Inq5026,08/05/2026,Petição,"Petição Físico ou Sigiloso - Petição Sigilosa: 60758 Data: 08/05/2026, às 14:40:38",
Inq5026,07/05/2026,Petição,"Petição Físico ou Sigiloso - Petição Sigilosa: 60308 Data: 07/05/2026, às 18:44:06",
Inq5026,07/05/2026,Petição,"Petição Físico ou Sigiloso - Petição Sigilosa: 60086 Data: 07/05/2026, às 16:33:56",
Inq5026,07/05/2026,Petição,"Petição Físico ou Sigiloso - Petição Sigilosa: 59994 Data: 07/05/2026, às 15:38:02",
Inq5026,06/05/2026,Petição,"Petição Físico ou Sigiloso - Petição Sigilosa: 59388 Data: 06/05/2026, às 16:41:17",
Inq5026,05/05/2026,Certidão,Registro de acontecimentos relacionados ao processo. | CERTIDÃO DE RETIFICAÇÃO DE AUTUAÇÃO,
Inq5026,05/05/2026,Petição,"Petição Físico ou Sigiloso - Petição Sigilosa: 58629 Data: 05/05/2026, às 16:42:39",
Inq5026,04/05/2026,Expedido(a),Um documento relacionado ao processo foi enviado. | Mandado de intimação despacho/decisão_SEJ,
Inq5026,04/05/2026,Expedido(a),Um documento relacionado ao processo foi enviado. | Comunica despacho/decisão _SEJ,
Inq5026,04/05/2026,Comunicação assinada,"Um documento relacionado ao processo, como um ofício ou um alvará, foi assinado. | Ofício 9763/2026. Comunica despacho/decisão _SEJ",
Inq5026,04/05/2026,Petição,"Petição Físico ou Sigiloso - Petição Sigilosa: 57744 Data: 04/05/2026, às 15:01:11",
Inq5026,04/05/2026,Intimado eletronicamente,"A pessoa (o autor, o réu, o executado ou outro interessado) e/ou seu advogado receberam, por sistema eletrônico, a comunicação de uma decisão do processo. | Intimação | PROCURADOR-GERAL DA REPÚBLICA",15386643377
Inq5026,30/04/2026,Expedido(a),Um documento relacionado ao processo foi enviado. | Mandado de intimação despacho/decisão_SEJ,
Inq5026,30/04/2026,Expedido(a),Um documento relacionado ao processo foi enviado. | Comunica despacho/decisão _SEJ,
Inq5026,30/04/2026,Comunicação assinada,"Um documento relacionado ao processo, como um ofício ou um alvará, foi assinado. | Mandado 2621/2026. Mandado de intimação despacho/decisão_SEJ",
Inq5026,30/04/2026,Comunicação assinada,"Um documento relacionado ao processo, como um ofício ou um alvará, foi assinado. | Ofício 9636/2026. Comunica despacho/decisão _SEJ",
Inq5026,30/04/2026,Certidão,Registro de acontecimentos relacionados ao processo. | Certifico a elaboração de 2 ofícios eletrônicos e 1 mandado de intimação. Decisão de 30/04/2026.,
Inq5026,30/04/2026,Vista à PGR para fins de intimação,O processo foi enviado à Procuradoria-Geral da República (Ministério Público Federal) para comunicação da decisão no processo. | Decisão monocrática,15386637969
Inq5026,30/04/2026,Decisão (sigiloso),Decisão monocrática | MIN. ANDRÉ MENDONÇA | 30/04/2026,15386637969
Inq5026,30/04/2026,Petição,"Petição Físico ou Sigiloso - Petição Sigilosa: 56700 Data: 30/04/2026, às 15:33:03",
Inq5026,29/04/2026,Petição,"Petição Físico ou Sigiloso - Petição Sigilosa: 56092 Data: 29/04/2026, às 16:54:07",
Inq5026,27/04/2026,Petição,"54216/2026 Data: 27/04/2026, às 14:59:56 PETV3",
Inq5026,27/04/2026,Expedido(a),Um documento relacionado ao processo foi enviado. | Informação Geral_SEJ,
Inq5026,27/04/2026,Comunicação assinada,"Um documento relacionado ao processo, como um ofício ou um alvará, foi assinado. | Ofício 8894/2026. Informação Geral_SEJ",
Inq5026,27/04/2026,Intimado eletronicamente,"A pessoa (o autor, o réu, o executado ou outro interessado) e/ou seu advogado receberam, por sistema eletrônico, a comunicação de uma decisão do processo. | Intimação | PROCURADOR-GERAL DA REPÚBLICA",15386447123
Inq5026,24/04/2026,Comunicação assinada,"Um documento relacionado ao processo, como um ofício ou um alvará, foi assinado. | Mandado 2433/2026. Mandado de intimação despacho/decisão_SEJ",
Inq5026,24/04/2026,Certidão,Registro de acontecimentos relacionados ao processo. | CERTIDÃO DE RETIFICAÇÃO DE AUTUAÇÃO,
Inq5026,24/04/2026,Certidão,Registro de acontecimentos relacionados ao processo. | Certifico a elaboração de 1 ofício e 1 mandado de intimação. Despacho de24/04/2026.,
Inq5026,24/04/2026,Vista à PGR para fins de intimação,O processo foi enviado à Procuradoria-Geral da República (Ministério Público Federal) para comunicação da decisão no processo. | Despacho,15386357454
Inq5026,24/04/2026,Despacho,Despacho | MIN. ANDRÉ MENDONÇA | 24/04/2026,15386357454
Inq5026,23/04/2026,Petição,"Petição Físico ou Sigiloso - Petição Sigilosa: 52348 Data: 23/04/2026, às 13:58:27",
Inq5026,23/04/2026,Petição,"Petição Físico ou Sigiloso - Petição Sigilosa: 52319 Data: 23/04/2026, às 13:20:05",
Inq5026,23/04/2026,Petição,"Petição Físico ou Sigiloso - Petição Sigilosa: 52245 Data: 23/04/2026, às 11:12:06",
Inq5026,22/04/2026,Petição,"Petição Físico ou Sigiloso - Petição Sigilosa: 51956 Data: 22/04/2026, às 19:10:16",
Inq5026,18/04/2026,Petição,"Petição Físico ou Sigiloso - Petição Sigilosa: 50928 Data: 18/04/2026, às 19:25:44",
Inq5026,18/04/2026,Petição,"Petição Físico ou Sigiloso - Petição Sigilosa: 50918 Data: 18/04/2026, às 16:05:16",
Inq5026,17/04/2026,Petição,"Petição Físico ou Sigiloso - Petição Sigilosa: 50829 Data: 17/04/2026, às 19:39:03",
Inq5026,16/04/2026,Petição,"Petição Físico ou Sigiloso - Petição Sigilosa: 49482 Data: 16/04/2026, às 14:53:48",
Inq5026,15/04/2026,Remessa,para PROCR,
Inq5026,15/04/2026,Certidão,Registro de acontecimentos relacionados ao processo. | autuada PET 15896 (48701/2026),
Inq5026,15/04/2026,Vista à PGR para fins de intimação,O processo foi enviado à Procuradoria-Geral da República (Ministério Público Federal) para comunicação da decisão no processo. | Despacho,15386139608
Inq5026,15/04/2026,Despacho,Despacho | MIN. ANDRÉ MENDONÇA | 15/04/2026,15386139608
Inq5026,15/04/2026,Petição,"Petição Físico ou Sigiloso - Petição Sigilosa: 48701 Data: 15/04/2026, às 14:24:40",
Inq5026,10/04/2026,Conclusos ao(à) Relator(a),O processo foi encaminhado para análise do(a) ministro(a) responsável pelo caso.,
Inq5026,10/04/2026,Interposto agravo regimental,"Foi apresentado recurso contra a decisão do(a) ministro(a) responsável pelo caso para exame de uma das Turmas (grupo de 05 ministros) ou do Plenário (11 ministros reunidos), que decidirão se mantêm ou modificam a decisão",
Inq5026,10/04/2026,Petição,"Petição Físico ou Sigiloso - Petição Sigilosa: 45957 Data: 10/04/2026, às 09:07:20",
Inq5026,09/04/2026,Petição,"Petição Físico ou Sigiloso - Petição Sigilosa: 45339 Data: 09/04/2026, às 11:59:20",
Inq5026,09/04/2026,Petição,"Petição Físico ou Sigiloso - Petição Sigilosa: 45264 Data: 09/04/2026, às 10:36:42",
Inq5026,06/04/2026,Juntada do mandado cumprido,MI nº 1867/2026,
Inq5026,31/03/2026,Petição,"Petição Físico ou Sigiloso - Petição Sigilosa: 41748 Data: 31/03/2026, às 22:11:26",
Inq5026,30/03/2026,Intimado eletronicamente,"A pessoa (o autor, o réu, o executado ou outro interessado) e/ou seu advogado receberam, por sistema eletrônico, a comunicação de uma decisão do processo. | Intimação | PROCURADOR-GERAL DA REPÚBLICA",15385535302
Inq5026,30/03/2026,Intimado eletronicamente,"A pessoa (o autor, o réu, o executado ou outro interessado) e/ou seu advogado receberam, por sistema eletrônico, a comunicação de uma decisão do processo. | Intimação | PROCURADOR-GERAL DA REPÚBLICA. Intimação relativa a",15385534579
Inq5026,27/03/2026,Expedido(a),Um documento relacionado ao processo foi enviado. | Mandado de intimação despacho/decisão_SEJ,
Inq5026,27/03/2026,Expedido(a),Um documento relacionado ao processo foi enviado. | Comunica despacho/decisão _SEJ,
Inq5026,27/03/2026,Expedido(a),Um documento relacionado ao processo foi enviado. | Comunica despacho/decisão _SEJ,
Inq5026,27/03/2026,Comunicação assinada,"Um documento relacionado ao processo, como um ofício ou um alvará, foi assinado. | Ofício 6787/2026. Comunica despacho/decisão _SEJ",
Inq5026,27/03/2026,Comunicação assinada,"Um documento relacionado ao processo, como um ofício ou um alvará, foi assinado. | Ofício 6790/2026. Comunica despacho/decisão _SEJ",
Inq5026,27/03/2026,Comunicação assinada,"Um documento relacionado ao processo, como um ofício ou um alvará, foi assinado. | Mandado 1867/2026. Mandado de intimação despacho/decisão_SEJ",
Inq5026,27/03/2026,Certidão,Registro de acontecimentos relacionados ao processo. | Certifico a elaboração de 2 ofícios eletrônicos e 1 mandado de intimação. Decisão de 27/03/2026.,
Inq5026,27/03/2026,Decisão (sigiloso),"MIN. ANDRÉ MENDONÇA | ""(...) 10. Ante o exposto, estando patente a objeção da defesa da parte | requerente defiro o pleito formulado por Leonardo Augusto Furtado | Palhares (Petição nº 34376/2026 - e-Doc. 543), para afas",
Inq5026,27/03/2026,Petição,"Petição Físico ou Sigiloso - Petição Sigilosa: 39429 Data: 27/03/2026, às 10:56:34",
Inq5026,26/03/2026,Petição,"Petição Físico ou Sigiloso - Petição Sigilosa: 38807 Data: 26/03/2026, às 15:02:19",
Inq5026,25/03/2026,Petição,"Petição Físico ou Sigiloso - Petição Sigilosa: 38395 Data: 25/03/2026, às 17:31:02",
Inq5026,25/03/2026,Petição,"Petição Físico ou Sigiloso - Petição Sigilosa: 38178 Data: 25/03/2026, às 14:32:56",
Inq5026,25/03/2026,Petição,"Petição Físico ou Sigiloso - Petição Sigilosa: 38059 Data: 25/03/2026, às 11:36:09",
Inq5026,24/03/2026,Vista à PGR,O processo foi enviado à Procuradoria-Geral da República (Ministério Público Federal) para manifestação. | Vista à PGR,15385393143
Inq5026,24/03/2026,Petição,"Petição Físico ou Sigiloso - Petição Sigilosa: 37316 Data: 24/03/2026, às 14:48:46",
Inq5026,24/03/2026,Petição,"Petição Físico ou Sigiloso - Petição Sigilosa: 37017 Data: 24/03/2026, às 03:34:21",
Inq5026,23/03/2026,Petição,"Petição Físico ou Sigiloso - Petição Sigilosa: 36672 Data: 23/03/2026, às 16:39:03",
Inq5026,20/03/2026,Petição,"Petição Físico ou Sigiloso - Petição Sigilosa: 35619 Data: 20/03/2026, às 15:05:49",
Inq5026,20/03/2026,Autos disponibilizados à autoridade policial,Termo de disponibilização de autos,15385283617
Inq5026,20/03/2026,Vista à PGR para fins de intimação,O processo foi enviado à Procuradoria-Geral da República (Ministério Público Federal) para comunicação da decisão no processo. | Despacho,15385281268
Inq5026,20/03/2026,Despacho,20/03/2026,
Inq5026,19/03/2026,Petição,"Petição Físico ou Sigiloso - Petição Sigilosa: 35102 Data: 19/03/2026, às 18:07:00",
Inq5026,19/03/2026,Petição,"Petição Físico ou Sigiloso - Petição Sigilosa: 35009 Data: 19/03/2026, às 17:05:10",
Inq5026,19/03/2026,"Publicação, DJE",Divulgado em 18/03/2026,
Inq5026,18/03/2026,Petição,"Petição Físico ou Sigiloso - Petição Sigilosa: 34376 Data: 18/03/2026, às 20:54:25",
Inq5026,18/03/2026,Petição,"Petição Físico ou Sigiloso - Petição Sigilosa: 34208 Data: 18/03/2026, às 17:51:21",
Inq5026,18/03/2026,Petição,"Petição Físico ou Sigiloso - Petição Sigilosa: 34205 Data: 18/03/2026, às 17:48:35",
Inq5026,18/03/2026,Autos disponibilizados à autoridade policial,Termo de disponibilização de autos,15385223554
Inq5026,18/03/2026,Despacho,"Despacho | MIN. ANDRÉ MENDONÇA | ""1. A Polícia Federal requer nova prorrogação de prazo para a | realização de diligências reputadas imprescindíveis para o esclarecimento",15385222352
Inq5026,18/03/2026,Vista à PGR para fins de intimação,O processo foi enviado à Procuradoria-Geral da República (Ministério Público Federal) para comunicação da decisão no processo. | Despacho,15385222352
Inq5026,17/03/2026,Petição,"Petição Físico ou Sigiloso - Petição Sigilosa: 33356 Data: 17/03/2026, às 20:37:52",
Inq5026,17/03/2026,Petição,"Petição Físico ou Sigiloso - Petição Sigilosa: 32879 Data: 17/03/2026, às 14:06:50",
Inq5026,16/03/2026,Intimado eletronicamente,"A pessoa (o autor, o réu, o executado ou outro interessado) e/ou seu advogado receberam, por sistema eletrônico, a comunicação de uma decisão do processo. | Intimação | PROCURADOR-GERAL DA REPÚBLICA",15385099203
Inq5026,16/03/2026,Intimado eletronicamente,"A pessoa (o autor, o réu, o executado ou outro interessado) e/ou seu advogado receberam, por sistema eletrônico, a comunicação de uma decisão do processo. | Intimação | PROCURADOR-GERAL DA REPÚBLICA. Intimação relativa a",15385098484
Inq5026,13/03/2026,Petição,"Petição Físico ou Sigiloso - Petição Sigilosa: 31477 Data: 13/03/2026, às 20:08:31",
Inq5026,13/03/2026,Intimado eletronicamente,"A pessoa (o autor, o réu, o executado ou outro interessado) e/ou seu advogado receberam, por sistema eletrônico, a comunicação de uma decisão do processo. | Intimação | PROCURADOR-GERAL DA REPÚBLICA. Intimação relativa a",15385042853
Inq5026,12/03/2026,Petição,"Petição Físico ou Sigiloso - Petição Sigilosa: 30461 Data: 12/03/2026, às 16:21:56",
Inq5026,12/03/2026,Petição,"Petição Físico ou Sigiloso - Petição Sigilosa: 30216 Data: 12/03/2026, às 13:46:41",
Inq5026,11/03/2026,Juntada do mandado cumprido,nº 1195/2026,
Inq5026,11/03/2026,Petição,"Petição Físico ou Sigiloso - Petição Sigilosa: 29125 Data: 11/03/2026, às 10:11:22",
Inq5026,11/03/2026,Petição,"Petição Físico ou Sigiloso - Petição Sigilosa: 29062 Data: 11/03/2026, às 00:28:25",
Inq5026,10/03/2026,Conclusos ao(à) Relator(a),O processo foi encaminhado para análise do(a) ministro(a) responsável pelo caso.,
Inq5026,10/03/2026,Interposto agravo regimental,"Foi apresentado recurso contra a decisão do(a) ministro(a) responsável pelo caso para exame de uma das Turmas (grupo de 05 ministros) ou do Plenário (11 ministros reunidos), que decidirão se mantêm ou modificam a decisão",
Inq5026,10/03/2026,Interposto agravo regimental,"Foi apresentado recurso contra a decisão do(a) ministro(a) responsável pelo caso para exame de uma das Turmas (grupo de 05 ministros) ou do Plenário (11 ministros reunidos), que decidirão se mantêm ou modificam a decisão",
Inq5026,10/03/2026,Petição,"Petição Físico ou Sigiloso - Petição Sigilosa: 28902 Data: 10/03/2026, às 18:46:30",
Inq5026,10/03/2026,Certidão,"Registro de acontecimentos relacionados ao processo. | INQ 5.026Certifico que o eDoc. nº 474 (Despacho), foi desentranhado e autuado como PET autônoma nº 15.640, em cumprimento ao R. Despacho de 09/03/2026",
Inq5026,10/03/2026,Conclusos ao(à) Relator(a),O processo foi encaminhado para análise do(a) ministro(a) responsável pelo caso.,
Inq5026,09/03/2026,Intimado eletronicamente,"A pessoa (o autor, o réu, o executado ou outro interessado) e/ou seu advogado receberam, por sistema eletrônico, a comunicação de uma decisão do processo. | PROCURADOR-GERAL DA REPÚBLICA",
Inq5026,09/03/2026,Petição,"Petição Físico ou Sigiloso - Petição Sigilosa: 27479 Data: 09/03/2026, às 21:01:26",
Inq5026,09/03/2026,Petição,"Petição Físico ou Sigiloso - Petição Sigilosa: 27456 Data: 09/03/2026, às 20:14:20",
Inq5026,09/03/2026,Vista à PGR para fins de intimação,O processo foi enviado à Procuradoria-Geral da República (Ministério Público Federal) para comunicação da decisão no processo. | Despacho,15384759075
Inq5026,09/03/2026,Despacho,em 08/03/2026,
Inq5026,09/03/2026,Intimado eletronicamente,"A pessoa (o autor, o réu, o executado ou outro interessado) e/ou seu advogado receberam, por sistema eletrônico, a comunicação de uma decisão do processo. | Intimação | PROCURADOR-GERAL DA REPÚBLICA",15384794867
Inq5026,09/03/2026,Intimado eletronicamente,"A pessoa (o autor, o réu, o executado ou outro interessado) e/ou seu advogado receberam, por sistema eletrônico, a comunicação de uma decisão do processo. | Intimação | PROCURADOR-GERAL DA REPÚBLICA. Intimação relativa a",15384794865
Inq5026,09/03/2026,Intimado eletronicamente,"A pessoa (o autor, o réu, o executado ou outro interessado) e/ou seu advogado receberam, por sistema eletrônico, a comunicação de uma decisão do processo. | Intimação | PROCURADOR-GERAL DA REPÚBLICA. Intimação relativa a",15384794864
Inq5026,06/03/2026,Petição,"Petição Físico ou Sigiloso - Petição Sigilosa: 25979 Data: 06/03/2026, às 15:04:25",
Inq5026,06/03/2026,Juntada do mandado cumprido,MI n. 1.195/2026,
Inq5026,06/03/2026,Certidão,Registro de acontecimentos relacionados ao processo. | SEJ/CPIN Cumprimento de despacho (autuação da PET 15612),
Inq5026,06/03/2026,Despacho,em 06/03/2026,
Inq5026,06/03/2026,Expedido(a),Um documento relacionado ao processo foi enviado. | Mandado de intimação despacho/decisão_SEJ,
Inq5026,05/03/2026,Expedido(a),Um documento relacionado ao processo foi enviado. | Comunica despacho/decisão _SEJ,
Inq5026,05/03/2026,Comunicação assinada,"Um documento relacionado ao processo, como um ofício ou um alvará, foi assinado. | Ofício 4589/2026. Comunica despacho/decisão _SEJ",
Inq5026,05/03/2026,Comunicação assinada,"Um documento relacionado ao processo, como um ofício ou um alvará, foi assinado. | Mandado 1195/2026. Mandado de intimação despacho/decisão_SEJ",
Inq5026,05/03/2026,Petição,"Petição Físico ou Sigiloso - Petição Sigilosa: 25603 Data: 05/03/2026, às 20:41:24",
Inq5026,05/03/2026,Certidão,Registro de acontecimentos relacionados ao processo. | Certifico a elaboração de 1 ofício(s) eletrônico(s) e 1 mandado de intimação. Despacho/decisão de 5.3.2026.,
Inq5026,05/03/2026,Certidão,Registro de acontecimentos relacionados ao processo. | Certifico a elaboração de 1 ofício(s) eletrônico(s) e 1 mandado de intimação. Despacho/decisão de 5.3.2026.,
Inq5026,05/03/2026,Vista à PGR para fins de intimação,O processo foi enviado à Procuradoria-Geral da República (Ministério Público Federal) para comunicação da decisão no processo. | Decisão monocrática,15384746834
Inq5026,05/03/2026,Decisão (sigiloso),MIN. ANDRÉ MENDONÇA,
Inq5026,05/03/2026,Conclusos ao(à) Relator(a),O processo foi encaminhado para análise do(a) ministro(a) responsável pelo caso.,
Inq5026,05/03/2026,Petição,"Petição Físico ou Sigiloso - Petição Sigilosa: 25008 Data: 05/03/2026, às 11:59:53",
Inq5026,04/03/2026,Juntada do mandado cumprido,MI 1061/2026,
Inq5026,04/03/2026,Juntada do mandado cumprido,MI 835/2026,
Inq5026,04/03/2026,Vista à PGR para fins de intimação,O processo foi enviado à Procuradoria-Geral da República (Ministério Público Federal) para comunicação da decisão no processo. | Decisão monocrática,15384625134
Inq5026,04/03/2026,Expedido(a),Um documento relacionado ao processo foi enviado. | Mandado de intimação despacho/decisão_Relator,
Inq5026,04/03/2026,"Publicação, DJE",Divulgado em 03/03/2026,
Inq5026,04/03/2026,Expedido(a),Um documento relacionado ao processo foi enviado. | Comunicação de despacho/decisão_Relator,
Inq5026,04/03/2026,Expedido(a),Um documento relacionado ao processo foi enviado. | Comunicação de despacho/decisão_Relator,
Inq5026,03/03/2026,Comunicação assinada,"Um documento relacionado ao processo, como um ofício ou um alvará, foi assinado. | Ofício 4235/2026. Comunicação de despacho/decisão_Relator",
Inq5026,03/03/2026,Comunicação assinada,"Um documento relacionado ao processo, como um ofício ou um alvará, foi assinado. | Ofício 4237/2026. Comunicação de despacho/decisão_Relator",
Inq5026,03/03/2026,Comunicação assinada,"Um documento relacionado ao processo, como um ofício ou um alvará, foi assinado. | Mandado 1061/2026. Mandado de intimação despacho/decisão_Relator",
Inq5026,03/03/2026,Certidão,Registro de acontecimentos relacionados ao processo. | Certifico a elaboração de 2 ofícios eletrônicos e 1 mandado de intimação. Decisão de 03/03/2026.,
Inq5026,03/03/2026,Lançamento indevido,03/03/2026 - Decisão (sigiloso) | Justificativa: duplicidade,
Inq5026,03/03/2026,Deferido,Decisão monocrática | MIN. ANDRÉ MENDONÇA | Sem Descrição,15384625134
Inq5026,03/03/2026,Decisão (sigiloso),MIN. ANDRÉ MENDONÇA | 03/03/2026,
Inq5026,03/03/2026,Petição,"Petição Físico ou Sigiloso - Petição Sigilosa: 23960 Data: 03/03/2026, às 20:51:05",
Inq5026,03/03/2026,Petição,"Petição Físico ou Sigiloso - Petição Sigilosa: 23955 Data: 03/03/2026, às 20:33:17",
Inq5026,03/03/2026,Petição,"Petição Físico ou Sigiloso - Petição Sigilosa: 23937 Data: 03/03/2026, às 20:01:59",
Inq5026,03/03/2026,Petição,23932/2026 - 03/03/2026 -,
Inq5026,03/03/2026,Conclusos ao(à) Relator(a),O processo foi encaminhado para análise do(a) ministro(a) responsável pelo caso.,
Inq5026,03/03/2026,Juntada do mandado cumprido,MI nº 895/2026,
Inq5026,03/03/2026,Juntada do mandado cumprido,MI nº 853/2026,
Inq5026,03/03/2026,Juntada do mandado cumprido,MI nº 850/2026,
Inq5026,03/03/2026,Petição,"Petição Físico ou Sigiloso - Petição Sigilosa: 23612 Data: 03/03/2026, às 16:45:55",
Inq5026,03/03/2026,Petição,"Petição Físico ou Sigiloso - Petição Sigilosa: 23206 Data: 03/03/2026, às 12:22:06",
Inq5026,03/03/2026,"Publicação, DJE",Divulgado em 02/03/2026,
Inq5026,02/03/2026,Certidão,Registro de acontecimentos relacionados ao processo. | Certifico a reexpedição do Ofício Eletrônico 3770/2026 via e-mail registrado.,
Inq5026,02/03/2026,Petição,"Petição Físico ou Sigiloso - Petição Sigilosa: 22978 Data: 02/03/2026, às 19:10:03",
Inq5026,02/03/2026,Juntada do mandado cumprido,MI 525/2026,
Inq5026,02/03/2026,Juntada do mandado cumprido,MI n. 761/2026. Em 21/2/2026.,
Inq5026,02/03/2026,Juntada do mandado cumprido,MI n. 526/2026. Em 19/2/2026.,
Inq5026,02/03/2026,Expedido(a),Um documento relacionado ao processo foi enviado. | Mandado de intimação despacho/decisão_SEJ,
Inq5026,02/03/2026,Expedido(a),Um documento relacionado ao processo foi enviado. | Comunica despacho/decisão _SEJ,
Inq5026,02/03/2026,Comunicação assinada,"Um documento relacionado ao processo, como um ofício ou um alvará, foi assinado. | Mandado 895/2026. Mandado de intimação despacho/decisão_SEJ",
Inq5026,02/03/2026,Comunicação assinada,"Um documento relacionado ao processo, como um ofício ou um alvará, foi assinado. | Ofício 3993/2026. Comunica despacho/decisão _SEJ",
Inq5026,02/03/2026,Certidão,Registro de acontecimentos relacionados ao processo. | Certifico a elaboração de 1 ofício eletrônico e 1 mandado de intimação. Decisão de 2.3.2026.,
Inq5026,02/03/2026,Vista à PGR para fins de intimação,O processo foi enviado à Procuradoria-Geral da República (Ministério Público Federal) para comunicação da decisão no processo. | Decisão monocrática,15384533922
Inq5026,02/03/2026,Deferido em parte,Decisão monocrática | MIN. ANDRÉ MENDONÇA,15384533922
Inq5026,02/03/2026,"Publicação, DJE",Divulgado em 27/02/2026,
Inq5026,02/03/2026,"Publicação, DJE",Divulgado em 27/02/2026,
Inq5026,01/03/2026,Petição,"Petição Físico ou Sigiloso - Petição Sigilosa: 22071 Data: 01/03/2026, às 09:16:49",
Inq5026,28/02/2026,Petição,"Petição Físico ou Sigiloso - Petição Sigilosa: 22049 Data: 28/02/2026, às 15:15:52",
Inq5026,28/02/2026,Expedido(a),Um documento relacionado ao processo foi enviado. | Mandado de intimação despacho/decisão_Relator,
Inq5026,28/02/2026,Expedido(a),Um documento relacionado ao processo foi enviado. | Mandado de intimação despacho/decisão_Relator,
Inq5026,27/02/2026,Expedido(a),Um documento relacionado ao processo foi enviado. | Comunicação de despacho/decisão_Relator,
Inq5026,27/02/2026,Expedido(a),Um documento relacionado ao processo foi enviado. | Determinação cumprimento despacho/decisão_Relator,
Inq5026,27/02/2026,Expedido(a),Um documento relacionado ao processo foi enviado. | Determinação cumprimento despacho/decisão_Relator,
Inq5026,27/02/2026,Conclusos ao(à) Relator(a),O processo foi encaminhado para análise do(a) ministro(a) responsável pelo caso.,
Inq5026,27/02/2026,Comunicação assinada,"Um documento relacionado ao processo, como um ofício ou um alvará, foi assinado. | Mandado 850/2026. Mandado de intimação despacho/decisão_Relator",
Inq5026,27/02/2026,Comunicação assinada,"Um documento relacionado ao processo, como um ofício ou um alvará, foi assinado. | Ofício 3770/2026. Comunicação de despacho/decisão_Relator",
Inq5026,27/02/2026,Comunicação assinada,"Um documento relacionado ao processo, como um ofício ou um alvará, foi assinado. | Ofício 3769/2026. Determinação cumprimento despacho/decisão_Relator",
Inq5026,27/02/2026,Comunicação assinada,"Um documento relacionado ao processo, como um ofício ou um alvará, foi assinado. | Mandado 853/2026. Mandado de intimação despacho/decisão_Relator",
Inq5026,27/02/2026,Comunicação assinada,"Um documento relacionado ao processo, como um ofício ou um alvará, foi assinado. | Ofício 3766/2026. Determinação cumprimento despacho/decisão_Relator",
Inq5026,27/02/2026,Petição,"Petição Físico ou Sigiloso - Petição Sigilosa: 21445 Data: 27/02/2026, às 12:56:11",
Inq5026,27/02/2026,Certidão,Registro de acontecimentos relacionados ao processo. | Certifico a elaboração de 1 ofício eletrônico e 1 mandado de intimação. Decisão de 26.02.2026.,
Inq5026,27/02/2026,Certidão,Registro de acontecimentos relacionados ao processo. | Certifico a elaboração de 2 ofícios eletrônicos e 1 mandado de intimação. Decisão de 26.02.2026.,
Inq5026,27/02/2026,Certidão,Registro de acontecimentos relacionados ao processo. | De cumprimento,
Inq5026,27/02/2026,Vista à PGR para fins de intimação,O processo foi enviado à Procuradoria-Geral da República (Ministério Público Federal) para comunicação da decisão no processo. | Despacho,15384468097
Inq5026,27/02/2026,Despacho,26/02/2026,
Inq5026,27/02/2026,Vista à PGR para fins de intimação,O processo foi enviado à Procuradoria-Geral da República (Ministério Público Federal) para comunicação da decisão no processo. | Decisão monocrática,15384468096
Inq5026,27/02/2026,Deferido,Decisão monocrática | MIN. ANDRÉ MENDONÇA,15384468096
Inq5026,27/02/2026,Vista à PGR para fins de intimação,O processo foi enviado à Procuradoria-Geral da República (Ministério Público Federal) para comunicação da decisão no processo. | Decisão monocrática,15384468095
Inq5026,27/02/2026,Deferido,Decisão monocrática | MIN. ANDRÉ MENDONÇA,15384468095
Inq5026,27/02/2026,Petição,"Petição Físico ou Sigiloso - Petição Sigilosa: 21315 Data: 27/02/2026, às 09:03:03",
Inq5026,27/02/2026,"Publicação, DJE",Divulgado em 26/02/2026,
Inq5026,27/02/2026,"Publicação, DJE",Divulgado em 26/02/2026,
Inq5026,26/02/2026,Petição,"Petição Físico ou Sigiloso - Petição Sigilosa: 21243 Data: 26/02/2026, às 20:11:31",
Inq5026,26/02/2026,Expedido(a),Um documento relacionado ao processo foi enviado. | Mandado de intimação despacho/decisão_SEJ,
Inq5026,26/02/2026,Petição,"Petição Físico ou Sigiloso - Petição Sigilosa: 21112 Data: 26/02/2026, às 18:21:33",
Inq5026,26/02/2026,Intimado eletronicamente,"A pessoa (o autor, o réu, o executado ou outro interessado) e/ou seu advogado receberam, por sistema eletrônico, a comunicação de uma decisão do processo. | Intimação | PROCURADOR-GERAL DA REPÚBLICA. Intimação relativa a",15384451412
Inq5026,26/02/2026,Intimado eletronicamente,"A pessoa (o autor, o réu, o executado ou outro interessado) e/ou seu advogado receberam, por sistema eletrônico, a comunicação de uma decisão do processo. | Intimação | PROCURADOR-GERAL DA REPÚBLICA",15384451411
Inq5026,26/02/2026,Intimado eletronicamente,"A pessoa (o autor, o réu, o executado ou outro interessado) e/ou seu advogado receberam, por sistema eletrônico, a comunicação de uma decisão do processo. | Intimação | PROCURADOR-GERAL DA REPÚBLICA",15384451360
Inq5026,26/02/2026,Intimado eletronicamente,"A pessoa (o autor, o réu, o executado ou outro interessado) e/ou seu advogado receberam, por sistema eletrônico, a comunicação de uma decisão do processo. | Intimação | PROCURADOR-GERAL DA REPÚBLICA",15384451359
Inq5026,26/02/2026,Expedido(a),Um documento relacionado ao processo foi enviado. | Comunica despacho/decisão _SEJ,
Inq5026,26/02/2026,Expedido(a),Um documento relacionado ao processo foi enviado. | Comunica despacho/decisão _SEJ,
Inq5026,26/02/2026,Comunicação assinada,"Um documento relacionado ao processo, como um ofício ou um alvará, foi assinado. | Ofício 3668/2026. Comunica despacho/decisão _SEJ",
Inq5026,26/02/2026,Comunicação assinada,"Um documento relacionado ao processo, como um ofício ou um alvará, foi assinado. | Ofício 3644/2026. Comunica despacho/decisão _SEJ",
Inq5026,26/02/2026,Comunicação assinada,"Um documento relacionado ao processo, como um ofício ou um alvará, foi assinado. | Mandado 835/2026. Mandado de intimação despacho/decisão_SEJ",
Inq5026,26/02/2026,Certidão,Registro de acontecimentos relacionados ao processo. | Certifico a elaboração de 1 ofício eletrônico. Despacho de 26.2.2026.,
Inq5026,26/02/2026,Vista à PGR para fins de intimação,O processo foi enviado à Procuradoria-Geral da República (Ministério Público Federal) para comunicação da decisão no processo. | Despacho,15384447195
Inq5026,26/02/2026,Despacho,Despacho | MIN. ANDRÉ MENDONÇA,15384447195
Inq5026,26/02/2026,Despacho,,
Inq5026,26/02/2026,Conclusos ao(à) Relator(a),O processo foi encaminhado para análise do(a) ministro(a) responsável pelo caso.,
Inq5026,26/02/2026,Petição,20783/2026 - 26/02/2026 -,
Inq5026,26/02/2026,Certidão,Registro de acontecimentos relacionados ao processo. | Certifico a elaboração de 1 ofício eletrônico e 1 mandado de intimação. Decisão de 26.2.2026.,
Inq5026,26/02/2026,Deferido,"Decisão monocrática | MIN. ANDRÉ MENDONÇA | ""(...) 9. Ante o exposto, estando patente a objeção da defesa dos | requerentes José Eugênio Dias Toffoli e José Carlos Dias Toffoli, defiro o",15384439818
Inq5026,26/02/2026,Vista à PGR para fins de intimação,O processo foi enviado à Procuradoria-Geral da República (Ministério Público Federal) para comunicação da decisão no processo. | Decisão monocrática,15384439818
Inq5026,25/02/2026,Petição,"Petição Físico ou Sigiloso - Petição Sigilosa: 20501 Data: 25/02/2026, às 19:55:40",
Inq5026,25/02/2026,Petição,"Petição Físico ou Sigiloso - Petição Sigilosa: 20235 Data: 25/02/2026, às 15:50:26",
Inq5026,24/02/2026,Petição,"Petição Físico ou Sigiloso - Petição Sigilosa: 19719 Data: 24/02/2026, às 18:08:41",
Inq5026,24/02/2026,Juntada,"de cópia da decisão proferida na PET 15.198, em cumprimento de decisão.",
Inq5026,24/02/2026,Petição,"Petição Físico ou Sigiloso - Petição Sigilosa: 19379 Data: 24/02/2026, às 13:55:06",
Inq5026,23/02/2026,Petição,"Petição Físico ou Sigiloso - Petição Sigilosa: 18822 Data: 23/02/2026, às 16:24:21",
Inq5026,23/02/2026,Expedido(a),Um documento relacionado ao processo foi enviado. | Comunicação de despacho/decisão_Relator,
Inq5026,23/02/2026,Expedido(a),Um documento relacionado ao processo foi enviado. | Comunicação de despacho/decisão_Relator,
Inq5026,23/02/2026,Petição,"Petição Físico ou Sigiloso - Petição Sigilosa: 18662 Data: 23/02/2026, às 14:20:30",
Inq5026,23/02/2026,"Publicação, DJE",Divulgado em 20/02/2026,
Inq5026,21/02/2026,Petição,"Petição Físico ou Sigiloso - Petição Sigilosa: 18219 Data: 21/02/2026, às 18:39:50",
Inq5026,21/02/2026,Expedido(a),Um documento relacionado ao processo foi enviado. | Mandado de intimação despacho/decisão_Relator,
Inq5026,21/02/2026,Petição,"Petição Físico ou Sigiloso - Petição Sigilosa: 18192 Data: 21/02/2026, às 10:03:59",
Inq5026,20/02/2026,Conclusos ao(à) Relator(a),O processo foi encaminhado para análise do(a) ministro(a) responsável pelo caso.,
Inq5026,20/02/2026,Juntada do mandado cumprido,"MI nº 528/2026, ciente em 20/2/2026, referente ao sr. Daniel Bueno Vorcaro, na pessoa do advogado.",
Inq5026,20/02/2026,Conclusos ao(à) Relator(a),O processo foi encaminhado para análise do(a) ministro(a) responsável pelo caso.,
Inq5026,20/02/2026,Petição,"Petição Físico ou Sigiloso - Petição Sigilosa: 17951 Data: 20/02/2026, às 16:14:51",
Inq5026,20/02/2026,Juntada do mandado sem cumprimento,"MI nº 527/2026, referente à intimação de André Felipe de Oliveira Seixas Maia.",
Inq5026,20/02/2026,Comunicação assinada,"Um documento relacionado ao processo, como um ofício ou um alvará, foi assinado. | Ofício 3350/2026. Comunicação de despacho/decisão_Relator",
Inq5026,20/02/2026,Certidão,Registro de acontecimentos relacionados ao processo. | Certifico a elaboração de 2 ofícios eletrônicos. Decisão de 20/02/2026+,
Inq5026,20/02/2026,Expedido(a),Um documento relacionado ao processo foi enviado. | Mandado de intimação despacho/decisão_SEJ,
Inq5026,20/02/2026,Expedido(a),Um documento relacionado ao processo foi enviado. | Mandado de intimação despacho/decisão_SEJ,
Inq5026,20/02/2026,"Decisão publicada, DJE",MIN. ANDRÉ MENDONÇA,
Inq5026,20/02/2026,Vista à PGR para fins de intimação,O processo foi enviado à Procuradoria-Geral da República (Ministério Público Federal) para comunicação da decisão no processo.,
Inq5026,20/02/2026,Decisão (sigiloso),MIN. ANDRÉ MENDONÇA,
Inq5026,20/02/2026,Expedido(a),Um documento relacionado ao processo foi enviado. | Comunicação de despacho/decisão_Relator,
Inq5026,20/02/2026,Expedido(a),Um documento relacionado ao processo foi enviado. | Determinação cumprimento despacho/decisão_Relator,
Inq5026,20/02/2026,Vista à PGR para fins de intimação,O processo foi enviado à Procuradoria-Geral da República (Ministério Público Federal) para comunicação da decisão no processo. | Decisão monocrática,15384175419
Inq5026,20/02/2026,Petição,"Petição Físico ou Sigiloso - Petição Sigilosa: 17629 Data: 20/02/2026, às 10:40:30",
Inq5026,20/02/2026,Comunicação assinada,"Um documento relacionado ao processo, como um ofício ou um alvará, foi assinado. | Mandado 761/2026. Mandado de intimação despacho/decisão_Relator",
Inq5026,20/02/2026,Comunicação assinada,"Um documento relacionado ao processo, como um ofício ou um alvará, foi assinado. | Ofício 3274/2026. Comunicação de despacho/decisão_Relator",
Inq5026,20/02/2026,Comunicação assinada,"Um documento relacionado ao processo, como um ofício ou um alvará, foi assinado. | Ofício 3273/2026. Determinação cumprimento despacho/decisão_Relator",
Inq5026,19/02/2026,Certidão,Registro de acontecimentos relacionados ao processo. | Certifico a elaboração de 2 ofícios eletrônicos e 1 mandado de intimação. Decisão de 19.02.2026.,
Inq5026,19/02/2026,Decisão (sigiloso),MIN. ANDRÉ MENDONÇA,
Inq5026,19/02/2026,Expedido(a),Um documento relacionado ao processo foi enviado. | Mandado de intimação despacho/decisão_SEJ,
Inq5026,19/02/2026,Petição,"Petição Físico ou Sigiloso - Petição Sigilosa: 17082 Data: 19/02/2026, às 15:33:37",
Inq5026,19/02/2026,Petição,"Petição Físico ou Sigiloso - Petição Sigilosa: 16882 Data: 19/02/2026, às 09:57:15",
Inq5026,19/02/2026,Petição,"Petição Físico ou Sigiloso - Petição Sigilosa: 16881 Data: 19/02/2026, às 09:55:00",
Inq5026,18/02/2026,Petição,"Petição Físico ou Sigiloso - Petição Sigilosa: 16411 Data: 18/02/2026, às 14:56:46",
Inq5026,18/02/2026,Conclusos ao(à) Relator(a),O processo foi encaminhado para análise do(a) ministro(a) responsável pelo caso.,
Inq5026,18/02/2026,Remessa,da Petição nº 16015/2026 para PROCESSOS ORIGINÁRIOS CRIMINAIS,
Inq5026,18/02/2026,Certidão,"Registro de acontecimentos relacionados ao processo. | ,",
Inq5026,18/02/2026,Petição,"16015/2026 Data: 13/02/2026, às 20:21:59 PETV3",
Inq5026,17/02/2026,Petição,"Petição Físico ou Sigiloso - Petição Sigilosa: 16212 Data: 17/02/2026, às 07:55:47",
Inq5026,16/02/2026,Intimado eletronicamente,"A pessoa (o autor, o réu, o executado ou outro interessado) e/ou seu advogado receberam, por sistema eletrônico, a comunicação de uma decisão do processo. | Intimação | PROCURADOR-GERAL DA REPÚBLICA",15384096065
Inq5026,15/02/2026,Petição,"Petição Físico ou Sigiloso - Petição Sigilosa: 16093 Data: 15/02/2026, às 12:30:47",
Inq5026,14/02/2026,Intimado eletronicamente,"A pessoa (o autor, o réu, o executado ou outro interessado) e/ou seu advogado receberam, por sistema eletrônico, a comunicação de uma decisão do processo. | Intimação | PROCURADOR-GERAL DA REPÚBLICA",15384094856
Inq5026,14/02/2026,Intimado eletronicamente,"A pessoa (o autor, o réu, o executado ou outro interessado) e/ou seu advogado receberam, por sistema eletrônico, a comunicação de uma decisão do processo. | Intimação | PROCURADOR-GERAL DA REPÚBLICA",15384094850
Inq5026,13/02/2026,Remessa,da Petição nº 15968/2026 para GABINETE MINISTRO ANDRÉ MENDONÇA,
Inq5026,13/02/2026,Remessa,da Petição nº 15968/2026 para PROCESSOS ORIGINÁRIOS CRIMINAIS,
Inq5026,13/02/2026,Petição,"15968/2026 Data: 13/02/2026, às 18:50:26 PETV3",
Inq5026,13/02/2026,Certidão,Registro de acontecimentos relacionados ao processo. | .,
Inq5026,13/02/2026,Petição,"15061/2026 Data: 12/02/2026, às 16:27:09 PETV3",
Inq5026,13/02/2026,Petição,"Petição Físico ou Sigiloso - Petição Sigilosa: 15675 Data: 13/02/2026, às 14:07:11",
Inq5026,13/02/2026,Petição,"Petição Físico ou Sigiloso - Petição Sigilosa: 15595 Data: 13/02/2026, às 12:41:10",
Inq5026,12/02/2026,Conclusos ao(à) Relator(a),O processo foi encaminhado para análise do(a) ministro(a) responsável pelo caso.,
Inq5026,12/02/2026,Redistribuído,"Um(a) novo(a) ministro(a) se tornou responsável pelo caso. | Certidão | MIN. ANDRÉ MENDONÇA. Exclusão do Relator/Revisor: MIN. DIAS TOFFOLI. Justificativa legal: RISTF, Decisão do Tribunal. Processo que justifica: Inq 50",15384057877
Inq5026,12/02/2026,Petição,"Petição Físico ou Sigiloso - Petição Sigilosa: 15047 Data: 12/02/2026, às 16:15:57",
Inq5026,12/02/2026,Expedido(a),Um documento relacionado ao processo foi enviado. | Determinação cumprimento despacho/decisão_Relator (DTO),
Inq5026,12/02/2026,Comunicação assinada,"Um documento relacionado ao processo, como um ofício ou um alvará, foi assinado. | Ofício 2517/2026. Determinação cumprimento despacho/decisão_Relator (DTO)",
Inq5026,12/02/2026,Certidão,Registro de acontecimentos relacionados ao processo. | Certifico a elaboração de 1 ofício eletrônico. Decisão de 12.02.2026.,
Inq5026,12/02/2026,Decisão (sigiloso),MIN. DIAS TOFFOLI,
Inq5026,11/02/2026,Expedido(a),Um documento relacionado ao processo foi enviado. | Mandado de intimação despacho/decisão_SEJ,
Inq5026,11/02/2026,Conclusos ao(à) Relator(a),O processo foi encaminhado para análise do(a) ministro(a) responsável pelo caso.,
Inq5026,11/02/2026,Certidão,Registro de acontecimentos relacionados ao processo. | CERTIDÃO DE ACAUTELAMENTO DE PASSAPORTE,
Inq5026,11/02/2026,Petição,"181531/2025 Data: 18/12/2025, às 15:29:04 BALCAO",
Inq5026,11/02/2026,Conclusos ao(à) Relator(a),O processo foi encaminhado para análise do(a) ministro(a) responsável pelo caso.,
Inq5026,11/02/2026,Remessa,da Petição nº 13955/2026 para PROCESSOS ORIGINÁRIOS CRIMINAIS,
Inq5026,11/02/2026,Petição,"Petição Físico ou Sigiloso - Petição Sigilosa: 13955 Data: 11/02/2026, às 11:27:23",
Inq5026,10/02/2026,Petição,"Petição Físico ou Sigiloso - Petição Sigilosa: 13544 Data: 10/02/2026, às 16:35:59",
Inq5026,10/02/2026,Petição,13330/2026 - 10/02/2026 -,
Inq5026,09/02/2026,Petição,"Petição Físico ou Sigiloso - Petição Sigilosa: 12528 Data: 09/02/2026, às 13:10:52",
Inq5026,09/02/2026,Conclusos ao(à) Relator(a),O processo foi encaminhado para análise do(a) ministro(a) responsável pelo caso.,
Inq5026,09/02/2026,Petição,12424/2026 - 09/02/2026 -,
Inq5026,06/02/2026,Conclusos ao(à) Relator(a),O processo foi encaminhado para análise do(a) ministro(a) responsável pelo caso.,
Inq5026,06/02/2026,Remessa,da Petição nº 11488/2026 para PROCESSOS ORIGINÁRIOS CRIMINAIS,
Inq5026,05/02/2026,Comunicação assinada,"Um documento relacionado ao processo, como um ofício ou um alvará, foi assinado. | Mandado 526/2026. Mandado de intimação despacho/decisão_SEJ",
Inq5026,05/02/2026,Comunicação assinada,"Um documento relacionado ao processo, como um ofício ou um alvará, foi assinado. | Mandado 528/2026. Mandado de intimação despacho/decisão_SEJ",
Inq5026,05/02/2026,Comunicação assinada,"Um documento relacionado ao processo, como um ofício ou um alvará, foi assinado. | Mandado 527/2026. Mandado de intimação despacho/decisão_SEJ",
Inq5026,05/02/2026,Comunicação assinada,"Um documento relacionado ao processo, como um ofício ou um alvará, foi assinado. | Mandado 525/2026. Mandado de intimação despacho/decisão_SEJ",
Inq5026,05/02/2026,Conclusos ao(à) Relator(a),O processo foi encaminhado para análise do(a) ministro(a) responsável pelo caso.,
Inq5026,05/02/2026,Certidão,Registro de acontecimentos relacionados ao processo. | Certifico a elaboração de 4 mandados de intimação. Despacho de 5.2.2026.,
Inq5026,05/02/2026,Petição,"Petição Físico ou Sigiloso - Petição Sigilosa: 11488 Data: 05/02/2026, às 17:52:27",
Inq5026,05/02/2026,Vista à PGR para fins de intimação,O processo foi enviado à Procuradoria-Geral da República (Ministério Público Federal) para comunicação da decisão no processo. | Despacho,15383781118
Inq5026,05/02/2026,Despacho,,
Inq5026,05/02/2026,Intimado eletronicamente,"A pessoa (o autor, o réu, o executado ou outro interessado) e/ou seu advogado receberam, por sistema eletrônico, a comunicação de uma decisão do processo. | Intimação | PROCURADOR-GERAL DA REPÚBLICA",15383780356
Inq5026,05/02/2026,Intimado eletronicamente,"A pessoa (o autor, o réu, o executado ou outro interessado) e/ou seu advogado receberam, por sistema eletrônico, a comunicação de uma decisão do processo. | Intimação | PROCURADOR-GERAL DA REPÚBLICA",15383780340
Inq5026,05/02/2026,Intimado eletronicamente,"A pessoa (o autor, o réu, o executado ou outro interessado) e/ou seu advogado receberam, por sistema eletrônico, a comunicação de uma decisão do processo. | Intimação | PROCURADOR-GERAL DA REPÚBLICA",15383780339
Inq5026,05/02/2026,Conclusos ao(à) Relator(a),O processo foi encaminhado para análise do(a) ministro(a) responsável pelo caso.,
Inq5026,05/02/2026,Remessa,da Petição nº 11027/2026 para PROCESSOS ORIGINÁRIOS CRIMINAIS,
Inq5026,05/02/2026,Conclusos ao(à) Relator(a),O processo foi encaminhado para análise do(a) ministro(a) responsável pelo caso.,
Inq5026,04/02/2026,Petição,"Petição Físico ou Sigiloso - Petição Sigilosa: 11027 Data: 04/02/2026, às 20:12:05",
Inq5026,04/02/2026,Expedido(a),Um documento relacionado ao processo foi enviado. | Determinação cumprimento despacho/decisão_Relator (DTO),
Inq5026,04/02/2026,Comunicação assinada,"Um documento relacionado ao processo, como um ofício ou um alvará, foi assinado. | Ofício 1695/2026. Determinação cumprimento despacho/decisão_Relator (DTO)",
Inq5026,04/02/2026,Certidão,Registro de acontecimentos relacionados ao processo. | .,
Inq5026,04/02/2026,Vista à PGR para fins de intimação,O processo foi enviado à Procuradoria-Geral da República (Ministério Público Federal) para comunicação da decisão no processo. | Despacho,15383755971
Inq5026,04/02/2026,Despacho,03/02/2026,
Inq5026,04/02/2026,Juntada do mandado cumprido,MI 250/2026,
Inq5026,04/02/2026,Juntada do mandado cumprido,MI 249/2026,
Inq5026,04/02/2026,Juntada do mandado cumprido,MI 248/2026,
Inq5026,04/02/2026,Juntada do mandado cumprido,MI 247/2026,
Inq5026,03/02/2026,Remessa,da Petição nº 194/2026 para PROCESSOS ORIGINÁRIOS CRIMINAIS,
Inq5026,03/02/2026,Remessa,da Petição nº 395/2026 para PROCESSOS ORIGINÁRIOS CRIMINAIS,
Inq5026,03/02/2026,Remessa,da Petição nº 944/2026 para PROCESSOS ORIGINÁRIOS CRIMINAIS,
Inq5026,03/02/2026,Remessa,da Petição nº 1692/2026 para PROCESSOS ORIGINÁRIOS CRIMINAIS,
Inq5026,03/02/2026,Remessa,da Petição nº 1194/2026 para PROCESSOS ORIGINÁRIOS CRIMINAIS,
Inq5026,03/02/2026,Remessa,da Petição nº 1253/2026 para PROCESSOS ORIGINÁRIOS CRIMINAIS,
Inq5026,03/02/2026,Remessa,da Petição nº 1925/2026 para PROCESSOS ORIGINÁRIOS CRIMINAIS,
Inq5026,03/02/2026,Remessa,da Petição nº 2012/2026 para PROCESSOS ORIGINÁRIOS CRIMINAIS,
Inq5026,03/02/2026,Remessa,da Petição nº 2189/2026 para PROCESSOS ORIGINÁRIOS CRIMINAIS,
Inq5026,03/02/2026,Remessa,da Petição nº 2465/2026 para PROCESSOS ORIGINÁRIOS CRIMINAIS,
Inq5026,03/02/2026,Remessa,da Petição nº 3231/2026 para PROCESSOS ORIGINÁRIOS CRIMINAIS,
Inq5026,03/02/2026,Remessa,da Petição nº 3544/2026 para PROCESSOS ORIGINÁRIOS CRIMINAIS,
Inq5026,03/02/2026,Remessa,da Petição nº 4063/2026 para PROCESSOS ORIGINÁRIOS CRIMINAIS,
Inq5026,03/02/2026,Remessa,da Petição nº 4095/2026 para PROCESSOS ORIGINÁRIOS CRIMINAIS,
Inq5026,03/02/2026,Remessa,da Petição nº 4159/2026 para PROCESSOS ORIGINÁRIOS CRIMINAIS,
Inq5026,03/02/2026,Remessa,da Petição nº 4845/2026 para PROCESSOS ORIGINÁRIOS CRIMINAIS,
Inq5026,03/02/2026,Remessa,da Petição nº 4893/2026 para PROCESSOS ORIGINÁRIOS CRIMINAIS,
Inq5026,03/02/2026,Remessa,da Petição nº 5055/2026 para PROCESSOS ORIGINÁRIOS CRIMINAIS,
Inq5026,02/02/2026,Conclusos ao(à) Relator(a),O processo foi encaminhado para análise do(a) ministro(a) responsável pelo caso.,
Inq5026,02/02/2026,Interposto agravo regimental,"Foi apresentado recurso contra a decisão do(a) ministro(a) responsável pelo caso para exame de uma das Turmas (grupo de 05 ministros) ou do Plenário (11 ministros reunidos), que decidirão se mantêm ou modificam a decisão",
Inq5026,02/02/2026,Remessa,da Petição nº 5408/2026 para PROCESSOS ORIGINÁRIOS CRIMINAIS,
Inq5026,02/02/2026,Remessa,da Petição nº 5530/2026 para PROCESSOS ORIGINÁRIOS CRIMINAIS,
Inq5026,02/02/2026,Remessa,da Petição nº 5540/2026 para PROCESSOS ORIGINÁRIOS CRIMINAIS,
Inq5026,02/02/2026,Remessa,da Petição nº 5883/2026 para PROCESSOS ORIGINÁRIOS CRIMINAIS,
Inq5026,02/02/2026,Remessa,da Petição nº 5910/2026 para PROCESSOS ORIGINÁRIOS CRIMINAIS,
Inq5026,02/02/2026,Remessa,da Petição nº 5402/2026 para PROCESSOS ORIGINÁRIOS CRIMINAIS,
Inq5026,02/02/2026,Remessa,da Petição nº 5179/2026 para PROCESSOS ORIGINÁRIOS CRIMINAIS,
Inq5026,02/02/2026,Remessa,da Petição nº 6494/2026 para PROCESSOS ORIGINÁRIOS CRIMINAIS,
Inq5026,02/02/2026,Remessa,da Petição nº 6499/2026 para PROCESSOS ORIGINÁRIOS CRIMINAIS,
Inq5026,02/02/2026,Remessa,da Petição nº 6682/2026 para PROCESSOS ORIGINÁRIOS CRIMINAIS,
Inq5026,02/02/2026,Remessa,da Petição nº 6698/2026 para PROCESSOS ORIGINÁRIOS CRIMINAIS,
Inq5026,02/02/2026,Remessa,da Petição nº 6884/2026 para PROCESSOS ORIGINÁRIOS CRIMINAIS,
Inq5026,02/02/2026,Remessa,da Petição nº 6935/2026 para PROCESSOS ORIGINÁRIOS CRIMINAIS,
Inq5026,02/02/2026,Remessa,da Petição nº 8224/2026 para PROCESSOS ORIGINÁRIOS CRIMINAIS,
Inq5026,02/02/2026,Remessa,da Petição nº 8522/2026 para PROCESSOS ORIGINÁRIOS CRIMINAIS,
Inq5026,30/01/2026,Petição,"Petição Físico ou Sigiloso - Petição Sigilosa: 8522 Data: 30/01/2026, às 19:37:55",
Inq5026,30/01/2026,Petição,"Petição Físico ou Sigiloso - Petição Sigilosa: 8224 Data: 30/01/2026, às 11:27:08",
Inq5026,28/01/2026,Expedido(a),Um documento relacionado ao processo foi enviado. | Mandado de intimação despacho/decisão_SEJ,
Inq5026,28/01/2026,Expedido(a),Um documento relacionado ao processo foi enviado. | Mandado de intimação despacho/decisão_SEJ,
Inq5026,27/01/2026,Expedido(a),Um documento relacionado ao processo foi enviado. | Mandado de intimação despacho/decisão_SEJ,
Inq5026,27/01/2026,Expedido(a),Um documento relacionado ao processo foi enviado. | Mandado de intimação despacho/decisão_SEJ,
Inq5026,27/01/2026,Petição,"Petição Físico ou Sigiloso - Petição Sigilosa: 6935 Data: 27/01/2026, às 16:31:33",
Inq5026,27/01/2026,Petição,"Petição Físico ou Sigiloso - Petição Sigilosa: 6884 Data: 27/01/2026, às 15:34:24",
Inq5026,27/01/2026,Petição,"Petição Físico ou Sigiloso - Petição Sigilosa: 6698 Data: 27/01/2026, às 11:29:01",
Inq5026,27/01/2026,Petição,"Petição Físico ou Sigiloso - Petição Sigilosa: 6682 Data: 27/01/2026, às 10:49:18",
Inq5026,26/01/2026,Comunicação assinada,"Um documento relacionado ao processo, como um ofício ou um alvará, foi assinado. | Mandado 247/2026. Mandado de intimação despacho/decisão_SEJ",
Inq5026,26/01/2026,Comunicação assinada,"Um documento relacionado ao processo, como um ofício ou um alvará, foi assinado. | Mandado 249/2026. Mandado de intimação despacho/decisão_SEJ",
Inq5026,26/01/2026,Comunicação assinada,"Um documento relacionado ao processo, como um ofício ou um alvará, foi assinado. | Mandado 248/2026. Mandado de intimação despacho/decisão_SEJ",
Inq5026,26/01/2026,Comunicação assinada,"Um documento relacionado ao processo, como um ofício ou um alvará, foi assinado. | Mandado 250/2026. Mandado de intimação despacho/decisão_SEJ",
Inq5026,26/01/2026,Certidão,Registro de acontecimentos relacionados ao processo. | .,
Inq5026,26/01/2026,Expedido(a),Um documento relacionado ao processo foi enviado. | Comunica despacho/decisão _SEJ,
Inq5026,26/01/2026,Comunicação assinada,"Um documento relacionado ao processo, como um ofício ou um alvará, foi assinado. | Ofício 848/2026. Comunica despacho/decisão _SEJ",
Inq5026,26/01/2026,Vista à PGR para fins de intimação,O processo foi enviado à Procuradoria-Geral da República (Ministério Público Federal) para comunicação da decisão no processo. | Despacho,15383646824
Inq5026,26/01/2026,Despacho,26/01/2026,
Inq5026,26/01/2026,Petição,"Petição Físico ou Sigiloso - Petição Sigilosa: 6499 Data: 26/01/2026, às 19:08:30",
Inq5026,26/01/2026,Petição,"Petição Físico ou Sigiloso - Petição Sigilosa: 6494 Data: 26/01/2026, às 18:54:59",
Inq5026,26/01/2026,Juntada do mandado cumprido,nº 159/2026,
Inq5026,26/01/2026,Certidão,"Registro de acontecimentos relacionados ao processo. | Certifico a reexpedição da Decisão de 24/1/2026, via e-mail registrado À Delegada de Polícia Federal JANAINA PEREIRA LIMA PALAZZO - Delegacia de Inquéritos Especiais",
Inq5026,24/01/2026,Certidão,"Registro de acontecimentos relacionados ao processo. | Certifico o envio do despacho de 24/1/2026 com força de ofício, via e-mail registrado à Delegada de Polícia Federal JANAINA PEREIRA LIMA PALAZZO - Delegacia de Inqué",
Inq5026,24/01/2026,Vista à PGR para fins de intimação,O processo foi enviado à Procuradoria-Geral da República (Ministério Público Federal) para comunicação da decisão no processo. | Despacho,15383628653
Inq5026,24/01/2026,Despacho,24/01/2026,
Inq5026,24/01/2026,Conclusos ao(à) Relator(a),O processo foi encaminhado para análise do(a) ministro(a) responsável pelo caso.,
Inq5026,24/01/2026,Petição,"Petição Físico ou Sigiloso - Petição Sigilosa: 5910 Data: 24/01/2026, às 11:32:24",
Inq5026,23/01/2026,Petição,"Petição Físico ou Sigiloso - Petição Sigilosa: 5883 Data: 23/01/2026, às 19:15:40",
Inq5026,23/01/2026,Vista à PGR,O processo foi enviado à Procuradoria-Geral da República (Ministério Público Federal) para manifestação. | Vista à PGR,15383625472
Inq5026,23/01/2026,Despacho,em 22/01/2026,
Inq5026,23/01/2026,Petição,"Petição Físico ou Sigiloso - Petição Sigilosa: 5540 Data: 23/01/2026, às 12:50:33",
Inq5026,23/01/2026,Petição,"Petição Físico ou Sigiloso - Petição Sigilosa: 5530 Data: 23/01/2026, às 12:25:14",
Inq5026,22/01/2026,Certidão,Registro de acontecimentos relacionados ao processo.,
Inq5026,22/01/2026,Petição,"Petição Físico ou Sigiloso - Petição Sigilosa: 5408 Data: 22/01/2026, às 18:54:59",
Inq5026,22/01/2026,Petição,"Petição Físico ou Sigiloso - Petição Sigilosa: 5402 Data: 22/01/2026, às 18:35:00",
Inq5026,22/01/2026,Certidão,Registro de acontecimentos relacionados ao processo. | Apensamento,
Inq5026,22/01/2026,Vista à PGR para fins de intimação,O processo foi enviado à Procuradoria-Geral da República (Ministério Público Federal) para comunicação da decisão no processo. | Despacho,15383605264
Inq5026,22/01/2026,Despacho,21/01/2026,
Inq5026,22/01/2026,Conclusos ao(à) Relator(a),O processo foi encaminhado para análise do(a) ministro(a) responsável pelo caso.,
Inq5026,22/01/2026,Petição,"Petição Físico ou Sigiloso - Petição Sigilosa: 5179 Data: 22/01/2026, às 13:53:49",
Inq5026,22/01/2026,Petição,"Petição Físico ou Sigiloso - Petição Sigilosa: 5055 Data: 22/01/2026, às 10:29:25",
Inq5026,21/01/2026,Petição,"Petição Físico ou Sigiloso - Petição Sigilosa: 4893 Data: 21/01/2026, às 18:19:05",
Inq5026,21/01/2026,Petição,"Petição Físico ou Sigiloso - Petição Sigilosa: 4845 Data: 21/01/2026, às 17:38:08",
Inq5026,20/01/2026,Expedido(a),Um documento relacionado ao processo foi enviado. | Mandado de intimação despacho/decisão_PGR_Relator,
Inq5026,20/01/2026,Comunicação assinada,"Um documento relacionado ao processo, como um ofício ou um alvará, foi assinado. | Mandado 159/2026. Mandado de intimação despacho/decisão_PGR_Relator",
Inq5026,20/01/2026,Vista à PGR para fins de intimação,O processo foi enviado à Procuradoria-Geral da República (Ministério Público Federal) para comunicação da decisão no processo. | Despacho,15383558994
Inq5026,20/01/2026,Despacho,20/01/2026,
Inq5026,20/01/2026,Certidão,Registro de acontecimentos relacionados ao processo. | .,
Inq5026,20/01/2026,Petição,"Petição Físico ou Sigiloso - Petição Sigilosa: 4159 Data: 20/01/2026, às 10:23:58",
Inq5026,19/01/2026,Petição,"Petição Físico ou Sigiloso - Petição Sigilosa: 4095 Data: 19/01/2026, às 23:16:21",
Inq5026,19/01/2026,Petição,"Petição Físico ou Sigiloso - Petição Sigilosa: 4063 Data: 19/01/2026, às 20:57:20",
Inq5026,19/01/2026,Intimado eletronicamente,"A pessoa (o autor, o réu, o executado ou outro interessado) e/ou seu advogado receberam, por sistema eletrônico, a comunicação de uma decisão do processo. | Intimação | PROCURADOR-GERAL DA REPÚBLICA. Intimação relativa a",15383549596
Inq5026,19/01/2026,"Publicação, DJE",Divulgado em 16/01/2026,
Inq5026,16/01/2026,Remessa,da Petição nº 3544/2026 para GABINETE MINISTRO DIAS TOFFOLI,
Inq5026,16/01/2026,Certidão,Registro de acontecimentos relacionados ao processo. | .,
Inq5026,16/01/2026,Vista à PGR para fins de intimação,O processo foi enviado à Procuradoria-Geral da República (Ministério Público Federal) para comunicação da decisão no processo. | Despacho,15383540817
Inq5026,16/01/2026,Despacho,Despacho | MIN. DIAS TOFFOLI,15383540817
Inq5026,16/01/2026,Petição,3544/2026 - 16/01/2026 -,
Inq5026,15/01/2026,Petição,"Petição Físico ou Sigiloso - Petição Sigilosa: 3231 Data: 15/01/2026, às 19:31:02",
Inq5026,13/01/2026,Certidão,Registro de acontecimentos relacionados ao processo. | .,
Inq5026,13/01/2026,Petição,"Petição Físico ou Sigiloso - Petição Sigilosa: 2465 Data: 13/01/2026, às 18:52:05",
Inq5026,13/01/2026,Decisão (sigiloso),MIN. DIAS TOFFOLI | em 13/01/2026,
Inq5026,13/01/2026,Petição,"Petição Físico ou Sigiloso - Petição Sigilosa: 2189 Data: 13/01/2026, às 12:26:06",
Inq5026,12/01/2026,Petição,"Petição Físico ou Sigiloso - Petição Sigilosa: 2012 Data: 12/01/2026, às 22:29:23",
Inq5026,12/01/2026,Petição,"Petição Físico ou Sigiloso - Petição Sigilosa: 1925 Data: 12/01/2026, às 17:49:11",
Inq5026,12/01/2026,Petição,"Petição Físico ou Sigiloso - Petição Sigilosa: 1692 Data: 12/01/2026, às 11:49:19",
Inq5026,09/01/2026,Conclusos ao(à) Relator(a),O processo foi encaminhado para análise do(a) ministro(a) responsável pelo caso.,
Inq5026,09/01/2026,Certidão,Registro de acontecimentos relacionados ao processo. | SEJ/CPIN: Cumprimento de Despacho - desentranhamento de peças e autuação em autos apartados - PET 15244.,
Inq5026,09/01/2026,Petição,"Petição Físico ou Sigiloso - Petição Sigilosa: 1253 Data: 09/01/2026, às 11:39:01",
Inq5026,08/01/2026,Petição,"Petição Físico ou Sigiloso - Petição Sigilosa: 1194 Data: 08/01/2026, às 23:53:24",
Inq5026,08/01/2026,Certidão,Registro de acontecimentos relacionados ao processo. | DESPACHO DE 7/1/2025.,
Inq5026,08/01/2026,Despacho,7/1/2026,
Inq5026,08/01/2026,Petição,"Petição Físico ou Sigiloso - Petição Sigilosa: 944 Data: 08/01/2026, às 15:01:41",
Inq5026,07/01/2026,Petição,642/2026 - 07/01/2026 -,
Inq5026,07/01/2026,"Publicação, DJE",Divulgado em 27/12/2025,
Inq5026,06/01/2026,Petição,"Petição Físico ou Sigiloso - Petição Sigilosa: 395 Data: 06/01/2026, às 17:26:16",
Inq5026,06/01/2026,Petição,371/2026 - 06/01/2026 -,
Inq5026,06/01/2026,Conclusos ao(à) Relator(a),O processo foi encaminhado para análise do(a) ministro(a) responsável pelo caso.,
Inq5026,06/01/2026,Remessa,da Petição nº 185023/2025 para PROCESSOS ORIGINÁRIOS CRIMINAIS,
Inq5026,05/01/2026,Petição,251/2026 - 05/01/2026 - (Via Malote Digital),
Inq5026,05/01/2026,Petição,"Petição Físico ou Sigiloso - Petição Sigilosa: 194 Data: 05/01/2026, às 13:50:27",
Inq5026,02/01/2026,Conclusos ao(à) Relator(a),O processo foi encaminhado para análise do(a) ministro(a) responsável pelo caso.,
Inq5026,31/12/2025,Remessa,da Petição nº 184822/2025 para PROCESSOS ORIGINÁRIOS CRIMINAIS,
Inq5026,31/12/2025,Remessa,da Petição nº 184608/2025 para PROCESSOS ORIGINÁRIOS CRIMINAIS,
Inq5026,31/12/2025,Remessa,da Petição nº 184592/2025 para PROCESSOS ORIGINÁRIOS CRIMINAIS,
Inq5026,31/12/2025,Remessa,da Petição nº 184608/2025 para RECURSOS CRIMINAIS E HABEAS CORPUS,
Inq5026,31/12/2025,Remessa,da Petição nº 184822/2025 para RECURSOS CRIMINAIS E HABEAS CORPUS,
Inq5026,31/12/2025,Petição,185045/2025 - 31/12/2025 - (Via Malote Digital),
Inq5026,30/12/2025,Expedido(a),Um documento relacionado ao processo foi enviado. | Determinação cumprimento despacho/decisão_Relator (DTO),
Inq5026,30/12/2025,Comunicação assinada,"Um documento relacionado ao processo, como um ofício ou um alvará, foi assinado. | Ofício 27537/2025. Determinação cumprimento despacho/decisão_Relator (DTO)",
Inq5026,30/12/2025,Petição,"Petição Físico ou Sigiloso - Petição Sigilosa: 185023 Data: 30/12/2025, às 21:33:08",
Inq5026,29/12/2025,Petição,"Petição Físico ou Sigiloso - Petição Sigilosa: 184822 Data: 29/12/2025, às 17:51:22",
Inq5026,29/12/2025,Juntada do mandado cumprido,MI nº 7242/2025,
Inq5026,29/12/2025,Juntada do mandado cumprido,MI nº 7241/2025,
Inq5026,29/12/2025,Juntada do mandado cumprido,MI nº 7240/2025,
Inq5026,29/12/2025,Juntada do mandado cumprido,MI nº 7239/2025,
Inq5026,29/12/2025,Juntada do mandado cumprido,MI nº 7211/2025,
Inq5026,29/12/2025,Remessa,da Petição nº 184710/2025 para PROCESSOS ORIGINÁRIOS CRIMINAIS,
Inq5026,29/12/2025,Remessa,da Petição nº 184710/2025 para RECURSOS CRIMINAIS E HABEAS CORPUS,
Inq5026,29/12/2025,Conclusos ao(à) Relator(a),O processo foi encaminhado para análise do(a) ministro(a) responsável pelo caso.,
Inq5026,29/12/2025,Petição,184720/2025 - 29/12/2025 - (Via Malote Digital),
Inq5026,29/12/2025,Petição,"Petição Físico ou Sigiloso - Petição Sigilosa: 184710 Data: 29/12/2025, às 10:34:47",
Inq5026,28/12/2025,Expedido(a),Um documento relacionado ao processo foi enviado. | Mandado de intimação despacho/decisão_SEJ,
Inq5026,28/12/2025,Expedido(a),Um documento relacionado ao processo foi enviado. | Mandado de intimação despacho/decisão_SEJ,
Inq5026,28/12/2025,Expedido(a),Um documento relacionado ao processo foi enviado. | Mandado de intimação despacho/decisão_SEJ,
Inq5026,28/12/2025,Comunicação assinada,"Um documento relacionado ao processo, como um ofício ou um alvará, foi assinado. | Mandado 7240/2025. Mandado de intimação despacho/decisão_SEJ",
Inq5026,28/12/2025,Comunicação assinada,"Um documento relacionado ao processo, como um ofício ou um alvará, foi assinado. | Mandado 7241/2025. Mandado de intimação despacho/decisão_SEJ",
Inq5026,28/12/2025,Comunicação assinada,"Um documento relacionado ao processo, como um ofício ou um alvará, foi assinado. | Mandado 7242/2025. Mandado de intimação despacho/decisão_SEJ",
Inq5026,28/12/2025,Certidão,Registro de acontecimentos relacionados ao processo. | Certifico a elaboração de 3 mandados de intimação. Despacho de 27.12.2025.,
Inq5026,27/12/2025,Intimado eletronicamente,"A pessoa (o autor, o réu, o executado ou outro interessado) e/ou seu advogado receberam, por sistema eletrônico, a comunicação de uma decisão do processo. | Intimação | PROCURADOR-GERAL DA REPÚBLICA",15383398337
Inq5026,27/12/2025,Vista à PGR para fins de intimação,O processo foi enviado à Procuradoria-Geral da República (Ministério Público Federal) para comunicação da decisão no processo. | Despacho,15383398316
Inq5026,27/12/2025,Despacho,Despacho | MIN. DIAS TOFFOLI | 27/12/2025,15383398316
Inq5026,27/12/2025,Expedido(a),Um documento relacionado ao processo foi enviado. | Mandado de intimação despacho/decisão_SEJ,
Inq5026,27/12/2025,Intimado eletronicamente,"A pessoa (o autor, o réu, o executado ou outro interessado) e/ou seu advogado receberam, por sistema eletrônico, a comunicação de uma decisão do processo. | Intimação | PROCURADOR-GERAL DA REPÚBLICA",15383398226
Inq5026,27/12/2025,Intimado eletronicamente,"A pessoa (o autor, o réu, o executado ou outro interessado) e/ou seu advogado receberam, por sistema eletrônico, a comunicação de uma decisão do processo. | Intimação | PROCURADOR-GERAL DA REPÚBLICA",15383398225
Inq5026,27/12/2025,Comunicação assinada,"Um documento relacionado ao processo, como um ofício ou um alvará, foi assinado. | Mandado 7239/2025. Mandado de intimação despacho/decisão_SEJ",
Inq5026,27/12/2025,Certidão,Registro de acontecimentos relacionados ao processo. | Certifico a elaboração de 1 mandado de intimação. Despacho de 26.12.2025.,
Inq5026,27/12/2025,Vista à PGR para fins de intimação,O processo foi enviado à Procuradoria-Geral da República (Ministério Público Federal) para comunicação da decisão no processo. | Despacho,15383398123
Inq5026,27/12/2025,Despacho,26/12/2025,
Inq5026,26/12/2025,Petição,"Petição Físico ou Sigiloso - Petição Sigilosa: 184608 Data: 26/12/2025, às 20:51:18",
Inq5026,26/12/2025,Juntada do mandado cumprido,,
Inq5026,26/12/2025,Juntada do mandado cumprido,,
Inq5026,26/12/2025,Expedido(a),Um documento relacionado ao processo foi enviado. | Mandado de intimação - Audiência_SEJ,
Inq5026,26/12/2025,Expedido(a),Um documento relacionado ao processo foi enviado. | Mandado de intimação despacho/decisão_SEJ,
Inq5026,26/12/2025,Comunicação assinada,"Um documento relacionado ao processo, como um ofício ou um alvará, foi assinado. | Mandado 7228/2025. Mandado de intimação - Audiência_SEJ",
Inq5026,26/12/2025,Certidão,Registro de acontecimentos relacionados ao processo. | Certifico a elaboração de 1 mandado de intimação. Despacho de 26/12/2025.,
Inq5026,26/12/2025,Petição,"Petição Físico ou Sigiloso - Petição Sigilosa: 184592 Data: 26/12/2025, às 18:27:42",
Inq5026,26/12/2025,Juntada do mandado sem cumprimento,,
Inq5026,26/12/2025,Expedido(a),Um documento relacionado ao processo foi enviado. | Mandado de intimação - Audiência_SEJ,
Inq5026,26/12/2025,Despacho,,
Inq5026,26/12/2025,Expedido(a),Um documento relacionado ao processo foi enviado. | Mandado de intimação despacho/decisão_PGR_SEJ,
Inq5026,26/12/2025,Juntada do mandado cumprido,MI 7211/2025,
Inq5026,26/12/2025,Juntada do mandado cumprido,MI 7192/2025,
Inq5026,26/12/2025,Juntada do mandado cumprido,MI 7188/2025,
Inq5026,26/12/2025,Juntada,Lista de Remessa nº 2045/2025,
Inq5026,26/12/2025,Juntada,Lista de Remessa nº 2044/2025,
Inq5026,26/12/2025,Comunicação assinada,"Um documento relacionado ao processo, como um ofício ou um alvará, foi assinado. | Mandado 7219/2025. Mandado de intimação despacho/decisão_PGR_SEJ",
Inq5026,26/12/2025,Comunicação assinada,"Um documento relacionado ao processo, como um ofício ou um alvará, foi assinado. | Ofício 27432/2025. Comunica despacho/decisão _SEJ",
Inq5026,26/12/2025,Comunicação assinada,"Um documento relacionado ao processo, como um ofício ou um alvará, foi assinado. | Mandado 7218/2025. Mandado de intimação despacho/decisão_SEJ",
Inq5026,26/12/2025,Certidão,Registro de acontecimentos relacionados ao processo. | Certifico a elaboração de 1 ofício(s) eletrônico(s) e 2 mandados de intimação. Despacho/decisão de 26.12.2025.,
Inq5026,26/12/2025,Despacho,26/12/2025,
Inq5026,26/12/2025,Comunicação assinada,"Um documento relacionado ao processo, como um ofício ou um alvará, foi assinado. | Mandado 7211/2025. Mandado de intimação despacho/decisão_PGR_SEJ",
Inq5026,26/12/2025,Remessa,da Petição nº 184448/2025 para PROCESSOS ORIGINÁRIOS CRIMINAIS,
Inq5026,26/12/2025,Remessa,da Petição nº 184448/2025 para RECURSOS CRIMINAIS E HABEAS CORPUS,
Inq5026,26/12/2025,Conclusos ao(à) Relator(a),O processo foi encaminhado para análise do(a) ministro(a) responsável pelo caso.,
Inq5026,26/12/2025,Certidão,Registro de acontecimentos relacionados ao processo. | Certifico a elaboração de 1 mandado de intimação. Decisão de 24.12.2025.,
Inq5026,26/12/2025,Remessa,da Petição nº 184390/2025 para PROCESSOS ORIGINÁRIOS CRIMINAIS,
Inq5026,26/12/2025,Remessa,da Petição nº 184221/2025 para PROCESSOS ORIGINÁRIOS CRIMINAIS,
Inq5026,26/12/2025,Petição,"Petição Físico ou Sigiloso - Petição Sigilosa: 184448 Data: 26/12/2025, às 10:09:08",
Inq5026,26/12/2025,Despacho,,
Inq5026,26/12/2025,Remessa,da Petição nº 184221/2025 para RECURSOS CRIMINAIS E HABEAS CORPUS,
Inq5026,26/12/2025,Remessa,da Petição nº 184390/2025 para RECURSOS CRIMINAIS E HABEAS CORPUS,
Inq5026,26/12/2025,Remessa,da Petição nº 184209/2025 para PROCESSOS ORIGINÁRIOS CRIMINAIS,
Inq5026,24/12/2025,Petição,"Petição Físico ou Sigiloso - Petição Sigilosa: 184390 Data: 24/12/2025, às 21:00:47",
Inq5026,24/12/2025,Expedido(a),Um documento relacionado ao processo foi enviado. | Mandado de intimação despacho/decisão_PGR_SEJ,
Inq5026,24/12/2025,Expedido(a),Um documento relacionado ao processo foi enviado. | Mandado de intimação - Audiência_SEJ,
Inq5026,24/12/2025,Expedido(a),Um documento relacionado ao processo foi enviado. | Carta de Ordem,
Inq5026,24/12/2025,Comunicação assinada,"Um documento relacionado ao processo, como um ofício ou um alvará, foi assinado. | Carta 1812/2025. Carta de Ordem",
Inq5026,24/12/2025,Expedido(a),Um documento relacionado ao processo foi enviado. | Determinação cumprimento despacho/decisão_SEJ,
Inq5026,24/12/2025,Comunicação assinada,"Um documento relacionado ao processo, como um ofício ou um alvará, foi assinado. | Mandado 7188/2025. Mandado de intimação despacho/decisão_PGR_SEJ",
Inq5026,24/12/2025,Comunicação assinada,"Um documento relacionado ao processo, como um ofício ou um alvará, foi assinado. | Mandado 7192/2025. Mandado de intimação - Audiência_SEJ",
Inq5026,24/12/2025,Comunicação assinada,"Um documento relacionado ao processo, como um ofício ou um alvará, foi assinado. | Ofício 27350/2025. Comunica despacho/decisão _SEJ",
Inq5026,24/12/2025,Comunicação assinada,"Um documento relacionado ao processo, como um ofício ou um alvará, foi assinado. | Mandado 7190/2025. Mandado de intimação - Audiência_SEJ",
Inq5026,24/12/2025,Comunicação assinada,"Um documento relacionado ao processo, como um ofício ou um alvará, foi assinado. | Ofício 27351/2025. Determinação cumprimento despacho/decisão_SEJ",
Inq5026,24/12/2025,Comunicação assinada,"Um documento relacionado ao processo, como um ofício ou um alvará, foi assinado. | Ofício 27364/2025. Comunica despacho/decisão _SEJ",
Inq5026,23/12/2025,Certidão,"Registro de acontecimentos relacionados ao processo. | Certifico a elaboração de 3 ofício(s) eletrônico(s), 3 mandados de intimação e 1 carta de ordem. Despacho/decisão de 23.12.2025.",
Inq5026,23/12/2025,Petição,"Petição Físico ou Sigiloso - Petição Sigilosa: 184221 Data: 23/12/2025, às 18:19:44",
Inq5026,23/12/2025,Despacho,,
Inq5026,23/12/2025,Despacho,,
Inq5026,23/12/2025,Petição,"Petição Físico ou Sigiloso - Petição Sigilosa: 184209 Data: 23/12/2025, às 17:47:53",
Inq5026,22/12/2025,Conclusos ao(à) Relator(a),O processo foi encaminhado para análise do(a) ministro(a) responsável pelo caso.,
Inq5026,22/12/2025,Distribuído por prevenção,"O processo foi enviado para o(a) ministro(a) que já julgou outro processo ou recurso relacionado ao caso. | Certidão | MIN. DIAS TOFFOLI. Prevenção do Relator/Sucessor: MIN. DIAS TOFFOLI. Justificativa legal: RISTF, art.",15383385948
Inq5026,22/12/2025,Autuado,O processo recebeu uma numeração e uma classificação. É a identidade do processo.,
Inq5026,22/12/2025,Protocolado,Reautuação do processo: Pet / 15172,
Inq5035,11/09/2026,Conclusos ao(à) Relator(a),O processo foi encaminhado para análise do(a) ministro(a) responsável pelo caso.,
Inq5035,11/09/2026,Certidão,Registro de acontecimentos relacionados ao processo. | Certidão | de retificação de autuação,15390333360
Inq5035,25/08/2026,Petição,"Petição Físico ou Sigiloso - Petição Sigilosa: 107071 Data: 25/08/2026, às 17:42:08",
Inq5035,17/08/2026,Petição,"Petição Físico ou Sigiloso - Petição Sigilosa: 103098 Data: 17/08/2026, às 15:57:11",
Inq5035,30/07/2026,Petição,"Petição Físico ou Sigiloso - Petição Sigilosa: 96433 Data: 30/07/2026, às 18:53:25",
Inq5035,29/07/2026,Petição,"Petição Físico ou Sigiloso - Petição Sigilosa: 96001 Data: 29/07/2026, às 19:14:14",
Inq5035,12/07/2026,Petição,"Petição Físico ou Sigiloso - Petição Sigilosa: 89635 Data: 12/07/2026, às 11:01:13",
Inq5035,15/06/2026,Petição,"Petição Físico ou Sigiloso - Petição Sigilosa: 77980 Data: 15/06/2026, às 07:46:46",
Inq5035,01/06/2026,Conclusos ao(à) Relator(a),O processo foi encaminhado para análise do(a) ministro(a) responsável pelo caso.,
Inq5035,01/06/2026,Certidão,"Registro de acontecimentos relacionados ao processo. | Certifico que, no dia 1 de junho de 2026, decorreu o prazo concedido à Polícia Federal, nos termos do despacho de eDOC 33 (Id e89d2777).",
Inq5035,29/05/2026,Petição,"Petição Físico ou Sigiloso - Petição Sigilosa: 71791 Data: 29/05/2026, às 11:11:15",
Inq5035,22/05/2026,Petição,"Petição Físico ou Sigiloso - Petição Sigilosa: 68443 Data: 22/05/2026, às 17:33:04",
Inq5035,18/05/2026,Petição,"Petição Físico ou Sigiloso - Petição Sigilosa: 65644 Data: 18/05/2026, às 17:49:15",
Inq5035,14/05/2026,Petição,"Petição Físico ou Sigiloso - Petição Sigilosa: 63873 Data: 14/05/2026, às 14:56:30",
Inq5035,11/05/2026,Petição,"Petição Físico ou Sigiloso - Petição Sigilosa: 61998 Data: 11/05/2026, às 19:28:40",
Inq5035,06/05/2026,Petição,"Petição Físico ou Sigiloso - Petição Sigilosa: 59365 Data: 06/05/2026, às 16:34:59",
Inq5035,05/05/2026,Petição,"Petição Físico ou Sigiloso - Petição Sigilosa: 58636 Data: 05/05/2026, às 16:48:39",
Inq5035,04/05/2026,Petição,"Petição Físico ou Sigiloso - Petição Sigilosa: 57873 Data: 04/05/2026, às 16:37:05",
Inq5035,10/04/2026,Intimado eletronicamente,"A pessoa (o autor, o réu, o executado ou outro interessado) e/ou seu advogado receberam, por sistema eletrônico, a comunicação de uma decisão do processo. | Intimação | PROCURADOR-GERAL DA REPÚBLICA",15385930921
Inq5035,10/04/2026,Intimado eletronicamente,"A pessoa (o autor, o réu, o executado ou outro interessado) e/ou seu advogado receberam, por sistema eletrônico, a comunicação de uma decisão do processo. | Intimação | PROCURADOR-GERAL DA REPÚBLICA",15385930920
Inq5035,09/04/2026,Juntada do mandado cumprido,MI nº 1948/2026,
Inq5035,08/04/2026,Expedido(a),Um documento relacionado ao processo foi enviado. | Mandado de intimação despacho/decisão_PGR_SEJ,
Inq5035,07/04/2026,Juntada do mandado cumprido,MI 1949/2026,
Inq5035,01/04/2026,Petição,"Petição Físico ou Sigiloso - Petição Sigilosa: 42220 Data: 01/04/2026, às 23:10:01",
Inq5035,01/04/2026,Expedido(a),Um documento relacionado ao processo foi enviado. | Mandado de intimação despacho/decisão_SEJ,
Inq5035,31/03/2026,Vista à PGR para fins de intimação,O processo foi enviado à Procuradoria-Geral da República (Ministério Público Federal) para comunicação da decisão no processo. | Despacho,15385665946
Inq5035,31/03/2026,Vista à PGR para fins de intimação,O processo foi enviado à Procuradoria-Geral da República (Ministério Público Federal) para comunicação da decisão no processo. | Despacho,15385665986
Inq5035,31/03/2026,Comunicação assinada,"Um documento relacionado ao processo, como um ofício ou um alvará, foi assinado. | Mandado 1948/2026. Mandado de intimação despacho/decisão_PGR_SEJ",
Inq5035,31/03/2026,Comunicação assinada,"Um documento relacionado ao processo, como um ofício ou um alvará, foi assinado. | Mandado 1949/2026. Mandado de intimação despacho/decisão_SEJ",
Inq5035,31/03/2026,Certidão,Registro de acontecimentos relacionados ao processo. | Certifico a elaboração de 1 mandado de intimação. Despacho de 31/03/2026.,
Inq5035,31/03/2026,Certidão,Registro de acontecimentos relacionados ao processo. | Certifico a elaboração de 1 mandado de intimação. Despacho de 31/03/2026.,
Inq5035,31/03/2026,Autos disponibilizados à autoridade policial,,
Inq5035,31/03/2026,Despacho,,
Inq5035,31/03/2026,Despacho,,
Inq5035,25/03/2026,Petição,"Petição Físico ou Sigiloso - Petição Sigilosa: 38148 Data: 25/03/2026, às 14:12:03",
Inq5035,17/03/2026,Petição,"Petição Físico ou Sigiloso - Petição Sigilosa: 33357 Data: 17/03/2026, às 20:39:31",
Inq5035,17/03/2026,Petição,"Petição Físico ou Sigiloso - Petição Sigilosa: 32836 Data: 17/03/2026, às 13:25:21",
Inq5035,13/03/2026,Petição,"Petição Físico ou Sigiloso - Petição Sigilosa: 31478 Data: 13/03/2026, às 20:10:29",
Inq5035,09/03/2026,Petição,"Petição Físico ou Sigiloso - Petição Sigilosa: 27198 Data: 09/03/2026, às 17:01:10",
Inq5035,09/03/2026,Petição,"Petição Físico ou Sigiloso - Petição Sigilosa: 27069 Data: 09/03/2026, às 15:58:53",
Inq5035,06/03/2026,Petição,"Petição Físico ou Sigiloso - Petição Sigilosa: 26431 Data: 06/03/2026, às 19:57:21",
Inq5035,04/03/2026,Petição,"Petição Físico ou Sigiloso - Petição Sigilosa: 24053 Data: 04/03/2026, às 09:58:36",
Inq5035,24/02/2026,Conclusos ao(à) Relator(a),O processo foi encaminhado para análise do(a) ministro(a) responsável pelo caso.,
Inq5035,24/02/2026,Juntada,"de cópia da decisão proferida na PET 15.198, em cumprimento de decisão.",
Inq5035,13/02/2026,Conclusos ao(à) Relator(a),O processo foi encaminhado para análise do(a) ministro(a) responsável pelo caso.,
Inq5035,13/02/2026,Distribuído por prevenção,"O processo foi enviado para o(a) ministro(a) que já julgou outro processo ou recurso relacionado ao caso. | Certidão | MIN. ANDRÉ MENDONÇA. Prevenção do Relator/Sucessor: MIN. ANDRÉ MENDONÇA. Justificativa legal: RISTF, ",15384089218
Inq5035,09/02/2026,Autuado,O processo recebeu uma numeração e uma classificação. É a identidade do processo.,
Inq5035,09/02/2026,Protocolado,,
Pet15198,11/09/2026,Conclusos ao(à) Relator(a),O processo foi encaminhado para análise do(a) ministro(a) responsável pelo caso.,
Pet15198,11/09/2026,Certidão,Registro de acontecimentos relacionados ao processo. | Certidão | de retificação de autuação,15390331665
Pet15198,08/09/2026,Petição,"Petição Físico ou Sigiloso - Petição Sigilosa: 112935 Data: 08/09/2026, às 11:00:04",
Pet15198,28/08/2026,Petição,"Petição Físico ou Sigiloso - Petição Sigilosa: 108754 Data: 28/08/2026, às 12:33:40",
Pet15198,25/08/2026,Petição,"Petição Físico ou Sigiloso - Petição Sigilosa: 107074 Data: 25/08/2026, às 17:43:26",
Pet15198,19/08/2026,Petição,"Petição Físico ou Sigiloso - Petição Sigilosa: 104548 Data: 19/08/2026, às 17:38:36",
Pet15198,19/08/2026,Petição,"Petição Físico ou Sigiloso - Petição Sigilosa: 104065 Data: 19/08/2026, às 07:14:09",
Pet15198,17/08/2026,Intimado eletronicamente,"A pessoa (o autor, o réu, o executado ou outro interessado) e/ou seu advogado receberam, por sistema eletrônico, a comunicação de uma decisão do processo. | Intimação | PROCURADOR-GERAL DA REPÚBLICA",15389295179
Pet15198,17/08/2026,Intimado eletronicamente,"A pessoa (o autor, o réu, o executado ou outro interessado) e/ou seu advogado receberam, por sistema eletrônico, a comunicação de uma decisão do processo. | Intimação | PROCURADOR-GERAL DA REPÚBLICA",15389295178
Pet15198,13/08/2026,Conclusos ao(à) Relator(a),O processo foi encaminhado para análise do(a) ministro(a) responsável pelo caso.,
Pet15198,13/08/2026,Certidão,Registro de acontecimentos relacionados ao processo. | Certidão | de retificação de autuação,15389220856
Pet15198,13/08/2026,Remessa,À GERÊNCIA DE PROCESSOS ORIGINÁRIOS CRIMINAIS,
Pet15198,13/08/2026,Certidão,Registro de acontecimentos relacionados ao processo. | Certidão: SEJ/CPIN - Autuadas as PETs 16.584 e 16.585.,
Pet15198,11/08/2026,Petição,"Petição Físico ou Sigiloso - Petição Sigilosa: 100667 Data: 11/08/2026, às 13:55:24",
Pet15198,11/08/2026,Petição,"Petição Físico ou Sigiloso - Petição Sigilosa: 100665 Data: 11/08/2026, às 13:52:56",
Pet15198,11/08/2026,Petição,"Petição Físico ou Sigiloso - Petição Sigilosa: 100663 Data: 11/08/2026, às 13:51:08",
Pet15198,07/08/2026,Petição,"Petição Físico ou Sigiloso - Petição Sigilosa: 99642 Data: 07/08/2026, às 15:09:14",
Pet15198,05/08/2026,Petição,"Petição Físico ou Sigiloso - Petição Sigilosa: 98753 Data: 05/08/2026, às 22:27:52",
Pet15198,05/08/2026,Vista à PGR para fins de intimação,O processo foi enviado à Procuradoria-Geral da República (Ministério Público Federal) para comunicação da decisão no processo. | Decisão monocrática,15389034950
Pet15198,05/08/2026,Decisão (sigiloso),Decisão monocrática | MIN. ANDRÉ MENDONÇA,15389034950
Pet15198,05/08/2026,Vista à PGR para fins de intimação,O processo foi enviado à Procuradoria-Geral da República (Ministério Público Federal) para comunicação da decisão no processo. | Decisão monocrática,15389034945
Pet15198,05/08/2026,Decisão (sigiloso),Decisão monocrática | MIN. ANDRÉ MENDONÇA,15389034945
Pet15198,04/08/2026,Petição,"Petição Físico ou Sigiloso - Petição Sigilosa: 97958 Data: 04/08/2026, às 16:28:53",
Pet15198,04/08/2026,Petição,"Petição Físico ou Sigiloso - Petição Sigilosa: 97719 Data: 04/08/2026, às 10:23:39",
Pet15198,31/07/2026,Intimado eletronicamente,"A pessoa (o autor, o réu, o executado ou outro interessado) e/ou seu advogado receberam, por sistema eletrônico, a comunicação de uma decisão do processo. | Intimação | PROCURADOR-GERAL DA REPÚBLICA",15388955820
Pet15198,28/07/2026,Petição,"Petição Físico ou Sigiloso - Petição Sigilosa: 95420 Data: 28/07/2026, às 16:55:38",
Pet15198,27/07/2026,Juntada do mandado cumprido,MI n. 4436/2026,
Pet15198,27/07/2026,Juntada do mandado cumprido,MI n. 4435/2026,
Pet15198,22/07/2026,Conclusos ao(à) Relator(a),O processo foi encaminhado para análise do(a) ministro(a) responsável pelo caso.,
Pet15198,22/07/2026,Petição,"Petição Físico ou Sigiloso - Petição Sigilosa: 93643 Data: 22/07/2026, às 18:11:14",
Pet15198,22/07/2026,Vista à PGR,O processo foi enviado à Procuradoria-Geral da República (Ministério Público Federal) para manifestação. | Vista à PGR,15388882508
Pet15198,22/07/2026,Despacho,"Despacho | MIN. ANDRÉ MENDONÇA | ""(...) Abra-se vista à Procuradoria-Geral da República, para | manifestação sobre o pedido formulado por VICENTE CONTE NETO (e",15388880983
Pet15198,22/07/2026,Expedido(a),Um documento relacionado ao processo foi enviado. | Mandado de intimação despacho/decisão_SEJ,
Pet15198,22/07/2026,Expedido(a),Um documento relacionado ao processo foi enviado. | Mandado de intimação despacho/decisão_SEJ,
Pet15198,21/07/2026,Comunicação assinada,"Um documento relacionado ao processo, como um ofício ou um alvará, foi assinado. | Mandado 4436/2026. Mandado de intimação despacho/decisão_SEJ",
Pet15198,21/07/2026,Comunicação assinada,"Um documento relacionado ao processo, como um ofício ou um alvará, foi assinado. | Mandado 4435/2026. Mandado de intimação despacho/decisão_SEJ",
Pet15198,21/07/2026,Certidão,Registro de acontecimentos relacionados ao processo. | De elaboração de dois mandados de intimação. Decisão de 20/7/2026.,
Pet15198,21/07/2026,Vista à PGR para fins de intimação,O processo foi enviado à Procuradoria-Geral da República (Ministério Público Federal) para comunicação da decisão no processo. | Decisão monocrática,15388863611
Pet15198,21/07/2026,Decisão (sigiloso),Decisão monocrática | MIN. ANDRÉ MENDONÇA,15388863611
Pet15198,20/07/2026,Petição,"Petição Físico ou Sigiloso - Petição Sigilosa: 92581 Data: 20/07/2026, às 18:14:50",
Pet15198,17/07/2026,Petição,"Petição Físico ou Sigiloso - Petição Sigilosa: 91688 Data: 17/07/2026, às 13:12:35",
Pet15198,07/07/2026,Petição,"Petição Físico ou Sigiloso - Petição Sigilosa: 88170 Data: 07/07/2026, às 19:42:05",
Pet15198,07/07/2026,Conclusos ao(à) Relator(a),O processo foi encaminhado para análise do(a) ministro(a) responsável pelo caso.,
Pet15198,07/07/2026,Despacho,"Despacho | MIN. ANDRÉ MENDONÇA | ""(...) desentranhe-se o pedido com os documentos que | o acompanham (e-Docs. 965 a 972), para sua juntada na PET 15.978, com",15388644884
Pet15198,07/07/2026,Certidão,"Registro de acontecimentos relacionados ao processo. | Certifico que, por determinação do despacho de 6/7/2026, proferido nestes autos, desentranhei os protocolados 79635/2026 e 80746/2026, referentes aos",
Pet15198,06/07/2026,Petição,"Petição Físico ou Sigiloso - Petição Sigilosa: 87271 Data: 06/07/2026, às 15:16:36",
Pet15198,02/07/2026,Petição,"Petição Físico ou Sigiloso - Petição Sigilosa: 86153 Data: 02/07/2026, às 16:14:44",
Pet15198,27/06/2026,Certidão,Registro de acontecimentos relacionados ao processo. | de desentranhamento,
Pet15198,26/06/2026,Despacho,Despacho | MIN. ANDRÉ MENDONÇA,15388387831
Pet15198,25/06/2026,Petição,"Petição Físico ou Sigiloso - Petição Sigilosa: 83428 Data: 25/06/2026, às 16:41:29",
Pet15198,23/06/2026,Petição,"Petição Físico ou Sigiloso - Petição Sigilosa: 82636 Data: 23/06/2026, às 23:42:51",
Pet15198,23/06/2026,Petição,"Petição Físico ou Sigiloso - Petição Sigilosa: 82421 Data: 23/06/2026, às 16:48:36",
Pet15198,23/06/2026,Petição,"Petição Físico ou Sigiloso - Petição Sigilosa: 82159 Data: 23/06/2026, às 11:29:33",
Pet15198,23/06/2026,Petição,"Petição Físico ou Sigiloso - Petição Sigilosa: 82134 Data: 23/06/2026, às 10:59:54",
Pet15198,22/06/2026,Intimado eletronicamente,"A pessoa (o autor, o réu, o executado ou outro interessado) e/ou seu advogado receberam, por sistema eletrônico, a comunicação de uma decisão do processo. | Intimação | PROCURADOR-GERAL DA REPÚBLICA",15388194012
Pet15198,19/06/2026,Despacho,Despacho | MIN. ANDRÉ MENDONÇA,15388189548
Pet15198,19/06/2026,Petição,"Petição Físico ou Sigiloso - Petição Sigilosa: 80746 Data: 19/06/2026, às 11:54:17",
Pet15198,17/06/2026,Petição,"79635/2026 Data: 17/06/2026, às 16:09:23 PETV3",
Pet15198,16/06/2026,Petição,78733/2026 - 16/06/2026 -,
Pet15198,15/06/2026,Petição,"Petição Físico ou Sigiloso - Petição Sigilosa: 78397 Data: 15/06/2026, às 17:17:12",
Pet15198,15/06/2026,Petição,"Petição Físico ou Sigiloso - Petição Sigilosa: 77990 Data: 15/06/2026, às 08:34:44",
Pet15198,15/06/2026,Petição,"Petição Físico ou Sigiloso - Petição Sigilosa: 77981 Data: 15/06/2026, às 07:47:50",
Pet15198,12/06/2026,Petição,"Petição Físico ou Sigiloso - Petição Sigilosa: 77874 Data: 12/06/2026, às 21:49:43",
Pet15198,12/06/2026,Petição,"Petição Físico ou Sigiloso - Petição Sigilosa: 77492 Data: 12/06/2026, às 12:39:44",
Pet15198,11/06/2026,Vista à PGR para fins de intimação,O processo foi enviado à Procuradoria-Geral da República (Ministério Público Federal) para comunicação da decisão no processo. | Despacho,15387942429
Pet15198,11/06/2026,Despacho,"Despacho | MIN. ANDRÉ MENDONÇA | ""(...) Ante o exposto, determino a instauração de procedimento | investigatório apartado, autuado como INQUÉRITO (INQ) autônomo,",15387942429
Pet15198,10/06/2026,Petição,"Petição Físico ou Sigiloso - Petição Sigilosa: 76365 Data: 10/06/2026, às 13:47:46",
Pet15198,09/06/2026,Petição,"Petição Físico ou Sigiloso - Petição Sigilosa: 75990 Data: 09/06/2026, às 17:27:24",
Pet15198,08/06/2026,Conclusos ao(à) Relator(a),O processo foi encaminhado para análise do(a) ministro(a) responsável pelo caso.,
Pet15198,08/06/2026,Petição,"Petição Físico ou Sigiloso - Petição Sigilosa: 75537 Data: 08/06/2026, às 23:26:38",
Pet15198,05/06/2026,Petição,"Petição Físico ou Sigiloso - Petição Sigilosa: 74522 Data: 05/06/2026, às 12:37:49",
Pet15198,05/06/2026,Vista à PGR,O processo foi enviado à Procuradoria-Geral da República (Ministério Público Federal) para manifestação. | Vista à PGR,15387771247
Pet15198,05/06/2026,Despacho,"Despacho | MIN. ANDRÉ MENDONÇA | ""1. Abra-se vista à Procuradoria-Geral da República, para | manifestação sobre o agravo regimental interposto por Maurício Antonio",15387771244
Pet15198,03/06/2026,Vista à PGR,O processo foi enviado à Procuradoria-Geral da República (Ministério Público Federal) para manifestação. | Vista à PGR,15387752160
Pet15198,03/06/2026,Remessa,da Petição nº 73734/2026 para GABINETE MINISTRO ANDRÉ MENDONÇA,
Pet15198,03/06/2026,Interposto agravo regimental,"Foi apresentado recurso contra a decisão do(a) ministro(a) responsável pelo caso para exame de uma das Turmas (grupo de 05 ministros) ou do Plenário (11 ministros reunidos), que decidirão se mantêm ou modificam a decisão",
Pet15198,03/06/2026,Interposto agravo regimental,"Foi apresentado recurso contra a decisão do(a) ministro(a) responsável pelo caso para exame de uma das Turmas (grupo de 05 ministros) ou do Plenário (11 ministros reunidos), que decidirão se mantêm ou modificam a decisão",
Pet15198,03/06/2026,Lançamento indevido,03/06/2026 - Vista à PGR | Justificativa: erro,
Pet15198,03/06/2026,Despacho,Despacho | MIN. ANDRÉ MENDONÇA,15387732829
Pet15198,03/06/2026,Certidão,Registro de acontecimentos relacionados ao processo. | CERTIDÃO DE RETIFICAÇÃO DE AUTUAÇÃO Certifico que retifiquei a autuação destes autos nos termos dos Protocolados de IDs: b8e63e40 e 9d91fa0d.,
Pet15198,02/06/2026,Petição,"Petição Físico ou Sigiloso - Petição Sigilosa: 73734 Data: 02/06/2026, às 22:13:18",
Pet15198,02/06/2026,Juntada do mandado sem cumprimento,MI 3068/2026,
Pet15198,02/06/2026,Juntada do mandado cumprido,MI 3069/2026,
Pet15198,01/06/2026,Intimado eletronicamente,"A pessoa (o autor, o réu, o executado ou outro interessado) e/ou seu advogado receberam, por sistema eletrônico, a comunicação de uma decisão do processo. | Intimação | PROCURADOR-GERAL DA REPÚBLICA",15387629144
Pet15198,01/06/2026,Intimado eletronicamente,"A pessoa (o autor, o réu, o executado ou outro interessado) e/ou seu advogado receberam, por sistema eletrônico, a comunicação de uma decisão do processo. | Intimação | PROCURADOR-GERAL DA REPÚBLICA",15387629143
Pet15198,01/06/2026,Intimado eletronicamente,"A pessoa (o autor, o réu, o executado ou outro interessado) e/ou seu advogado receberam, por sistema eletrônico, a comunicação de uma decisão do processo. | Intimação | PROCURADOR-GERAL DA REPÚBLICA",15387629142
Pet15198,29/05/2026,Petição,"Petição Físico ou Sigiloso - Petição Sigilosa: 72262 Data: 29/05/2026, às 21:48:21",
Pet15198,29/05/2026,Petição,"Petição Físico ou Sigiloso - Petição Sigilosa: 72208 Data: 29/05/2026, às 18:53:18",
Pet15198,29/05/2026,Petição,"Petição Físico ou Sigiloso - Petição Sigilosa: 72043 Data: 29/05/2026, às 16:09:32",
Pet15198,28/05/2026,Expedido(a),Um documento relacionado ao processo foi enviado. | Mandado de intimação despacho/decisão_SEJ,
Pet15198,28/05/2026,Expedido(a),Um documento relacionado ao processo foi enviado. | Mandado de intimação despacho/decisão_SEJ,
Pet15198,27/05/2026,Juntada do mandado cumprido,MI n. 3070/2026,
Pet15198,27/05/2026,Conclusos ao(à) Relator(a),O processo foi encaminhado para análise do(a) ministro(a) responsável pelo caso.,
Pet15198,24/05/2026,Expedido(a),Um documento relacionado ao processo foi enviado. | Mandado de intimação despacho/decisão_SEJ,
Pet15198,22/05/2026,Petição,"Petição Físico ou Sigiloso - Petição Sigilosa: 68445 Data: 22/05/2026, às 17:33:48",
Pet15198,21/05/2026,Comunicação assinada,"Um documento relacionado ao processo, como um ofício ou um alvará, foi assinado. | Mandado 3068/2026. Mandado de intimação despacho/decisão_SEJ",
Pet15198,21/05/2026,Comunicação assinada,"Um documento relacionado ao processo, como um ofício ou um alvará, foi assinado. | Mandado 3070/2026. Mandado de intimação despacho/decisão_SEJ",
Pet15198,21/05/2026,Comunicação assinada,"Um documento relacionado ao processo, como um ofício ou um alvará, foi assinado. | Mandado 3069/2026. Mandado de intimação despacho/decisão_SEJ",
Pet15198,21/05/2026,Certidão,Registro de acontecimentos relacionados ao processo. | Certifico a elaboração de 1 mandado de intimação. Decisão de 19.5.2026.,
Pet15198,21/05/2026,Certidão,Registro de acontecimentos relacionados ao processo. | Certifico a elaboração de 1 mandado de intimação. Decisão de 19.5.2026.,
Pet15198,21/05/2026,Certidão,Registro de acontecimentos relacionados ao processo. | Certifico a elaboração de 1 mandado de intimação. Decisão de 19.5.2026.,
Pet15198,21/05/2026,Vista à PGR para fins de intimação,O processo foi enviado à Procuradoria-Geral da República (Ministério Público Federal) para comunicação da decisão no processo. | Decisão monocrática,15387268450
Pet15198,21/05/2026,Decisão (sigiloso),Decisão monocrática | MIN. ANDRÉ MENDONÇA | 19/05/2026,15387268450
Pet15198,21/05/2026,Vista à PGR para fins de intimação,O processo foi enviado à Procuradoria-Geral da República (Ministério Público Federal) para comunicação da decisão no processo. | Decisão monocrática,15387268448
Pet15198,21/05/2026,Decisão (sigiloso),Decisão monocrática | MIN. ANDRÉ MENDONÇA | 19/05/2026,15387268448
Pet15198,21/05/2026,Vista à PGR para fins de intimação,O processo foi enviado à Procuradoria-Geral da República (Ministério Público Federal) para comunicação da decisão no processo. | Decisão monocrática,15387268446
Pet15198,21/05/2026,Decisão (sigiloso),Decisão monocrática | MIN. ANDRÉ MENDONÇA | 19/05/2026,15387268446
Pet15198,20/05/2026,Petição,"Petição Físico ou Sigiloso - Petição Sigilosa: 66663 Data: 20/05/2026, às 10:27:04",
Pet15198,18/05/2026,Petição,"Petição Físico ou Sigiloso - Petição Sigilosa: 65638 Data: 18/05/2026, às 17:41:48",
Pet15198,11/05/2026,Petição,"Petição Físico ou Sigiloso - Petição Sigilosa: 62133 Data: 11/05/2026, às 23:38:01",
Pet15198,11/05/2026,Vista à PGR,O processo foi enviado à Procuradoria-Geral da República (Ministério Público Federal) para manifestação. | Vista à PGR,15386951836
Pet15198,11/05/2026,Despacho,"Despacho | MIN. ANDRÉ MENDONÇA | ""1. Abra-se vista à Procuradoria-Geral da República para | manifestação sobre os pedidos deduzidos por Henrique Moura Vorcaro",15386951653
Pet15198,08/05/2026,Conclusos ao(à) Relator(a),O processo foi encaminhado para análise do(a) ministro(a) responsável pelo caso.,
Pet15198,06/05/2026,Petição,"Petição Físico ou Sigiloso - Petição Sigilosa: 59403 Data: 06/05/2026, às 16:43:20",
Pet15198,05/05/2026,Petição,"Petição Físico ou Sigiloso - Petição Sigilosa: 58633 Data: 05/05/2026, às 16:45:26",
Pet15198,05/05/2026,Petição,"Petição Físico ou Sigiloso - Petição Sigilosa: 58359 Data: 05/05/2026, às 13:53:57",
Pet15198,04/05/2026,Petição,"Petição Físico ou Sigiloso - Petição Sigilosa: 57978 Data: 04/05/2026, às 17:44:45",
Pet15198,04/05/2026,Petição,"Petição Físico ou Sigiloso - Petição Sigilosa: 57975 Data: 04/05/2026, às 17:43:12",
Pet15198,29/04/2026,Petição,56207/2026 - 29/04/2026 -,
Pet15198,28/04/2026,Petição,55240/2026 - 28/04/2026 - (Via Malote Digital),
Pet15198,27/04/2026,Petição,54488/2026 - 27/04/2026 -,
Pet15198,27/04/2026,Petição,"54069/2026 Data: 27/04/2026, às 12:28:27 PETV3",
Pet15198,23/04/2026,Certidão,"Registro de acontecimentos relacionados ao processo. | Certifico que foi dado cumprimento à Decisão proferida em 23/04/2026 na Pet 15643 (e-doc 6, ID e937dd62), item 13, com desvinculação do protocolado n.",
Pet15198,23/04/2026,Lançamento indevido,02/03/2026 Petição 22875/2026 Justificativa: registro indevido,
Pet15198,23/04/2026,Petição,"Petição Físico ou Sigiloso - Petição Sigilosa: 52323 Data: 23/04/2026, às 13:22:47",
Pet15198,22/04/2026,Petição,"Petição Físico ou Sigiloso - Petição Sigilosa: 51954 Data: 22/04/2026, às 19:09:21",
Pet15198,22/04/2026,Petição,"Petição Físico ou Sigiloso - Petição Sigilosa: 51536 Data: 22/04/2026, às 14:04:46",
Pet15198,17/04/2026,Petição,"Petição Físico ou Sigiloso - Petição Sigilosa: 50039 Data: 17/04/2026, às 12:14:25",
Pet15198,16/04/2026,Petição,"Petição Físico ou Sigiloso - Petição Sigilosa: 49668 Data: 16/04/2026, às 16:55:06",
Pet15198,15/04/2026,Petição,"Petição Físico ou Sigiloso - Petição Sigilosa: 48966 Data: 15/04/2026, às 17:46:29",
Pet15198,10/04/2026,Petição,"Petição Físico ou Sigiloso - Petição Sigilosa: 46610 Data: 10/04/2026, às 19:32:46",
Pet15198,10/04/2026,Petição,"Petição Físico ou Sigiloso - Petição Sigilosa: 46427 Data: 10/04/2026, às 16:40:24",
Pet15198,10/04/2026,Petição,"Petição Físico ou Sigiloso - Petição Sigilosa: 45960 Data: 10/04/2026, às 09:09:00",
Pet15198,08/04/2026,Petição,"Petição Físico ou Sigiloso - Petição Sigilosa: 45026 Data: 08/04/2026, às 17:46:48",
Pet15198,08/04/2026,Petição,"Petição Físico ou Sigiloso - Petição Sigilosa: 44782 Data: 08/04/2026, às 14:08:38",
Pet15198,07/04/2026,Petição,"Petição Físico ou Sigiloso - Petição Sigilosa: 43752 Data: 07/04/2026, às 10:09:44",
Pet15198,07/04/2026,Intimado eletronicamente,"A pessoa (o autor, o réu, o executado ou outro interessado) e/ou seu advogado receberam, por sistema eletrônico, a comunicação de uma decisão do processo. | Intimação | PROCURADOR-GERAL DA REPÚBLICA",15385747157
Pet15198,01/04/2026,Petição,"Petição Físico ou Sigiloso - Petição Sigilosa: 42123 Data: 01/04/2026, às 17:20:05",
Pet15198,31/03/2026,Petição,"Petição Físico ou Sigiloso - Petição Sigilosa: 40940 Data: 31/03/2026, às 09:53:05",
Pet15198,30/03/2026,Petição,"Petição Físico ou Sigiloso - Petição Sigilosa: 40860 Data: 30/03/2026, às 21:05:46",
Pet15198,28/03/2026,Autos disponibilizados à autoridade policial,Termo de disponibilização de autos,15385532342
Pet15198,28/03/2026,Vista à PGR para fins de intimação,O processo foi enviado à Procuradoria-Geral da República (Ministério Público Federal) para comunicação da decisão no processo. | Despacho,15385530888
Pet15198,28/03/2026,Despacho,em 27/03/2026,
Pet15198,25/03/2026,Conclusos ao(à) Relator(a),O processo foi encaminhado para análise do(a) ministro(a) responsável pelo caso.,
Pet15198,25/03/2026,Certidão,Registro de acontecimentos relacionados ao processo. | CERTIDÃO DE RETIFICAÇÃO DE AUTUAÇÃO,
Pet15198,25/03/2026,Juntada do mandado cumprido,,
Pet15198,25/03/2026,Petição,"Petição Físico ou Sigiloso - Petição Sigilosa: 38060 Data: 25/03/2026, às 11:38:01",
Pet15198,24/03/2026,Petição,"Petição Físico ou Sigiloso - Petição Sigilosa: 37152 Data: 24/03/2026, às 12:01:15",
Pet15198,23/03/2026,Petição,"Petição Físico ou Sigiloso - Petição Sigilosa: 36726 Data: 23/03/2026, às 17:16:41",
Pet15198,19/03/2026,Intimado eletronicamente,"A pessoa (o autor, o réu, o executado ou outro interessado) e/ou seu advogado receberam, por sistema eletrônico, a comunicação de uma decisão do processo. | Intimação | PROCURADOR-GERAL DA REPÚBLICA",15385245086
Pet15198,18/03/2026,Petição,"Petição Físico ou Sigiloso - Petição Sigilosa: 34015 Data: 18/03/2026, às 15:30:23",
Pet15198,17/03/2026,Petição,"Petição Físico ou Sigiloso - Petição Sigilosa: 33358 Data: 17/03/2026, às 20:40:32",
Pet15198,17/03/2026,Petição,"Petição Físico ou Sigiloso - Petição Sigilosa: 33324 Data: 17/03/2026, às 19:33:30",
Pet15198,17/03/2026,Expedido(a),Um documento relacionado ao processo foi enviado. | Mandado de intimação despacho/decisão_SEJ,
Pet15198,17/03/2026,Petição,32924/2026 - 17/03/2026 - (Via Malote Digital),
Pet15198,17/03/2026,Petição,"Petição Físico ou Sigiloso - Petição Sigilosa: 32839 Data: 17/03/2026, às 13:26:48",
Pet15198,13/03/2026,Petição,"Petição Físico ou Sigiloso - Petição Sigilosa: 31481 Data: 13/03/2026, às 20:14:07",
Pet15198,13/03/2026,Petição,"Petição Físico ou Sigiloso - Petição Sigilosa: 31408 Data: 13/03/2026, às 18:16:14",
Pet15198,13/03/2026,Petição,"Petição Físico ou Sigiloso - Petição Sigilosa: 31391 Data: 13/03/2026, às 17:53:57",
Pet15198,12/03/2026,Petição,"Petição Físico ou Sigiloso - Petição Sigilosa: 30628 Data: 12/03/2026, às 18:03:23",
Pet15198,12/03/2026,Petição,"Petição Físico ou Sigiloso - Petição Sigilosa: 30462 Data: 12/03/2026, às 16:23:35",
Pet15198,12/03/2026,Petição,"Petição Físico ou Sigiloso - Petição Sigilosa: 30211 Data: 12/03/2026, às 13:40:02",
Pet15198,11/03/2026,Conclusos ao(à) Relator(a),O processo foi encaminhado para análise do(a) ministro(a) responsável pelo caso.,
Pet15198,11/03/2026,Petição,29323/2026 - 11/03/2026 - (Via Malote Digital),
Pet15198,11/03/2026,Petição,"Petição Físico ou Sigiloso - Petição Sigilosa: 29208 Data: 11/03/2026, às 12:04:45",
Pet15198,10/03/2026,Petição,"Petição Físico ou Sigiloso - Petição Sigilosa: 27700 Data: 10/03/2026, às 10:22:45",
Pet15198,09/03/2026,Comunicação assinada,"Um documento relacionado ao processo, como um ofício ou um alvará, foi assinado. | Mandado 1302/2026. Mandado de intimação despacho/decisão_SEJ",
Pet15198,09/03/2026,Certidão,Registro de acontecimentos relacionados ao processo. | De elaboração de um mandado de intimação. Decisão de 9/3/2026.,
Pet15198,09/03/2026,Vista à PGR para fins de intimação,O processo foi enviado à Procuradoria-Geral da República (Ministério Público Federal) para comunicação da decisão no processo. | Decisão monocrática,15384816411
Pet15198,09/03/2026,Decisão (sigiloso),MIN. ANDRÉ MENDONÇA,
Pet15198,09/03/2026,Petição,"Petição Físico ou Sigiloso - Petição Sigilosa: 27115 Data: 09/03/2026, às 16:17:22",
Pet15198,09/03/2026,Petição,"Petição Físico ou Sigiloso - Petição Sigilosa: 26726 Data: 09/03/2026, às 11:29:48",
Pet15198,09/03/2026,Petição,"Petição Físico ou Sigiloso - Petição Sigilosa: 26666 Data: 09/03/2026, às 09:53:38",
Pet15198,09/03/2026,Intimado eletronicamente,"A pessoa (o autor, o réu, o executado ou outro interessado) e/ou seu advogado receberam, por sistema eletrônico, a comunicação de uma decisão do processo. | Intimação | PROCURADOR-GERAL DA REPÚBLICA. Intimação relativa a",15384794888
Pet15198,04/03/2026,Petição,"Petição Físico ou Sigiloso - Petição Sigilosa: 24650 Data: 04/03/2026, às 17:37:35",
Pet15198,04/03/2026,Petição,"Petição Físico ou Sigiloso - Petição Sigilosa: 24114 Data: 04/03/2026, às 11:26:01",
Pet15198,03/03/2026,Juntada do mandado cumprido,MI nº 874/2026,
Pet15198,03/03/2026,Petição,"Petição Físico ou Sigiloso - Petição Sigilosa: 23307 Data: 03/03/2026, às 14:48:57",
Pet15198,03/03/2026,Petição,"Petição Físico ou Sigiloso - Petição Sigilosa: 23201 Data: 03/03/2026, às 12:10:58",
Pet15198,02/03/2026,Petição,"22875/2026 Data: 02/03/2026, às 17:56:08 PETV3",
Pet15198,02/03/2026,Petição,"22869/2026 Data: 02/03/2026, às 17:53:25 PETV3",
Pet15198,02/03/2026,Petição,"Petição Físico ou Sigiloso - Petição Sigilosa: 22887 Data: 02/03/2026, às 18:02:38",
Pet15198,02/03/2026,Conclusos ao(à) Relator(a),O processo foi encaminhado para análise do(a) ministro(a) responsável pelo caso.,
Pet15198,02/03/2026,Intimado eletronicamente,"A pessoa (o autor, o réu, o executado ou outro interessado) e/ou seu advogado receberam, por sistema eletrônico, a comunicação de uma decisão do processo. | Intimação | PROCURADOR-GERAL DA REPÚBLICA",15384508654
Pet15198,02/03/2026,"Publicação, DJE",Divulgado em 27/02/2026,
Pet15198,27/02/2026,Expedido(a),Um documento relacionado ao processo foi enviado. | Mandado de intimação despacho/decisão_SEJ,
Pet15198,27/02/2026,Expedido(a),Um documento relacionado ao processo foi enviado. | Comunica despacho/decisão _SEJ,
Pet15198,27/02/2026,Comunicação assinada,"Um documento relacionado ao processo, como um ofício ou um alvará, foi assinado. | Ofício 3929/2026. Comunica despacho/decisão _SEJ",
Pet15198,27/02/2026,Comunicação assinada,"Um documento relacionado ao processo, como um ofício ou um alvará, foi assinado. | Mandado 874/2026. Mandado de intimação despacho/decisão_SEJ",
Pet15198,27/02/2026,Certidão,Registro de acontecimentos relacionados ao processo. | Certifico a elaboração de 1 ofício eletrônico e 1 mandado de intimação. Decisão de 27.2.2026.,
Pet15198,27/02/2026,Vista à PGR para fins de intimação,O processo foi enviado à Procuradoria-Geral da República (Ministério Público Federal) para comunicação da decisão no processo. | Decisão monocrática,15384504968
Pet15198,27/02/2026,Deferido,Decisão monocrática | MIN. ANDRÉ MENDONÇA,15384504968
Pet15198,27/02/2026,Petição,21925/2026 - 27/02/2026 - (Via Malote Digital),
Pet15198,27/02/2026,Petição,"Petição Físico ou Sigiloso - Petição Sigilosa: 21704 Data: 27/02/2026, às 15:54:49",
Pet15198,26/02/2026,Petição,"Petição Físico ou Sigiloso - Petição Sigilosa: 21149 Data: 26/02/2026, às 18:28:35",
Pet15198,26/02/2026,Petição,"Petição Físico ou Sigiloso - Petição Sigilosa: 20776 Data: 26/02/2026, às 14:09:49",
Pet15198,25/02/2026,Petição,20469/2026 - 25/02/2026 - (Via Malote Digital),
Pet15198,25/02/2026,Petição,20375/2026 - 25/02/2026 -,
Pet15198,25/02/2026,Petição,"Petição Físico ou Sigiloso - Petição Sigilosa: 20377 Data: 25/02/2026, às 17:56:10",
Pet15198,25/02/2026,Petição,"Petição Físico ou Sigiloso - Petição Sigilosa: 20154 Data: 25/02/2026, às 14:25:32",
Pet15198,25/02/2026,Petição,"Petição Físico ou Sigiloso - Petição Sigilosa: 20045 Data: 25/02/2026, às 11:36:55",
Pet15198,24/02/2026,Certidão,Registro de acontecimentos relacionados ao processo. | CERTIDÃO SEJ - CUMPRIMENTO DA DECISÃO 19/02/2026 (b6546713) - ITEM 13,
Pet15198,24/02/2026,Petição,"Petição Físico ou Sigiloso - Petição Sigilosa: 19533 Data: 24/02/2026, às 16:04:55",
Pet15198,24/02/2026,Petição,"Petição Físico ou Sigiloso - Petição Sigilosa: 19381 Data: 24/02/2026, às 13:57:01",
Pet15198,24/02/2026,Petição,19282/2026 - 24/02/2026 -,
Pet15198,23/02/2026,Conclusos ao(à) Relator(a),O processo foi encaminhado para análise do(a) ministro(a) responsável pelo caso.,
Pet15198,23/02/2026,Petição,"18977/2026 Data: 23/02/2026, às 17:33:15 PETV3",
Pet15198,23/02/2026,Petição,"18094/2026 Data: 20/02/2026, às 18:39:14 PETV3",
Pet15198,23/02/2026,Petição,"Petição Físico ou Sigiloso - Petição Sigilosa: 18725 Data: 23/02/2026, às 15:05:59",
Pet15198,23/02/2026,Petição,"Petição Físico ou Sigiloso - Petição Sigilosa: 18642 Data: 23/02/2026, às 13:59:39",
Pet15198,23/02/2026,Petição,"Petição Físico ou Sigiloso - Petição Sigilosa: 18621 Data: 23/02/2026, às 13:38:42",
Pet15198,23/02/2026,Petição,"Petição Físico ou Sigiloso - Petição Sigilosa: 18571 Data: 23/02/2026, às 12:37:44",
Pet15198,21/02/2026,Petição,"Petição Físico ou Sigiloso - Petição Sigilosa: 18191 Data: 21/02/2026, às 10:02:39",
Pet15198,20/02/2026,Expedido(a),Um documento relacionado ao processo foi enviado. | Comunicação de despacho/decisão_Relator,
Pet15198,20/02/2026,Petição,"Petição Físico ou Sigiloso - Petição Sigilosa: 17829 Data: 20/02/2026, às 14:32:28",
Pet15198,20/02/2026,Comunicação assinada,"Um documento relacionado ao processo, como um ofício ou um alvará, foi assinado. | Ofício 3279/2026. Comunicação de despacho/decisão_Relator",
Pet15198,20/02/2026,Petição,"Petição Físico ou Sigiloso - Petição Sigilosa: 17678 Data: 20/02/2026, às 11:40:50",
Pet15198,20/02/2026,Petição,"Petição Físico ou Sigiloso - Petição Sigilosa: 17676 Data: 20/02/2026, às 11:39:45",
Pet15198,20/02/2026,Petição,"Petição Físico ou Sigiloso - Petição Sigilosa: 17673 Data: 20/02/2026, às 11:36:00",
Pet15198,20/02/2026,Petição,"Petição Físico ou Sigiloso - Petição Sigilosa: 17631 Data: 20/02/2026, às 10:42:32",
Pet15198,19/02/2026,Certidão,Registro de acontecimentos relacionados ao processo. | De elaboração de u m ofício eletrônico. Decisão de 19/2/2026.,
Pet15198,19/02/2026,Vista à PGR para fins de intimação,O processo foi enviado à Procuradoria-Geral da República (Ministério Público Federal) para comunicação da decisão no processo. | Despacho,15384176565
Pet15198,19/02/2026,Decisão (sigiloso),MIN. ANDRÉ MENDONÇA,
Pet15198,19/02/2026,Despacho,,
Pet15198,19/02/2026,Petição,"Petição Físico ou Sigiloso - Petição Sigilosa: 17469 Data: 19/02/2026, às 19:14:06",
Pet15198,19/02/2026,Petição,"Petição Físico ou Sigiloso - Petição Sigilosa: 17458 Data: 19/02/2026, às 19:02:28",
Pet15198,19/02/2026,Petição,"Petição Físico ou Sigiloso - Petição Sigilosa: 17475 Data: 19/02/2026, às 19:18:38",
Pet15198,19/02/2026,Petição,"Petição Físico ou Sigiloso - Petição Sigilosa: 17482 Data: 19/02/2026, às 19:22:57",
Pet15198,19/02/2026,Petição,"Petição Físico ou Sigiloso - Petição Sigilosa: 17284 Data: 19/02/2026, às 17:05:04",
Pet15198,19/02/2026,Petição,17256/2026 - 19/02/2026 -,
Pet15198,19/02/2026,Petição,"Petição Físico ou Sigiloso - Petição Sigilosa: 17050 Data: 19/02/2026, às 15:04:16",
Pet15198,18/02/2026,Petição,"16633/2026 Data: 18/02/2026, às 17:24:55 PETV3",
Pet15198,14/02/2026,Petição,"Petição Físico ou Sigiloso - Petição Sigilosa: 16057 Data: 14/02/2026, às 14:18:08",
Pet15198,14/02/2026,Intimado eletronicamente,"A pessoa (o autor, o réu, o executado ou outro interessado) e/ou seu advogado receberam, por sistema eletrônico, a comunicação de uma decisão do processo. | Intimação | PROCURADOR-GERAL DA REPÚBLICA. Intimação relativa a",15384094838
Pet15198,14/02/2026,Intimado eletronicamente,"A pessoa (o autor, o réu, o executado ou outro interessado) e/ou seu advogado receberam, por sistema eletrônico, a comunicação de uma decisão do processo. | Intimação | PROCURADOR-GERAL DA REPÚBLICA. Intimação relativa a",15384094837
Pet15198,14/02/2026,Intimado eletronicamente,"A pessoa (o autor, o réu, o executado ou outro interessado) e/ou seu advogado receberam, por sistema eletrônico, a comunicação de uma decisão do processo. | Intimação | PROCURADOR-GERAL DA REPÚBLICA. Intimação relativa a",15384094836
Pet15198,14/02/2026,Intimado eletronicamente,"A pessoa (o autor, o réu, o executado ou outro interessado) e/ou seu advogado receberam, por sistema eletrônico, a comunicação de uma decisão do processo. | Intimação | PROCURADOR-GERAL DA REPÚBLICA. Intimação relativa a",15384094835
Pet15198,14/02/2026,Intimado eletronicamente,"A pessoa (o autor, o réu, o executado ou outro interessado) e/ou seu advogado receberam, por sistema eletrônico, a comunicação de uma decisão do processo. | Intimação | PROCURADOR-GERAL DA REPÚBLICA. Intimação relativa a",15384094832
Pet15198,14/02/2026,Intimado eletronicamente,"A pessoa (o autor, o réu, o executado ou outro interessado) e/ou seu advogado receberam, por sistema eletrônico, a comunicação de uma decisão do processo. | Intimação | PROCURADOR-GERAL DA REPÚBLICA",15384094824
Pet15198,13/02/2026,Conclusos ao(à) Relator(a),O processo foi encaminhado para análise do(a) ministro(a) responsável pelo caso.,
Pet15198,13/02/2026,Redistribuído,"Um(a) novo(a) ministro(a) se tornou responsável pelo caso. | Certidão | MIN. ANDRÉ MENDONÇA. Prevenção do Relator/Sucessor: MIN. ANDRÉ MENDONÇA. Justificativa legal: RISTF, art. 69, caput. Processo que justifica: Inq 502",15384094191
Pet15198,13/02/2026,Despacho,,
Pet15198,13/02/2026,Conclusos à Presidência,O processo foi enviado para análise do(a) ministro(a) Presidente.,
Pet15198,13/02/2026,Remessa,da Petição nº 15766/2026 para PROCESSOS ORIGINÁRIOS CRIMINAIS,
Pet15198,13/02/2026,Petição,"Petição Físico ou Sigiloso - Petição Sigilosa: 15766 Data: 13/02/2026, às 15:28:16",
Pet15198,13/02/2026,Conclusos à Presidência,O processo foi enviado para análise do(a) ministro(a) Presidente.,
Pet15198,12/02/2026,Petição,"Petição Físico ou Sigiloso - Petição Sigilosa: 14965 Data: 12/02/2026, às 15:35:25",
Pet15198,12/02/2026,Certidão,Registro de acontecimentos relacionados ao processo. | Certidão - Autuada a PET 15.452,
Pet15198,12/02/2026,Remessa,da Petição nº 14443/2026 para PROCESSOS ORIGINÁRIOS CRIMINAIS,
Pet15198,11/02/2026,Petição,"Petição Físico ou Sigiloso - Petição Sigilosa: 14443 Data: 11/02/2026, às 19:05:37",
Pet15198,11/02/2026,Petição,"Petição Físico ou Sigiloso - Petição Sigilosa: 14349 Data: 11/02/2026, às 18:01:12",
Pet15198,11/02/2026,Despacho,,
Pet15198,11/02/2026,Petição,14054/2026 - 11/02/2026 - (Via Malote Digital),
Pet15198,11/02/2026,Remessa,da Petição nº 13953/2026 para PROCESSOS ORIGINÁRIOS CRIMINAIS,
Pet15198,11/02/2026,Petição,"Petição Físico ou Sigiloso - Petição Sigilosa: 13953 Data: 11/02/2026, às 11:26:00",
Pet15198,10/02/2026,Juntada,Comprovante de entrega (Ofício 875/2026),
Pet15198,10/02/2026,Conclusos ao(à) Relator(a),O processo foi encaminhado para análise do(a) ministro(a) responsável pelo caso.,
Pet15198,10/02/2026,Petição,13677/2026 - 10/02/2026 - (Via Malote Digital),
Pet15198,10/02/2026,Expedido(a),Um documento relacionado ao processo foi enviado. | Comunica despacho/decisão _SEJ,
Pet15198,10/02/2026,Remessa,da Petição nº 13486/2026 para PROCESSOS ORIGINÁRIOS CRIMINAIS,
Pet15198,10/02/2026,Petição,"Petição Físico ou Sigiloso - Petição Sigilosa: 13486 Data: 10/02/2026, às 15:54:52",
Pet15198,10/02/2026,Comunicação assinada,"Um documento relacionado ao processo, como um ofício ou um alvará, foi assinado. | Ofício 2131/2026. Comunica despacho/decisão _SEJ",
Pet15198,10/02/2026,Certidão,Registro de acontecimentos relacionados ao processo. | Certifico a elaboração de 1 ofício eletrônico. Despacho de 09/02/2026.,
Pet15198,10/02/2026,Certidão,"Registro de acontecimentos relacionados ao processo. | SUPREMO TRIBUNAL FEDERALCoordenadoria de Processamento InicialPET nº 15.198CERTIDÃOCertifico que, em cumprimento ao R. Despacho de 9/2/2026 (ID: 533ea",
Pet15198,10/02/2026,Petição,13318/2026 - 10/02/2026 -,
Pet15198,10/02/2026,Petição,13313/2026 - 10/02/2026 -,
Pet15198,09/02/2026,Intimado eletronicamente,"A pessoa (o autor, o réu, o executado ou outro interessado) e/ou seu advogado receberam, por sistema eletrônico, a comunicação de uma decisão do processo. | Intimação | PROCURADOR-GERAL DA REPÚBLICA",15383870458
Pet15198,09/02/2026,Vista à PGR para fins de intimação,O processo foi enviado à Procuradoria-Geral da República (Ministério Público Federal) para comunicação da decisão no processo. | Despacho,15383866985
Pet15198,09/02/2026,Despacho,em 09/02/2026,
Pet15198,09/02/2026,Conclusos ao(à) Relator(a),O processo foi encaminhado para análise do(a) ministro(a) responsável pelo caso.,
Pet15198,09/02/2026,Petição,"Petição Físico ou Sigiloso - Petição Sigilosa: 12559 Data: 09/02/2026, às 13:38:05",
Pet15198,08/02/2026,Petição,"Petição Físico ou Sigiloso - Petição Sigilosa: 12314 Data: 08/02/2026, às 18:55:15",
Pet15198,06/02/2026,Petição,"Petição Físico ou Sigiloso - Petição Sigilosa: 12094 Data: 06/02/2026, às 18:01:01",
Pet15198,06/02/2026,Remessa,da Petição nº 12023/2026 para GABINETE MINISTRO DIAS TOFFOLI,
Pet15198,06/02/2026,Remessa,da Petição nº 9616/2026 para GABINETE MINISTRO DIAS TOFFOLI,
Pet15198,06/02/2026,Remessa,da Petição nº 9256/2026 para GABINETE MINISTRO DIAS TOFFOLI,
Pet15198,06/02/2026,Remessa,da Petição nº 11937/2026 para GABINETE MINISTRO DIAS TOFFOLI,
Pet15198,06/02/2026,Petição,12023/2026 - 06/02/2026 -,
Pet15198,06/02/2026,Petição,"9616/2026 Data: 03/02/2026, às 14:35:08 PETV3",
Pet15198,06/02/2026,Petição,11937/2026 - 06/02/2026 - (Via Malote Digital),
Pet15198,06/02/2026,Petição,"9256/2026 Data: 02/02/2026, às 18:32:05 PETV3",
Pet15198,05/02/2026,Vista à PGR,O processo foi enviado à Procuradoria-Geral da República (Ministério Público Federal) para manifestação. | Vista à PGR,15383781187
Pet15198,05/02/2026,Despacho,em 04/02/2026,
Pet15198,02/02/2026,Petição,"Petição Físico ou Sigiloso - Petição Sigilosa: 9368 Data: 02/02/2026, às 20:40:41",
Pet15198,02/02/2026,Petição,"Petição Físico ou Sigiloso - Petição Sigilosa: 9238 Data: 02/02/2026, às 18:25:12",
Pet15198,02/02/2026,Intimado eletronicamente,"A pessoa (o autor, o réu, o executado ou outro interessado) e/ou seu advogado receberam, por sistema eletrônico, a comunicação de uma decisão do processo. | Intimação | PROCURADOR-GERAL DA REPÚBLICA",15383716041
Pet15198,02/02/2026,Petição,"Petição Físico ou Sigiloso - Petição Sigilosa: 9146 Data: 02/02/2026, às 17:45:41",
Pet15198,28/01/2026,Petição,"Petição Físico ou Sigiloso - Petição Sigilosa: 7606 Data: 28/01/2026, às 18:55:11",
Pet15198,28/01/2026,Petição,"Petição Físico ou Sigiloso - Petição Sigilosa: 7562 Data: 28/01/2026, às 17:57:43",
Pet15198,28/01/2026,Petição,"Petição Físico ou Sigiloso - Petição Sigilosa: 7323 Data: 28/01/2026, às 14:30:06",
Pet15198,28/01/2026,Comunicação assinada,"Um documento relacionado ao processo, como um ofício ou um alvará, foi assinado. | Ofício 875/2026. Determinação cumprimento despacho/decisão_SEJ",
Pet15198,28/01/2026,Petição,"Petição Físico ou Sigiloso - Petição Sigilosa: 7194 Data: 28/01/2026, às 08:32:16",
Pet15198,27/01/2026,Certidão,Registro de acontecimentos relacionados ao processo. | .,
Pet15198,27/01/2026,Vista à PGR para fins de intimação,O processo foi enviado à Procuradoria-Geral da República (Ministério Público Federal) para comunicação da decisão no processo. | Despacho,15383608581
Pet15198,27/01/2026,Despacho,20/1/2026,
Pet15198,27/01/2026,Petição,"Petição Físico ou Sigiloso - Petição Sigilosa: 6717 Data: 27/01/2026, às 12:12:43",
Pet15198,26/01/2026,Despacho,23/1/2026,
Pet15198,23/01/2026,Certidão,Registro de acontecimentos relacionados ao processo. | CERTIDÃO,
Pet15198,22/01/2026,Petição,"Petição Físico ou Sigiloso - Petição Sigilosa: 5214 Data: 22/01/2026, às 14:43:36",
Pet15198,22/01/2026,Petição,"Petição Físico ou Sigiloso - Petição Sigilosa: 5063 Data: 22/01/2026, às 10:42:51",
Pet15198,21/01/2026,Petição,"Petição Físico ou Sigiloso - Petição Sigilosa: 4964 Data: 21/01/2026, às 20:09:21",
Pet15198,21/01/2026,Remessa,da Petição nº 4212/2026 para GABINETE MINISTRO DIAS TOFFOLI,
Pet15198,20/01/2026,Petição,"Petição Físico ou Sigiloso - Petição Sigilosa: 4707 Data: 20/01/2026, às 20:50:37",
Pet15198,20/01/2026,Petição,"Petição Físico ou Sigiloso - Petição Sigilosa: 4705 Data: 20/01/2026, às 20:20:03",
Pet15198,20/01/2026,Petição,"Petição Físico ou Sigiloso - Petição Sigilosa: 4692 Data: 20/01/2026, às 19:13:32",
Pet15198,20/01/2026,Petição,"Petição Físico ou Sigiloso - Petição Sigilosa: 4627 Data: 20/01/2026, às 17:49:25",
Pet15198,20/01/2026,Petição,4212/2026 - 20/01/2026 - (Via Malote Digital),
Pet15198,20/01/2026,Petição,"Petição Físico ou Sigiloso - Petição Sigilosa: 4186 Data: 20/01/2026, às 11:20:19",
Pet15198,19/01/2026,Remessa,da Petição nº 3658/2026 para GABINETE MINISTRO DIAS TOFFOLI,
Pet15198,19/01/2026,Petição,"Petição Físico ou Sigiloso - Petição Sigilosa: 3868 Data: 19/01/2026, às 14:43:20",
Pet15198,19/01/2026,Petição,"Petição Físico ou Sigiloso - Petição Sigilosa: 3779 Data: 19/01/2026, às 11:27:16",
Pet15198,19/01/2026,Petição,"Petição Físico ou Sigiloso - Petição Sigilosa: 3765 Data: 19/01/2026, às 10:44:16",
Pet15198,19/01/2026,Petição,"Petição Físico ou Sigiloso - Petição Sigilosa: 3754 Data: 19/01/2026, às 09:55:23",
Pet15198,16/01/2026,Petição,"Petição Físico ou Sigiloso - Petição Sigilosa: 3678 Data: 16/01/2026, às 19:39:04",
Pet15198,16/01/2026,Petição,3658/2026 - 16/01/2026 - (Via Malote Digital),
Pet15198,16/01/2026,Remessa,da Petição nº 3500/2026 para GABINETE MINISTRO DIAS TOFFOLI,
Pet15198,16/01/2026,Petição,"Petição Físico ou Sigiloso - Petição Sigilosa: 3655 Data: 16/01/2026, às 18:24:30",
Pet15198,16/01/2026,Petição,"Petição Físico ou Sigiloso - Petição Sigilosa: 3584 Data: 16/01/2026, às 17:47:54",
Pet15198,16/01/2026,Petição,3500/2026 - 16/01/2026 -,
Pet15198,16/01/2026,Petição,"Petição Físico ou Sigiloso - Petição Sigilosa: 3402 Data: 16/01/2026, às 13:05:59",
Pet15198,16/01/2026,"Publicação, DJE",Divulgado em 15/01/2026,
Pet15198,16/01/2026,"Publicação, DJE",Divulgado em 15/01/2026,
Pet15198,15/01/2026,Petição,"Petição Físico ou Sigiloso - Petição Sigilosa: 3271 Data: 15/01/2026, às 23:29:40",
Pet15198,15/01/2026,Vista à PGR para fins de intimação,O processo foi enviado à Procuradoria-Geral da República (Ministério Público Federal) para comunicação da decisão no processo. | Decisão monocrática,15383424691
Pet15198,15/01/2026,Remessa,da Petição nº 3226/2026 para GABINETE MINISTRO DIAS TOFFOLI,
Pet15198,15/01/2026,Petição,3226/2026 - 15/01/2026 - (Via Malote Digital),
Pet15198,15/01/2026,Deferido,Decisão monocrática | MIN. DIAS TOFFOLI | 6/1/2026,15383424691
Pet15198,15/01/2026,Comunicação assinada,"Um documento relacionado ao processo, como um ofício ou um alvará, foi assinado. | Ofício 285/2026. Comunicação de despacho/decisão_Relator (DTO)",
Pet15198,15/01/2026,Certidão,Registro de acontecimentos relacionados ao processo. | .,
Pet15198,15/01/2026,Remessa,da Petição nº 2983/2026 para GABINETE MINISTRO DIAS TOFFOLI,
Pet15198,15/01/2026,Remessa,da Petição nº 3046/2026 para GABINETE MINISTRO DIAS TOFFOLI,
Pet15198,15/01/2026,Remessa,da Petição nº 3077/2026 para GABINETE MINISTRO DIAS TOFFOLI,
Pet15198,15/01/2026,Remessa,da Petição nº 3109/2026 para GABINETE MINISTRO DIAS TOFFOLI,
Pet15198,15/01/2026,Despacho,Despacho | MIN. DIAS TOFFOLI,15383533814
Pet15198,15/01/2026,Vista à PGR para fins de intimação,O processo foi enviado à Procuradoria-Geral da República (Ministério Público Federal) para comunicação da decisão no processo. | Despacho,15383533814
Pet15198,15/01/2026,Despacho,15/1/2026,
Pet15198,15/01/2026,Petição,3109/2026 - 15/01/2026 - (Via Malote Digital),
Pet15198,15/01/2026,Petição,3077/2026 - 15/01/2026 - (Via Malote Digital) 8ª Vara Criminal Federal de São Paulo - encaminha autos n. 5004641-31.2025.4.03.6181.,
Pet15198,15/01/2026,Petição,3046/2026 - 15/01/2026 - (Via Malote Digital) 8ª Vara Criminal Federal de São Paulo - encaminha autos n. 5009071-26.2025.4.03.6181.,
Pet15198,15/01/2026,Petição,2983/2026 - 15/01/2026 - (Via Malote Digital),
Pet15198,15/01/2026,Petição,"Petição Físico ou Sigiloso - Petição Sigilosa: 2976 Data: 15/01/2026, às 11:50:35",
Pet15198,15/01/2026,"Publicação, DJE",Divulgado em 14/01/2026,
Pet15198,15/01/2026,"Publicação, DJE",Divulgado em 14/01/2026,
Pet15198,15/01/2026,"Publicação, DJE",Divulgado em 14/01/2026,
Pet15198,14/01/2026,Petição,"Petição Físico ou Sigiloso - Petição Sigilosa: 2908 Data: 14/01/2026, às 23:53:38",
Pet15198,14/01/2026,Despacho,"Despacho | MIN. DIAS TOFFOLI | ""(...) Posto isso, defiro o pedido formulado pelo Procurador-Geral da República e determino que se oficie ao Diretor-Geral da Polícia Federal para as providências necessárias, autorizando, ",15383530141
Pet15198,14/01/2026,Petição,"Petição Físico ou Sigiloso - Petição Sigilosa: 2889 Data: 14/01/2026, às 19:57:39",
Pet15198,14/01/2026,Comunicação assinada,"Um documento relacionado ao processo, como um ofício ou um alvará, foi assinado. | Ofício 252/2026. Determinação cumprimento despacho/decisão_Relator (DTO)",
Pet15198,14/01/2026,Certidão,Registro de acontecimentos relacionados ao processo. | De elaboração de um ofício eletrônico. Despacho de 14/1/2026.,
Pet15198,14/01/2026,Vista à PGR para fins de intimação,O processo foi enviado à Procuradoria-Geral da República (Ministério Público Federal) para comunicação da decisão no processo. | Despacho,15383530141
Pet15198,14/01/2026,Determinada a diligência,Decisão monocrática | MIN. DIAS TOFFOLI,15383515166
Pet15198,14/01/2026,Despacho,Despacho | MIN. DIAS TOFFOLI,15383516335
Pet15198,14/01/2026,Vista à PGR para fins de intimação,O processo foi enviado à Procuradoria-Geral da República (Ministério Público Federal) para comunicação da decisão no processo. | Despacho,15383516335
Pet15198,14/01/2026,Despacho,em 14/01/2026,
Pet15198,14/01/2026,Determinada a diligência,em 13/01/2026,
Pet15198,14/01/2026,Petição,"Petição Físico ou Sigiloso - Petição Sigilosa: 2859 Data: 14/01/2026, às 18:30:26",
Pet15198,14/01/2026,Petição,"Petição Físico ou Sigiloso - Petição Sigilosa: 2854 Data: 14/01/2026, às 18:21:54",
Pet15198,14/01/2026,Petição,"Petição Físico ou Sigiloso - Petição Sigilosa: 2832 Data: 14/01/2026, às 17:43:39",
Pet15198,14/01/2026,Petição,"Petição Físico ou Sigiloso - Petição Sigilosa: 2785 Data: 14/01/2026, às 17:10:13",
Pet15198,14/01/2026,Petição,"Petição Físico ou Sigiloso - Petição Sigilosa: 2774 Data: 14/01/2026, às 16:53:51",
Pet15198,14/01/2026,Petição,"Petição Físico ou Sigiloso - Petição Sigilosa: 2769 Data: 14/01/2026, às 16:46:42",
Pet15198,14/01/2026,Petição,"Petição Físico ou Sigiloso - Petição Sigilosa: 2767 Data: 14/01/2026, às 16:42:55",
Pet15198,14/01/2026,Petição,"Petição Físico ou Sigiloso - Petição Sigilosa: 2765 Data: 14/01/2026, às 16:41:04",
Pet15198,14/01/2026,Petição,"Petição Físico ou Sigiloso - Petição Sigilosa: 2730 Data: 14/01/2026, às 16:21:36",
Pet15198,14/01/2026,Petição,"Petição Físico ou Sigiloso - Petição Sigilosa: 2725 Data: 14/01/2026, às 16:15:38",
Pet15198,14/01/2026,Petição,"Petição Físico ou Sigiloso - Petição Sigilosa: 2629 Data: 14/01/2026, às 13:56:11",
Pet15198,14/01/2026,Petição,"Petição Físico ou Sigiloso - Petição Sigilosa: 2600 Data: 14/01/2026, às 12:28:45",
Pet15198,14/01/2026,Petição,"Petição Físico ou Sigiloso - Petição Sigilosa: 2592 Data: 14/01/2026, às 11:48:43",
Pet15198,14/01/2026,Petição,"Petição Físico ou Sigiloso - Petição Sigilosa: 2591 Data: 14/01/2026, às 11:48:06",
Pet15198,14/01/2026,Petição,"Petição Físico ou Sigiloso - Petição Sigilosa: 2590 Data: 14/01/2026, às 11:43:30",
Pet15198,14/01/2026,Petição,"Petição Físico ou Sigiloso - Petição Sigilosa: 2576 Data: 14/01/2026, às 11:05:07",
Pet15198,14/01/2026,Petição,"Petição Físico ou Sigiloso - Petição Sigilosa: 2533 Data: 14/01/2026, às 09:58:42",
Pet15198,14/01/2026,Petição,"Petição Físico ou Sigiloso - Petição Sigilosa: 2523 Data: 14/01/2026, às 09:09:07",
Pet15198,14/01/2026,Petição,"Petição Físico ou Sigiloso - Petição Sigilosa: 2513 Data: 14/01/2026, às 05:48:32",
Pet15198,14/01/2026,Vista à PGR para fins de intimação,O processo foi enviado à Procuradoria-Geral da República (Ministério Público Federal) para comunicação da decisão no processo. | Decisão monocrática,15383515166
Pet15198,13/01/2026,Petição,"Petição Físico ou Sigiloso - Petição Sigilosa: 2495 Data: 13/01/2026, às 20:49:18",
Pet15198,13/01/2026,Comunicação assinada,"Um documento relacionado ao processo, como um ofício ou um alvará, foi assinado. | Ofício 183/2026. Envio de documentos_Relator (DTO)",
Pet15198,13/01/2026,Petição,"Petição Físico ou Sigiloso - Petição Sigilosa: 2475 Data: 13/01/2026, às 19:13:15",
Pet15198,13/01/2026,Lançamento indevido,13/01/2026 - Decisão (sigiloso) | Justificativa:,
Pet15198,13/01/2026,Decisão (sigiloso),MIN. DIAS TOFFOLI | em 12/01/2026,
Pet15198,13/01/2026,Petição,"Petição Físico ou Sigiloso - Petição Sigilosa: 2437 Data: 13/01/2026, às 18:22:20",
Pet15198,13/01/2026,Petição,"Petição Físico ou Sigiloso - Petição Sigilosa: 2408 Data: 13/01/2026, às 17:41:08",
Pet15198,13/01/2026,Decisão (sigiloso),MIN. DIAS TOFFOLI | em 13/01/2026,
Pet15198,13/01/2026,Petição,"Petição Físico ou Sigiloso - Petição Sigilosa: 2294 Data: 13/01/2026, às 15:16:19",
Pet15198,12/01/2026,Petição,"Petição Físico ou Sigiloso - Petição Sigilosa: 2000 Data: 12/01/2026, às 21:28:11",
Pet15198,12/01/2026,Petição,"Petição Físico ou Sigiloso - Petição Sigilosa: 1972 Data: 12/01/2026, às 19:15:55",
Pet15198,12/01/2026,Despacho,,
Pet15198,08/01/2026,Vista à PGR para fins de intimação,O processo foi enviado à Procuradoria-Geral da República (Ministério Público Federal) para comunicação da decisão no processo. | Decisão monocrática,15383446734
Pet15198,08/01/2026,Decisão (sigiloso),MIN. DIAS TOFFOLI,
Pet15198,08/01/2026,Conclusos ao(à) Relator(a),O processo foi encaminhado para análise do(a) ministro(a) responsável pelo caso.,
Pet15198,08/01/2026,Petição,"Petição Físico ou Sigiloso - Petição Sigilosa: 733 Data: 08/01/2026, às 08:18:34",
Pet15198,06/01/2026,Conclusos ao(à) Relator(a),O processo foi encaminhado para análise do(a) ministro(a) responsável pelo caso.,
Pet15198,06/01/2026,Juntada,"de documentação, em cumprimento ao despacho de 06/01/2025",
Pet15198,06/01/2026,Petição,"Petição Físico ou Sigiloso - Petição Sigilosa: 284 Data: 06/01/2026, às 09:45:09",
Pet15198,05/01/2026,Conclusos ao(à) Relator(a),O processo foi encaminhado para análise do(a) ministro(a) responsável pelo caso.,
Pet15198,05/01/2026,Petição,"Petição Físico ou Sigiloso - Petição Sigilosa: 260 Data: 05/01/2026, às 19:03:53",
Pet15198,23/12/2025,Vista à PGR,O processo foi enviado à Procuradoria-Geral da República (Ministério Público Federal) para manifestação. | Vista à PGR,15383394630
Pet15198,23/12/2025,Despacho,,
Pet15198,22/12/2025,Conclusos ao(à) Relator(a),O processo foi encaminhado para análise do(a) ministro(a) responsável pelo caso.,
Pet15198,22/12/2025,Distribuído por prevenção,"O processo foi enviado para o(a) ministro(a) que já julgou outro processo ou recurso relacionado ao caso. | Certidão | MIN. DIAS TOFFOLI. Prevenção do Relator/Sucessor: MIN. DIAS TOFFOLI. Justificativa legal: RISTF, art.",15383385949
Pet15198,22/12/2025,Autuado,O processo recebeu uma numeração e uma classificação. É a identidade do processo.,
Pet15198,22/12/2025,Protocolado,"Petição Inicial (nº 183762) recebida em 22/12/2025, às 15:09:01",
Pet15478,30/07/2026,Conclusos ao(à) Relator(a),O processo foi encaminhado para análise do(a) ministro(a) responsável pelo caso.,
Pet15478,30/07/2026,Certidão,Registro de acontecimentos relacionados ao processo. | de informações não recebidas,
Pet15478,20/07/2026,Petição,"91836/2026 Data: 17/07/2026, às 15:30:36 PETV3",
Pet15478,17/07/2026,Petição,91839/2026 - 17/07/2026 -,
Pet15478,17/07/2026,Certidão,"Registro de acontecimentos relacionados ao processo. | Certifico que não se inseriu nas peças digitais deste processo, o conteúdo da mídia que acompanhou o protocolo 90427/2026, pois é incompatível com o s",
Pet15478,15/07/2026,Petição,90427/2026 - 15/07/2026 -,
Pet15478,14/07/2026,Petição,"90112/2026 Data: 13/07/2026, às 18:27:42 PETV3",
Pet15478,13/07/2026,Petição,90100/2026 - 13/07/2026 -,
Pet15478,10/07/2026,Intimado eletronicamente,"A pessoa (o autor, o réu, o executado ou outro interessado) e/ou seu advogado receberam, por sistema eletrônico, a comunicação de uma decisão do processo. | Intimação | PROCURADOR-GERAL DA REPÚBLICA",15388735550
Pet15478,03/07/2026,Petição,"Petição Físico ou Sigiloso - Petição Sigilosa: 86411 Data: 03/07/2026, às 05:58:02",
Pet15478,30/06/2026,Vista à PGR para fins de intimação,O processo foi enviado à Procuradoria-Geral da República (Ministério Público Federal) para comunicação da decisão no processo. | Decisão monocrática,15388237255
Pet15478,26/06/2026,Expedido(a),Um documento relacionado ao processo foi enviado. | Determinação de diligências_Relator,
Pet15478,26/06/2026,Expedido(a),Um documento relacionado ao processo foi enviado. | Determinação de diligências_Relator,
Pet15478,26/06/2026,Expedido(a),Um documento relacionado ao processo foi enviado. | Comunicação de despacho/decisão_Relator,
Pet15478,26/06/2026,Expedido(a),Um documento relacionado ao processo foi enviado. | Determinação de diligências_Relator,
Pet15478,26/06/2026,Comunicação assinada,"Um documento relacionado ao processo, como um ofício ou um alvará, foi assinado. | Ofício 14891/2026. Comunicação de despacho/decisão_Relator",
Pet15478,26/06/2026,Comunicação assinada,"Um documento relacionado ao processo, como um ofício ou um alvará, foi assinado. | Ofício 14832/2026. Determinação de diligências_Relator",
Pet15478,26/06/2026,Comunicação assinada,"Um documento relacionado ao processo, como um ofício ou um alvará, foi assinado. | Ofício 14870/2026. Determinação de diligências_Relator",
Pet15478,26/06/2026,Comunicação assinada,"Um documento relacionado ao processo, como um ofício ou um alvará, foi assinado. | Ofício 14820/2026. Determinação de diligências_Relator",
Pet15478,23/06/2026,Certidão,Registro de acontecimentos relacionados ao processo. | Certifico a elaboração de 4 (quatro) ofícios eletrônicos. Decisão de 22.06.2026.,
Pet15478,22/06/2026,Decisão (sigiloso),Decisão monocrática | MIN. ANDRÉ MENDONÇA,15388237255
Pet15478,14/03/2026,Conclusos ao(à) Relator(a),O processo foi encaminhado para análise do(a) ministro(a) responsável pelo caso.,
Pet15478,14/03/2026,Petição,"Petição Físico ou Sigiloso - Petição Sigilosa: 31598 Data: 14/03/2026, às 14:19:04",
Pet15478,24/02/2026,Vista à PGR,O processo foi enviado à Procuradoria-Geral da República (Ministério Público Federal) para manifestação. | Vista à PGR,15384375714
Pet15478,24/02/2026,Despacho,em 24/02/2026,
Pet15478,24/02/2026,Conclusos ao(à) Relator(a),O processo foi encaminhado para análise do(a) ministro(a) responsável pelo caso.,
Pet15478,24/02/2026,Juntada,"de cópia da decisão proferida na PET 15.198, em cumprimento de decisão.",
Pet15478,18/02/2026,Conclusos ao(à) Relator(a),O processo foi encaminhado para análise do(a) ministro(a) responsável pelo caso.,
Pet15478,18/02/2026,Distribuído por prevenção,"O processo foi enviado para o(a) ministro(a) que já julgou outro processo ou recurso relacionado ao caso. | Certidão | MIN. ANDRÉ MENDONÇA. Prevenção do Relator/Sucessor: MIN. ANDRÉ MENDONÇA. Justificativa legal: RISTF, ",15384132136
Pet15478,18/02/2026,Autuado,O processo recebeu uma numeração e uma classificação. É a identidade do processo.,
Pet15478,18/02/2026,Protocolado,"Petição Inicial (nº 16343) recebida em 18/02/2026, às 13:08:24",
Pet15504,08/09/2026,Certidão,"Registro de acontecimentos relacionados ao processo. | Certidão | Certifico que retifiquei a autuação para incluir os novos advogados do Requerido, nos termos da Petição n. 107087/2026 (e-doc 85 a 88, ID ebc87a2c, 12",15390183550
Pet15504,04/09/2026,Autos disponibilizados à autoridade policial,Termo de disponibilização de autos,15390146429
Pet15504,04/09/2026,Despacho,"Despacho | MIN. ANDRÉ MENDONÇA | ""A autoridade policial requer a prorrogação de prazo para a realização de diligências complementares que reputa imprescindíveis | para a ultimação das investigações (e-Doc. 91).",15390146247
Pet15504,01/09/2026,Petição,"Petição Físico ou Sigiloso - Petição Sigilosa: 110452 Data: 01/09/2026, às 15:34:56",
Pet15504,26/08/2026,Petição,"Petição Físico ou Sigiloso - Petição Sigilosa: 107532 Data: 26/08/2026, às 14:52:32",
Pet15504,25/08/2026,Petição,"Petição Físico ou Sigiloso - Petição Sigilosa: 107087 Data: 25/08/2026, às 17:52:34",
Pet15504,17/08/2026,Petição,"Petição Físico ou Sigiloso - Petição Sigilosa: 103105 Data: 17/08/2026, às 15:59:30",
Pet15504,15/08/2026,Vista à PGR,O processo foi enviado à Procuradoria-Geral da República (Ministério Público Federal) para manifestação. | Vista à PGR,15389292595
Pet15504,15/08/2026,Despacho,"Despacho | MIN. ANDRÉ MENDONÇA | "" Abra-se vista à Procuradoria-Geral da República, para | manifestação sobre o pedido formulado por Paulo Sérgio Neves de Souza",15389292064
Pet15504,13/08/2026,Conclusos ao(à) Relator(a),O processo foi encaminhado para análise do(a) ministro(a) responsável pelo caso.,
Pet15504,12/08/2026,Petição,"Petição Físico ou Sigiloso - Petição Sigilosa: 101134 Data: 12/08/2026, às 14:51:23",
Pet15504,31/07/2026,Petição,"Petição Físico ou Sigiloso - Petição Sigilosa: 96803 Data: 31/07/2026, às 17:30:11",
Pet15504,24/07/2026,Intimado eletronicamente,"A pessoa (o autor, o réu, o executado ou outro interessado) e/ou seu advogado receberam, por sistema eletrônico, a comunicação de uma decisão do processo. | Intimação | PROCURADOR-GERAL DA REPÚBLICA",15388902133
Pet15504,14/07/2026,Vista à PGR para fins de intimação,O processo foi enviado à Procuradoria-Geral da República (Ministério Público Federal) para comunicação da decisão no processo. | Despacho,15388786973
Pet15504,14/07/2026,Autos disponibilizados à autoridade policial,Termo de disponibilização de autos | Sem Descrição,15388791735
Pet15504,14/07/2026,Despacho,Despacho | MIN. ANDRÉ MENDONÇA,15388786973
Pet15504,07/07/2026,Petição,"Petição Físico ou Sigiloso - Petição Sigilosa: 87850 Data: 07/07/2026, às 12:14:02",
Pet15504,15/06/2026,Petição,"Petição Físico ou Sigiloso - Petição Sigilosa: 77983 Data: 15/06/2026, às 07:50:41",
Pet15504,29/05/2026,Conclusos ao(à) Relator(a),O processo foi encaminhado para análise do(a) ministro(a) responsável pelo caso.,
Pet15504,29/05/2026,Certidão,"Registro de acontecimentos relacionados ao processo. | Certifico que foi retificada a autuação para inclusão do advogado do Requerido, nos termos da Petição n. 68452/2026 (e-doc 36 a 37, ID 3ebedc96,9d932c",
Pet15504,22/05/2026,Petição,"Petição Físico ou Sigiloso - Petição Sigilosa: 68452 Data: 22/05/2026, às 17:36:16",
Pet15504,21/05/2026,Petição,"Petição Físico ou Sigiloso - Petição Sigilosa: 67577 Data: 21/05/2026, às 14:51:39",
Pet15504,21/05/2026,Certidão,Registro de acontecimentos relacionados ao processo. | CERTIDÃO DE RETIFICAÇÃO DE AUTUAÇÃO,
Pet15504,19/05/2026,Petição,"Petição Físico ou Sigiloso - Petição Sigilosa: 66004 Data: 19/05/2026, às 11:18:33",
Pet15504,18/05/2026,Petição,"Petição Físico ou Sigiloso - Petição Sigilosa: 65627 Data: 18/05/2026, às 17:33:05",
Pet15504,11/05/2026,Petição,"Petição Físico ou Sigiloso - Petição Sigilosa: 62007 Data: 11/05/2026, às 19:34:08",
Pet15504,11/05/2026,Certidão,Registro de acontecimentos relacionados ao processo. | CERTIDÃO DE RETIFICAÇÃO DE AUTUAÇÃO,
Pet15504,11/05/2026,Intimado eletronicamente,"A pessoa (o autor, o réu, o executado ou outro interessado) e/ou seu advogado receberam, por sistema eletrônico, a comunicação de uma decisão do processo. | Intimação | PROCURADOR-GERAL DA REPÚBLICA",15386919042
Pet15504,07/05/2026,Petição,"Petição Físico ou Sigiloso - Petição Sigilosa: 60106 Data: 07/05/2026, às 16:47:17",
Pet15504,05/05/2026,Petição,"Petição Físico ou Sigiloso - Petição Sigilosa: 58645 Data: 05/05/2026, às 16:55:58",
Pet15504,30/04/2026,Autos disponibilizados à autoridade policial,Termo de disponibilização de autos,15386617538
Pet15504,30/04/2026,Vista à PGR para fins de intimação,O processo foi enviado à Procuradoria-Geral da República (Ministério Público Federal) para comunicação da decisão no processo. | Despacho,15386615212
Pet15504,30/04/2026,Despacho,Despacho | MIN. ANDRÉ MENDONÇA | 30/04/2026,15386615212
Pet15504,30/03/2026,Conclusos ao(à) Relator(a),O processo foi encaminhado para análise do(a) ministro(a) responsável pelo caso.,
Pet15504,30/03/2026,Petição,"Petição Físico ou Sigiloso - Petição Sigilosa: 40731 Data: 30/03/2026, às 18:38:42",
Pet15504,28/03/2026,Vista à PGR,O processo foi enviado à Procuradoria-Geral da República (Ministério Público Federal) para manifestação. | Vista à PGR,15385532330
Pet15504,28/03/2026,Decisão (sigiloso),MIN. ANDRÉ MENDONÇA | em 27/03/2026,
Pet15504,20/03/2026,Petição,"Petição Físico ou Sigiloso - Petição Sigilosa: 35385 Data: 20/03/2026, às 10:52:14",
Pet15504,17/03/2026,Petição,"Petição Físico ou Sigiloso - Petição Sigilosa: 33364 Data: 17/03/2026, às 20:44:55",
Pet15504,17/03/2026,Petição,"Petição Físico ou Sigiloso - Petição Sigilosa: 32843 Data: 17/03/2026, às 13:29:42",
Pet15504,23/02/2026,Conclusos ao(à) Relator(a),O processo foi encaminhado para análise do(a) ministro(a) responsável pelo caso.,
Pet15504,23/02/2026,Distribuído por prevenção,"O processo foi enviado para o(a) ministro(a) que já julgou outro processo ou recurso relacionado ao caso. | Certidão | MIN. ANDRÉ MENDONÇA. Prevenção do Relator/Sucessor: MIN. ANDRÉ MENDONÇA. Justificativa legal: RISTF, ",15384303840
Pet15504,23/02/2026,Autuado,O processo recebeu uma numeração e uma classificação. É a identidade do processo.,
Pet15504,23/02/2026,Protocolado,"Petição Inicial (nº 18463) recebida em 23/02/2026, às 09:31:30",
Pet15556,11/09/2026,Remessa,da Petição nº 114945/2026 para GABINETE MINISTRO ANDRÉ MENDONÇA,
Pet15556,11/09/2026,Petição,"Manifestação - Petição: 114945 Data: 11/09/2026, às 14:24:59",
Pet15556,11/09/2026,Remessa,da Petição nº 114782/2026 para GABINETE MINISTRO ANDRÉ MENDONÇA,
Pet15556,11/09/2026,Certidão,Registro de acontecimentos relacionados ao processo. | Certidão | de retificação de autuação,15390333034
Pet15556,11/09/2026,Petição,"Manifestação - Petição: 114782 Data: 11/09/2026, às 10:53:37",
Pet15556,09/09/2026,Petição,"Petição Físico ou Sigiloso - Petição Sigilosa: 114070 Data: 09/09/2026, às 22:15:37",
Pet15556,08/09/2026,Petição,112941/2026 - 08/09/2026 - (Via Malote Digital),
Pet15556,04/09/2026,Petição,"Petição Físico ou Sigiloso - Petição Sigilosa: 112079 Data: 04/09/2026, às 07:55:35",
Pet15556,03/09/2026,Petição,"Petição Físico ou Sigiloso - Petição Sigilosa: 111643 Data: 03/09/2026, às 13:44:09",
Pet15556,28/08/2026,Vista à PGR,O processo foi enviado à Procuradoria-Geral da República (Ministério Público Federal) para manifestação. | Vista à PGR,15389821974
Pet15556,27/08/2026,Petição,,
Pet15556,26/08/2026,Vista à PGR,O processo foi enviado à Procuradoria-Geral da República (Ministério Público Federal) para manifestação. | Vista à PGR,15389660240
Pet15556,26/08/2026,Despacho,Despacho | MIN. ANDRÉ MENDONÇA | Em 25/08/2026,15389657076
Pet15556,25/08/2026,Petição,"Petição Físico ou Sigiloso - Petição Sigilosa: 107089 Data: 25/08/2026, às 17:54:53",
Pet15556,20/08/2026,Conclusos ao(à) Relator(a),O processo foi encaminhado para análise do(a) ministro(a) responsável pelo caso.,
Pet15556,20/08/2026,Petição,"Petição Físico ou Sigiloso - Petição Sigilosa: 105226 Data: 20/08/2026, às 22:34:26",
Pet15556,18/08/2026,Petição,"Petição Físico ou Sigiloso - Petição Sigilosa: 104048 Data: 18/08/2026, às 23:47:26",
Pet15556,18/08/2026,Petição,"Petição Físico ou Sigiloso - Petição Sigilosa: 103553 Data: 18/08/2026, às 13:31:00",
Pet15556,18/08/2026,Petição,103464/2026 - 18/08/2026 - (Via Malote Digital),
Pet15556,17/08/2026,Petição,"Petição Físico ou Sigiloso - Petição Sigilosa: 103113 Data: 17/08/2026, às 16:01:47",
Pet15556,17/08/2026,Petição,"Petição Físico ou Sigiloso - Petição Sigilosa: 103108 Data: 17/08/2026, às 16:00:58",
Pet15556,15/08/2026,Vista à PGR,O processo foi enviado à Procuradoria-Geral da República (Ministério Público Federal) para manifestação. | Vista à PGR,15389292598
Pet15556,15/08/2026,Despacho,"Despacho | MIN. ANDRÉ MENDONÇA | ""Abra-se vista à Procuradoria-Geral da República, para | manifestação sobre o pedido formulado por FABIANO CAMPOS",15389292065
Pet15556,15/08/2026,Certidão,Registro de acontecimentos relacionados ao processo. | Certidão | de retificação de autuação,15389292597
Pet15556,13/08/2026,Petição,"Petição Físico ou Sigiloso - Petição Sigilosa: 101706 Data: 13/08/2026, às 13:52:01",
Pet15556,07/08/2026,Petição,"Petição Físico ou Sigiloso - Petição Sigilosa: 99686 Data: 07/08/2026, às 15:42:34",
Pet15556,06/08/2026,Juntada do mandado cumprido,MI n. 4639/2026,
Pet15556,06/08/2026,Intimado eletronicamente,"A pessoa (o autor, o réu, o executado ou outro interessado) e/ou seu advogado receberam, por sistema eletrônico, a comunicação de uma decisão do processo. | Intimação | PROCURADOR-GERAL DA REPÚBLICA",15389036992
Pet15556,05/08/2026,Petição,"Petição Físico ou Sigiloso - Petição Sigilosa: 98754 Data: 05/08/2026, às 22:29:12",
Pet15556,04/08/2026,Juntada do mandado cumprido,MI 4557/2026,
Pet15556,03/08/2026,Conclusos ao(à) Relator(a),O processo foi encaminhado para análise do(a) ministro(a) responsável pelo caso.,
Pet15556,02/08/2026,Expedido(a),Um documento relacionado ao processo foi enviado. | Mandado de intimação despacho/decisão_SEJ,
Pet15556,31/07/2026,Juntada do mandado sem cumprimento,4556/2026,
Pet15556,30/07/2026,Juntada do mandado cumprido,4555/2026,
Pet15556,29/07/2026,Petição,"Petição Físico ou Sigiloso - Petição Sigilosa: 96002 Data: 29/07/2026, às 19:16:26",
Pet15556,29/07/2026,Comunicação assinada,"Um documento relacionado ao processo, como um ofício ou um alvará, foi assinado. | Mandado 4639/2026. Mandado de intimação despacho/decisão_SEJ",
Pet15556,29/07/2026,Certidão,Registro de acontecimentos relacionados ao processo. | Certifico a reelaboração de 1 mandado de intimação. Decisão de 24.07.2026.,
Pet15556,29/07/2026,Expedido(a),Um documento relacionado ao processo foi enviado. | Mandado de intimação despacho/decisão_SEJ,
Pet15556,28/07/2026,Expedido(a),Um documento relacionado ao processo foi enviado. | Comunica despacho/decisão _SEJ,
Pet15556,28/07/2026,Comunicação assinada,"Um documento relacionado ao processo, como um ofício ou um alvará, foi assinado. | Ofício 17432/2026. Comunica despacho/decisão _SEJ",
Pet15556,28/07/2026,Expedido(a),Um documento relacionado ao processo foi enviado. | Mandado de intimação - AGU_SEJ,
Pet15556,28/07/2026,Autos disponibilizados à autoridade policial,Termo de disponibilização de autos,15388928807
Pet15556,28/07/2026,Despacho,"Despacho | MIN. ANDRÉ MENDONÇA | ""(...) 1. Abra-se vista à autoridade policial para manifestação sobre a | viabilidade do pedido de espelhamento de dispositivos eletrônicos",15388926913
Pet15556,28/07/2026,Certidão,Registro de acontecimentos relacionados ao processo. | Certifico a elaboração de 1 ofício. Decisão de 24/07/2026.,
Pet15556,27/07/2026,Expedido(a),Um documento relacionado ao processo foi enviado. | Mandado de intimação despacho/decisão_SEJ,
Pet15556,27/07/2026,Vista à PGR para fins de intimação,O processo foi enviado à Procuradoria-Geral da República (Ministério Público Federal) para comunicação da decisão no processo. | Decisão monocrática,15388907205
Pet15556,27/07/2026,Decisão (sigiloso),Decisão monocrática | MIN. ANDRÉ MENDONÇA | Em 24/07/2026,15388907205
Pet15556,27/07/2026,Expedido(a),Um documento relacionado ao processo foi enviado. | Comunica despacho/decisão _SEJ,
Pet15556,27/07/2026,Expedido(a),Um documento relacionado ao processo foi enviado. | Comunica despacho/decisão _SEJ,
Pet15556,27/07/2026,Comunicação assinada,"Um documento relacionado ao processo, como um ofício ou um alvará, foi assinado. | Mandado 4555/2026. Mandado de intimação - AGU_SEJ",
Pet15556,27/07/2026,Comunicação assinada,"Um documento relacionado ao processo, como um ofício ou um alvará, foi assinado. | Mandado 4556/2026. Mandado de intimação despacho/decisão_SEJ",
Pet15556,27/07/2026,Comunicação assinada,"Um documento relacionado ao processo, como um ofício ou um alvará, foi assinado. | Ofício 17429/2026. Comunica despacho/decisão _SEJ",
Pet15556,27/07/2026,Comunicação assinada,"Um documento relacionado ao processo, como um ofício ou um alvará, foi assinado. | Ofício 17428/2026. Comunica despacho/decisão _SEJ",
Pet15556,27/07/2026,Comunicação assinada,"Um documento relacionado ao processo, como um ofício ou um alvará, foi assinado. | Mandado 4557/2026. Mandado de intimação despacho/decisão_SEJ",
Pet15556,27/07/2026,Certidão,Registro de acontecimentos relacionados ao processo. | Certifico a elaboração de 2 mandados de intimação e 2 ofícios. Decisão de 24/07/2026.,
Pet15556,27/07/2026,Certidão,Registro de acontecimentos relacionados ao processo. | Certifico a elaboração de 1 mandado de intimação. Decisão de 23/07/2026.,
Pet15556,25/07/2026,Remessa,Para Comunicações,
Pet15556,24/07/2026,Petição,94550/2026 - 24/07/2026 -,
Pet15556,24/07/2026,Petição,94428/2026 - 24/07/2026 -,
Pet15556,24/07/2026,Decisão (sigiloso),"Decisão monocrática | MIN. ANDRÉ MENDONÇA | ""(...) 10. Ante o exposto, acolho o parecer da Procuradoria-Geral da | República para indeferir os pedidos formulados por Fabiano Campos Zettel (Petição nº 41003/2026, e-Doc. 2",15388907003
Pet15556,24/07/2026,Decisão (sigiloso),"Decisão monocrática | MIN. ANDRÉ MENDONÇA | ""(...) 18. Ante o exposto, defiro o pedido formulado pela CVM para: (i) autorizar a realização de oitiva do investigado, | presencialmente ou por meio de vídeo conferência,",15388906633
Pet15556,23/07/2026,Intimado eletronicamente,"A pessoa (o autor, o réu, o executado ou outro interessado) e/ou seu advogado receberam, por sistema eletrônico, a comunicação de uma decisão do processo. | Intimação | PROCURADOR-GERAL DA REPÚBLICA",15388891021
Pet15556,22/07/2026,Petição,"Petição Físico ou Sigiloso - Petição Sigilosa: 93688 Data: 22/07/2026, às 19:21:13",
Pet15556,21/07/2026,Petição,"Petição Físico ou Sigiloso - Petição Sigilosa: 93185 Data: 21/07/2026, às 18:47:53",
Pet15556,20/07/2026,Conclusos ao(à) Relator(a),O processo foi encaminhado para análise do(a) ministro(a) responsável pelo caso.,
Pet15556,20/07/2026,Remessa,Para Procr.,
Pet15556,20/07/2026,Certidão,Registro de acontecimentos relacionados ao processo. | Cumprimento de despacho SEJ/CPIN - autuação da PET 16440 e da PET 16441,
Pet15556,14/07/2026,Petição,90430/2026 - 14/07/2026 -,
Pet15556,13/07/2026,Vista à PGR para fins de intimação,O processo foi enviado à Procuradoria-Geral da República (Ministério Público Federal) para comunicação da decisão no processo. | Despacho,15388766392
Pet15556,13/07/2026,Despacho,"Despacho | MIN. ANDRÉ MENDONÇA | ""(...) 6. Por isso, buscando preservar o bom andamento deste | procedimento, bem como dos pedidos especificamente formulados no",15388766392
Pet15556,01/07/2026,Vista à PGR,O processo foi enviado à Procuradoria-Geral da República (Ministério Público Federal) para manifestação. | Vista à PGR,15388457540
Pet15556,01/07/2026,Despacho,Despacho | MIN. ANDRÉ MENDONÇA | Em 30/06/2026,15388454431
Pet15556,19/06/2026,Conclusos ao(à) Relator(a),O processo foi encaminhado para análise do(a) ministro(a) responsável pelo caso.,
Pet15556,19/06/2026,Juntada do mandado cumprido,MI nº 3369/2026,
Pet15556,15/06/2026,Expedido(a),Um documento relacionado ao processo foi enviado. | Mandado de intimação despacho/decisão_SEJ,
Pet15556,15/06/2026,Petição,"Petição Físico ou Sigiloso - Petição Sigilosa: 77984 Data: 15/06/2026, às 07:51:35",
Pet15556,12/06/2026,Conclusos ao(à) Relator(a),O processo foi encaminhado para análise do(a) ministro(a) responsável pelo caso.,
Pet15556,12/06/2026,Juntada do mandado cumprido,Ciente em 8/6/26. MI 3460/2026.,
Pet15556,10/06/2026,Petição,"Petição Físico ou Sigiloso - Petição Sigilosa: 76384 Data: 10/06/2026, às 14:11:41",
Pet15556,10/06/2026,Petição,"Petição Físico ou Sigiloso - Petição Sigilosa: 76219 Data: 10/06/2026, às 10:21:58",
Pet15556,09/06/2026,Juntada do mandado cumprido,"MI 3367/2026, ciente em 1º/6/26.",
Pet15556,08/06/2026,Expedido(a),Um documento relacionado ao processo foi enviado. | Mandado de intimação despacho/decisão_SEJ,
Pet15556,04/06/2026,Intimado eletronicamente,"A pessoa (o autor, o réu, o executado ou outro interessado) e/ou seu advogado receberam, por sistema eletrônico, a comunicação de uma decisão do processo. | Intimação | PROCURADOR-GERAL DA REPÚBLICA",15387769491
Pet15556,04/06/2026,Intimado eletronicamente,"A pessoa (o autor, o réu, o executado ou outro interessado) e/ou seu advogado receberam, por sistema eletrônico, a comunicação de uma decisão do processo. | Intimação | PROCURADOR-GERAL DA REPÚBLICA",15387769490
Pet15556,04/06/2026,Intimado eletronicamente,"A pessoa (o autor, o réu, o executado ou outro interessado) e/ou seu advogado receberam, por sistema eletrônico, a comunicação de uma decisão do processo. | Intimação | PROCURADOR-GERAL DA REPÚBLICA",15387769489
Pet15556,03/06/2026,Expedido(a),Um documento relacionado ao processo foi enviado. | Determinação cumprimento despacho/decisão_SEJ,
Pet15556,03/06/2026,Comunicação assinada,"Um documento relacionado ao processo, como um ofício ou um alvará, foi assinado. | Ofício 13381/2026. Determinação cumprimento despacho/decisão_SEJ",
Pet15556,03/06/2026,Comunicação assinada,"Um documento relacionado ao processo, como um ofício ou um alvará, foi assinado. | Mandado 3460/2026. Mandado de intimação despacho/decisão_SEJ",
Pet15556,03/06/2026,Certidão,Registro de acontecimentos relacionados ao processo. | Certifico a elaboração de 1 ofício eletrônico e 1 mandado de intimação. Decisão de 03.06.2026.,
Pet15556,03/06/2026,Vista à PGR para fins de intimação,O processo foi enviado à Procuradoria-Geral da República (Ministério Público Federal) para comunicação da decisão no processo. | Decisão monocrática,15387765785
Pet15556,03/06/2026,Decisão (sigiloso),Decisão monocrática | MIN. ANDRÉ MENDONÇA | 3/6/2026,15387765785
Pet15556,02/06/2026,Expedido(a),Um documento relacionado ao processo foi enviado. | Mandado de intimação despacho/decisão_SEJ,
Pet15556,01/06/2026,Petição,"Petição Físico ou Sigiloso - Petição Sigilosa: 73108 Data: 01/06/2026, às 23:45:07",
Pet15556,01/06/2026,Petição,"Petição Físico ou Sigiloso - Petição Sigilosa: 73107 Data: 01/06/2026, às 23:44:37",
Pet15556,01/06/2026,Expedido(a),Um documento relacionado ao processo foi enviado. | Comunica despacho/decisão _SEJ,
Pet15556,01/06/2026,Comunicação assinada,"Um documento relacionado ao processo, como um ofício ou um alvará, foi assinado. | Ofício 12990/2026. Comunica despacho/decisão _SEJ",
Pet15556,01/06/2026,Comunicação assinada,"Um documento relacionado ao processo, como um ofício ou um alvará, foi assinado. | Mandado 3369/2026. Mandado de intimação despacho/decisão_SEJ",
Pet15556,01/06/2026,Comunicação assinada,"Um documento relacionado ao processo, como um ofício ou um alvará, foi assinado. | Mandado 3367/2026. Mandado de intimação despacho/decisão_SEJ",
Pet15556,01/06/2026,Certidão,Registro de acontecimentos relacionados ao processo. | Certifico a elaboração de 1 ofício eletrônico e 1 mandado de intimação. Decisão de 29.5.2026.,
Pet15556,01/06/2026,Certidão,Registro de acontecimentos relacionados ao processo. | Certifico a elaboração de 1 mandado de intimação. Decisão de 29.5.2026.,
Pet15556,01/06/2026,Vista à PGR para fins de intimação,O processo foi enviado à Procuradoria-Geral da República (Ministério Público Federal) para comunicação da decisão no processo. | Decisão monocrática,15387654935
Pet15556,01/06/2026,Decisão (sigiloso),Decisão monocrática | MIN. ANDRÉ MENDONÇA | Em 29/05/2026,15387654935
Pet15556,01/06/2026,Vista à PGR para fins de intimação,O processo foi enviado à Procuradoria-Geral da República (Ministério Público Federal) para comunicação da decisão no processo. | Decisão monocrática,15387654913
Pet15556,01/06/2026,Decisão (sigiloso),Decisão monocrática | MIN. ANDRÉ MENDONÇA | Em 29/05/2026,15387654913
Pet15556,01/06/2026,Intimado eletronicamente,"A pessoa (o autor, o réu, o executado ou outro interessado) e/ou seu advogado receberam, por sistema eletrônico, a comunicação de uma decisão do processo. | Intimação | PROCURADOR-GERAL DA REPÚBLICA. Intimação relativa a",15387628834
Pet15556,29/05/2026,Petição,"Petição Físico ou Sigiloso - Petição Sigilosa: 72218 Data: 29/05/2026, às 19:09:55",
Pet15556,29/05/2026,Petição,"Petição Físico ou Sigiloso - Petição Sigilosa: 72136 Data: 29/05/2026, às 17:50:22",
Pet15556,28/05/2026,Petição,"Petição Físico ou Sigiloso - Petição Sigilosa: 71616 Data: 28/05/2026, às 19:10:45",
Pet15556,25/05/2026,Petição,"Petição Físico ou Sigiloso - Petição Sigilosa: 68853 Data: 25/05/2026, às 11:00:30",
Pet15556,22/05/2026,Petição,"Petição Físico ou Sigiloso - Petição Sigilosa: 68454 Data: 22/05/2026, às 17:37:03",
Pet15556,22/05/2026,Conclusos ao(à) Relator(a),O processo foi encaminhado para análise do(a) ministro(a) responsável pelo caso.,
Pet15556,21/05/2026,Petição,"Petição Físico ou Sigiloso - Petição Sigilosa: 67947 Data: 21/05/2026, às 22:07:36",
Pet15556,21/05/2026,Petição,"Petição Físico ou Sigiloso - Petição Sigilosa: 67802 Data: 21/05/2026, às 18:40:27",
Pet15556,20/05/2026,Petição,"Petição Físico ou Sigiloso - Petição Sigilosa: 66962 Data: 20/05/2026, às 14:53:44",
Pet15556,20/05/2026,Vista à PGR para fins de intimação,O processo foi enviado à Procuradoria-Geral da República (Ministério Público Federal) para comunicação da decisão no processo. | Inteiro teor do acórdão,15387183313
Pet15556,20/05/2026,"Publicado acórdão, DJE","A decisão da Turma (grupo de 05 ministros) ou do Plenário (11 ministros reunidos) foi publicada. | Inteiro teor do acórdão | Pet-Ref. DJE divulgado em 19/05/2026, publicado em 20/05/2026.",15387183313
Pet15556,19/05/2026,Petição,"Petição Físico ou Sigiloso - Petição Sigilosa: 66092 Data: 19/05/2026, às 13:27:21",
Pet15556,18/05/2026,Petição,"Petição Físico ou Sigiloso - Petição Sigilosa: 65381 Data: 18/05/2026, às 14:48:19",
Pet15556,14/05/2026,Petição,"Petição Físico ou Sigiloso - Petição Sigilosa: 63770 Data: 14/05/2026, às 12:29:28",
Pet15556,13/05/2026,Petição,"Petição Físico ou Sigiloso - Petição Sigilosa: 63522 Data: 13/05/2026, às 19:20:43",
Pet15556,05/05/2026,Petição,"Petição Físico ou Sigiloso - Petição Sigilosa: 58686 Data: 05/05/2026, às 17:14:05",
Pet15556,05/05/2026,Petição,"Petição Físico ou Sigiloso - Petição Sigilosa: 58640 Data: 05/05/2026, às 16:50:54",
Pet15556,05/05/2026,Petição,"Petição Físico ou Sigiloso - Petição Sigilosa: 58363 Data: 05/05/2026, às 13:55:18",
Pet15556,04/05/2026,Petição,"Petição Físico ou Sigiloso - Petição Sigilosa: 57981 Data: 04/05/2026, às 17:46:00",
Pet15556,01/05/2026,Conclusos ao(à) Relator(a),O processo foi encaminhado para análise do(a) ministro(a) responsável pelo caso.,
Pet15556,01/05/2026,Petição,"Petição Físico ou Sigiloso - Petição Sigilosa: 57301 Data: 01/05/2026, às 12:36:52",
Pet15556,29/04/2026,Petição,"Petição Físico ou Sigiloso - Petição Sigilosa: 56292 Data: 29/04/2026, às 20:46:07",
Pet15556,29/04/2026,Petição,"Petição Físico ou Sigiloso - Petição Sigilosa: 56156 Data: 29/04/2026, às 17:43:47",
Pet15556,28/04/2026,Vista à PGR,O processo foi enviado à Procuradoria-Geral da República (Ministério Público Federal) para manifestação. | Vista à PGR,15386520737
Pet15556,28/04/2026,Despacho,Despacho | MIN. ANDRÉ MENDONÇA,15386515200
Pet15556,27/04/2026,Petição,"Petição Físico ou Sigiloso - Petição Sigilosa: 54395 Data: 27/04/2026, às 16:41:47",
Pet15556,25/04/2026,Intimado eletronicamente,"A pessoa (o autor, o réu, o executado ou outro interessado) e/ou seu advogado receberam, por sistema eletrônico, a comunicação de uma decisão do processo. | Intimação | PROCURADOR-GERAL DA REPÚBLICA",15386444715
Pet15556,24/04/2026,Petição,"Petição Físico ou Sigiloso - Petição Sigilosa: 53564 Data: 24/04/2026, às 18:35:36",
Pet15556,24/04/2026,Conclusos ao(à) Relator(a),O processo foi encaminhado para análise do(a) ministro(a) responsável pelo caso.,
Pet15556,24/04/2026,Vista à PGR para fins de intimação,O processo foi enviado à Procuradoria-Geral da República (Ministério Público Federal) para comunicação da decisão no processo. | Despacho,15386353714
Pet15556,24/04/2026,Lançamento indevido,23/04/2026 Petição 52243/2026 Justificativa: cumprimento de despacho,
Pet15556,23/04/2026,Certidão,Registro de acontecimentos relacionados ao processo. | CERTIDÃO,
Pet15556,23/04/2026,Despacho,Despacho | MIN. ANDRÉ MENDONÇA,15386353714
Pet15556,23/04/2026,Petição,52501/2026 - 23/04/2026 -,
Pet15556,23/04/2026,Petição,"Petição Físico ou Sigiloso - Petição Sigilosa: 52243 Data: 23/04/2026, às 11:00:57",
Pet15556,16/04/2026,Petição,"Petição Físico ou Sigiloso - Petição Sigilosa: 49314 Data: 16/04/2026, às 10:26:57",
Pet15556,15/04/2026,Juntada do mandado cumprido,MI n. 2038/2026,
Pet15556,15/04/2026,Juntada do mandado cumprido,MI n. 2040/2026,
Pet15556,15/04/2026,Juntada do mandado cumprido,MI n. 2037/2026,
Pet15556,15/04/2026,Juntada do mandado cumprido,MI n. 2034/2026,
Pet15556,15/04/2026,Expedido(a),Um documento relacionado ao processo foi enviado. | Mandado de intimação despacho/decisão_SEJ,
Pet15556,13/04/2026,Juntada do mandado cumprido,MI 2039/2026,
Pet15556,13/04/2026,Conclusos ao(à) Relator(a),O processo foi encaminhado para análise do(a) ministro(a) responsável pelo caso.,
Pet15556,13/04/2026,Remessa,À GERÊNCIA DE PROCESSOS ORIGINÁRIOS CRIMINAIS,
Pet15556,13/04/2026,Certidão,Registro de acontecimentos relacionados ao processo. | Certidão: SEJ/CPIN - Autuado o MS 40847,
Pet15556,10/04/2026,Expedido(a),Um documento relacionado ao processo foi enviado. | Mandado de intimação despacho/decisão_SEJ,
Pet15556,10/04/2026,Petição,"Petição Físico ou Sigiloso - Petição Sigilosa: 45959 Data: 10/04/2026, às 09:08:14",
Pet15556,09/04/2026,Expedido(a),Um documento relacionado ao processo foi enviado. | Mandado de intimação despacho/decisão_SEJ,
Pet15556,09/04/2026,Petição,"Petição Físico ou Sigiloso - Petição Sigilosa: 45482 Data: 09/04/2026, às 15:12:44",
Pet15556,09/04/2026,Expedido(a),Um documento relacionado ao processo foi enviado. | Mandado de intimação despacho/decisão_SEJ,
Pet15556,09/04/2026,Expedido(a),Um documento relacionado ao processo foi enviado. | Mandado de intimação despacho/decisão_SEJ,
Pet15556,09/04/2026,Intimado eletronicamente,"A pessoa (o autor, o réu, o executado ou outro interessado) e/ou seu advogado receberam, por sistema eletrônico, a comunicação de uma decisão do processo. | Intimação | PROCURADOR-GERAL DA REPÚBLICA",15385890323
Pet15556,09/04/2026,Intimado eletronicamente,"A pessoa (o autor, o réu, o executado ou outro interessado) e/ou seu advogado receberam, por sistema eletrônico, a comunicação de uma decisão do processo. | PROCURADOR-GERAL DA REPÚBLICA. Intimação relativa ao DJe public",
Pet15556,09/04/2026,Vista à PGR para fins de intimação,O processo foi enviado à Procuradoria-Geral da República (Ministério Público Federal) para comunicação da decisão no processo. | Decisão monocrática,15385677626
Pet15556,08/04/2026,Comunicação assinada,"Um documento relacionado ao processo, como um ofício ou um alvará, foi assinado. | Mandado 2037/2026. Mandado de intimação despacho/decisão_SEJ",
Pet15556,08/04/2026,Comunicação assinada,"Um documento relacionado ao processo, como um ofício ou um alvará, foi assinado. | Mandado 2039/2026. Mandado de intimação despacho/decisão_SEJ",
Pet15556,08/04/2026,Comunicação assinada,"Um documento relacionado ao processo, como um ofício ou um alvará, foi assinado. | Mandado 2038/2026. Mandado de intimação despacho/decisão_SEJ",
Pet15556,08/04/2026,Comunicação assinada,"Um documento relacionado ao processo, como um ofício ou um alvará, foi assinado. | Mandado 2034/2026. Mandado de intimação despacho/decisão_SEJ",
Pet15556,08/04/2026,Comunicação assinada,"Um documento relacionado ao processo, como um ofício ou um alvará, foi assinado. | Mandado 2040/2026. Mandado de intimação despacho/decisão_SEJ",
Pet15556,08/04/2026,Juntada do mandado cumprido,MI n. 1965/2026. Em 6/4/2026.,
Pet15556,08/04/2026,Certidão,Registro de acontecimentos relacionados ao processo. | Certifico a elaboração de 5 (cinco) mandados de intimação. Despacho de 31/3/2026 (e-Doc. 291).,
Pet15556,08/04/2026,Petição,"Petição Físico ou Sigiloso - Petição Sigilosa: 44647 Data: 08/04/2026, às 10:35:35",
Pet15556,07/04/2026,Petição,"Petição Físico ou Sigiloso - Petição Sigilosa: 44524 Data: 07/04/2026, às 19:59:23",
Pet15556,07/04/2026,Juntada do mandado cumprido,MI 1966/2026,
Pet15556,07/04/2026,Expedido(a),Um documento relacionado ao processo foi enviado. | Mandado de intimação despacho/decisão_SEJ,
Pet15556,06/04/2026,Juntada do mandado cumprido,MI n. 1746/2026,
Pet15556,06/04/2026,Expedido(a),Um documento relacionado ao processo foi enviado. | Mandado de intimação despacho/decisão_SEJ,
Pet15556,06/04/2026,Expedido(a),Um documento relacionado ao processo foi enviado. | Determinação cumprimento despacho/decisão_SEJ,
Pet15556,06/04/2026,"Publicação, DJE",Divulgado em 03/04/2026,
Pet15556,05/04/2026,Comunicação assinada,"Um documento relacionado ao processo, como um ofício ou um alvará, foi assinado. | Mandado 1966/2026. Mandado de intimação despacho/decisão_SEJ",
Pet15556,05/04/2026,Comunicação assinada,"Um documento relacionado ao processo, como um ofício ou um alvará, foi assinado. | Ofício 7158/2026. Determinação cumprimento despacho/decisão_SEJ",
Pet15556,05/04/2026,Comunicação assinada,"Um documento relacionado ao processo, como um ofício ou um alvará, foi assinado. | Mandado 1965/2026. Mandado de intimação despacho/decisão_SEJ",
Pet15556,04/04/2026,Certidão,Registro de acontecimentos relacionados ao processo. | Certifico a elaboração de 1 ofício eletrônico. Despacho/decisão de 31.3.2026.,
Pet15556,04/04/2026,Certidão,Registro de acontecimentos relacionados ao processo. | Certifico a elaboração de 2 mandados de intimação. Despacho/decisão de 31.3.2026,
Pet15556,04/04/2026,Certidão,Registro de acontecimentos relacionados ao processo. | De intimação,
Pet15556,03/04/2026,Certidão,"Registro de acontecimentos relacionados ao processo. | Certifico o envio, via e-mail registrado, da decisão de 2.4.2026 à CPI do Crime Organizado, nos termos da Resolução 788/2022.",
Pet15556,03/04/2026,Deferido,"Decisão monocrática | MIN. ANDRÉ MENDONÇA | ""(...) 8. Ante o exposto, restando configurada, pelo teor da justificativa | apresentada pela comissão parlamentar para embasar a sua convocação, a",15385677626
Pet15556,03/04/2026,Intimado eletronicamente,"A pessoa (o autor, o réu, o executado ou outro interessado) e/ou seu advogado receberam, por sistema eletrônico, a comunicação de uma decisão do processo. | Intimação | PROCURADOR-GERAL DA REPÚBLICA. Intimação relativa a",15385678567
Pet15556,02/04/2026,Petição,"Petição Físico ou Sigiloso - Petição Sigilosa: 42268 Data: 02/04/2026, às 10:57:49",
Pet15556,01/04/2026,Petição,"Petição Físico ou Sigiloso - Petição Sigilosa: 42142 Data: 01/04/2026, às 18:03:05",
Pet15556,01/04/2026,Autos disponibilizados à autoridade policial,Termo de disponibilização de autos,15385671762
Pet15556,01/04/2026,Certidão,"Registro de acontecimentos relacionados ao processo. | Certifico que, em cumprimento ao despacho de 1º de abril de 2026, o protocolado nº 41.492/2026, edoc 285 a edoc 289, foi vinculado à petição nº 15.622",
Pet15556,01/04/2026,Lançamento indevido,31/03/2026 Petição 41492/2026 Justificativa: registro indevido,
Pet15556,01/04/2026,Determinada a diligência,"""(...) 1. Por meio da Petição nº 41003/2026 (e-Doc. 283), Fabiano | Campos Zettel formula pedidos relacionados às suas condições de | custódia atual. Abra-se vista à Polícia Federal para manifestação prévia. | 2. No que ",
Pet15556,31/03/2026,Despacho,31/03/2026,
Pet15556,31/03/2026,Despacho,31/03/2026,
Pet15556,31/03/2026,Despacho,31/03/2026,
Pet15556,31/03/2026,Vista à PGR para fins de intimação,O processo foi enviado à Procuradoria-Geral da República (Ministério Público Federal) para comunicação da decisão no processo. | Decisão monocrática,15385665814
Pet15556,31/03/2026,Decisão (sigiloso),MIN. ANDRÉ MENDONÇA | 31/03/2026,
Pet15556,31/03/2026,Petição,"Petição Físico ou Sigiloso - Petição Sigilosa: 41492 Data: 31/03/2026, às 16:54:22",
Pet15556,31/03/2026,Petição,"Petição Físico ou Sigiloso - Petição Sigilosa: 41003 Data: 31/03/2026, às 11:14:10",
Pet15556,30/03/2026,Intimado eletronicamente,"A pessoa (o autor, o réu, o executado ou outro interessado) e/ou seu advogado receberam, por sistema eletrônico, a comunicação de uma decisão do processo. | Intimação | PROCURADOR-GERAL DA REPÚBLICA. Intimação relativa a",15385534519
Pet15556,26/03/2026,Intimado eletronicamente,"A pessoa (o autor, o réu, o executado ou outro interessado) e/ou seu advogado receberam, por sistema eletrônico, a comunicação de uma decisão do processo. | Intimação | PROCURADOR-GERAL DA REPÚBLICA",15385481798
Pet15556,25/03/2026,Conclusos ao(à) Relator(a),O processo foi encaminhado para análise do(a) ministro(a) responsável pelo caso.,
Pet15556,25/03/2026,Interposto agravo regimental,"Foi apresentado recurso contra a decisão do(a) ministro(a) responsável pelo caso para exame de uma das Turmas (grupo de 05 ministros) ou do Plenário (11 ministros reunidos), que decidirão se mantêm ou modificam a decisão",
Pet15556,25/03/2026,Interposto agravo regimental,"Foi apresentado recurso contra a decisão do(a) ministro(a) responsável pelo caso para exame de uma das Turmas (grupo de 05 ministros) ou do Plenário (11 ministros reunidos), que decidirão se mantêm ou modificam a decisão",
Pet15556,25/03/2026,Opostos embargos de declaração,"Foi apresentado pedido para que se esclareça, complemente ou corrija algum erro na decisão. | Juntada Petição: 38067/2026",
Pet15556,25/03/2026,Interposto agravo regimental,"Foi apresentado recurso contra a decisão do(a) ministro(a) responsável pelo caso para exame de uma das Turmas (grupo de 05 ministros) ou do Plenário (11 ministros reunidos), que decidirão se mantêm ou modificam a decisão",
Pet15556,25/03/2026,Petição,"Petição Físico ou Sigiloso - Petição Sigilosa: 38256 Data: 25/03/2026, às 15:51:10",
Pet15556,25/03/2026,Certidão,Registro de acontecimentos relacionados ao processo. | CERTIDÃO DE RETIFICAÇÃO DE AUTUAÇÃO,
Pet15556,25/03/2026,Petição,"Petição Físico ou Sigiloso - Petição Sigilosa: 38067 Data: 25/03/2026, às 11:42:10",
Pet15556,25/03/2026,Petição,"Petição Físico ou Sigiloso - Petição Sigilosa: 38057 Data: 25/03/2026, às 11:34:39",
Pet15556,25/03/2026,"Ata de Julgamento Publicada, DJE",A decisão tomada pela Turma (grupo de 05 ministros) ou pelo Plenário (os 11 ministros reunidos) foi divulgada. | Divulgado em 24/03/2026. https://digital.stf.jus.br/publico/publicacao/844981,
Pet15556,24/03/2026,Petição,"Petição Físico ou Sigiloso - Petição Sigilosa: 37370 Data: 24/03/2026, às 15:17:25",
Pet15556,24/03/2026,Petição,"Petição Físico ou Sigiloso - Petição Sigilosa: 37320 Data: 24/03/2026, às 14:50:15",
Pet15556,24/03/2026,Vista à PGR para fins de intimação,O processo foi enviado à Procuradoria-Geral da República (Ministério Público Federal) para comunicação da decisão no processo. | Decisão monocrática,15385331390
Pet15556,24/03/2026,"Publicação, DJE",Divulgado em 23/03/2026,
Pet15556,23/03/2026,Expedido(a),Um documento relacionado ao processo foi enviado. | Mandado de intimação despacho/decisão_SEJ,
Pet15556,23/03/2026,Expedido(a),Um documento relacionado ao processo foi enviado. | Determinação cumprimento despacho/decisão_SEJ,
Pet15556,23/03/2026,Expedido(a),Um documento relacionado ao processo foi enviado. | Comunica despacho/decisão _SEJ,
Pet15556,23/03/2026,Comunicação assinada,"Um documento relacionado ao processo, como um ofício ou um alvará, foi assinado. | Ofício 6334/2026. Determinação cumprimento despacho/decisão_SEJ",
Pet15556,23/03/2026,Comunicação assinada,"Um documento relacionado ao processo, como um ofício ou um alvará, foi assinado. | Mandado 1746/2026. Mandado de intimação despacho/decisão_SEJ",
Pet15556,23/03/2026,Comunicação assinada,"Um documento relacionado ao processo, como um ofício ou um alvará, foi assinado. | Ofício 6335/2026. Comunica despacho/decisão _SEJ",
Pet15556,23/03/2026,Certidão,Registro de acontecimentos relacionados ao processo. | De elaboração de dois ofícios eletrônicos e um mandado de intimação. Decisão de 23/3/2026.,
Pet15556,23/03/2026,Juntada,"Certidão de julgamento | Certidão de Julgamento da Sessão Virtual, Pet-Ref",15385335056
Pet15556,23/03/2026,Petição,"Petição Físico ou Sigiloso - Petição Sigilosa: 36684 Data: 23/03/2026, às 16:48:00",
Pet15556,23/03/2026,"Decisão publicada, DJE",Decisão monocrática | MIN. ANDRÉ MENDONÇA,15385331390
Pet15556,23/03/2026,Decisão (sigiloso),MIN. ANDRÉ MENDONÇA,
Pet15556,23/03/2026,Liminar referendada,"Decisão de Julgamento | 2ª TURMA - SESSÃO VIRTUAL | Decisão: A Turma, por unanimidade, referendou a liminar concedida, excetuado apenas o comando destinado ao investigado Luiz Phillipi Machado de Moraes Mourão, porque ve",
Pet15556,21/03/2026,Finalizado Julgamento Virtual,"O julgamento do processo em sistema eletrônico foi concluído. | Finalizado Julgamento Virtual em 20 de Março de 2026 (Sexta-feira), às 23:59, Pet 15556 Ref",
Pet15556,20/03/2026,Petição,"Petição Físico ou Sigiloso - Petição Sigilosa: 36003 Data: 20/03/2026, às 21:22:30",
Pet15556,20/03/2026,Petição,"Petição Físico ou Sigiloso - Petição Sigilosa: 35882 Data: 20/03/2026, às 18:09:06",
Pet15556,20/03/2026,Petição,"Petição Físico ou Sigiloso - Petição Sigilosa: 35640 Data: 20/03/2026, às 15:33:49",
Pet15556,20/03/2026,Petição,"Petição Físico ou Sigiloso - Petição Sigilosa: 35467 Data: 20/03/2026, às 12:41:25",
Pet15556,20/03/2026,Intimado eletronicamente,"A pessoa (o autor, o réu, o executado ou outro interessado) e/ou seu advogado receberam, por sistema eletrônico, a comunicação de uma decisão do processo. | Intimação | PROCURADOR-GERAL DA REPÚBLICA. Intimação relativa a",15385281987
Pet15556,19/03/2026,Lançamento indevido,12/03/2026 Petição 30627/2026 Justificativa: registro indevido,
Pet15556,19/03/2026,Certidão,Registro de acontecimentos relacionados ao processo. | AOCRI/Cpin,
Pet15556,19/03/2026,Despacho,18/3/2026.,
Pet15556,19/03/2026,Petição,"Petição Físico ou Sigiloso - Petição Sigilosa: 34667 Data: 19/03/2026, às 13:53:49",
Pet15556,19/03/2026,Petição,"Petição Físico ou Sigiloso - Petição Sigilosa: 34620 Data: 19/03/2026, às 13:18:45",
Pet15556,19/03/2026,Petição,34545/2026 - 19/03/2026 -,
Pet15556,19/03/2026,Petição,"Petição Físico ou Sigiloso - Petição Sigilosa: 34437 Data: 19/03/2026, às 06:05:10",
Pet15556,19/03/2026,Intimado eletronicamente,"A pessoa (o autor, o réu, o executado ou outro interessado) e/ou seu advogado receberam, por sistema eletrônico, a comunicação de uma decisão do processo. | Intimação | PROCURADOR-GERAL DA REPÚBLICA",15385245075
Pet15556,19/03/2026,"Publicação, DJE",Divulgado em 18/03/2026,
Pet15556,18/03/2026,Juntada do mandado cumprido,nº 1605/2026,
Pet15556,18/03/2026,Petição,"Petição Físico ou Sigiloso - Petição Sigilosa: 33912 Data: 18/03/2026, às 14:18:25",
Pet15556,18/03/2026,Petição,"Petição Físico ou Sigiloso - Petição Sigilosa: 33739 Data: 18/03/2026, às 13:35:17",
Pet15556,18/03/2026,Expedido(a),Um documento relacionado ao processo foi enviado. | Mandado de intimação despacho/decisão_SEJ,
Pet15556,18/03/2026,Expedido(a),Um documento relacionado ao processo foi enviado. | Comunica despacho/decisão _SEJ,
Pet15556,18/03/2026,Expedido(a),Um documento relacionado ao processo foi enviado. | Determinação cumprimento despacho/decisão_SEJ,
Pet15556,18/03/2026,Comunicação assinada,"Um documento relacionado ao processo, como um ofício ou um alvará, foi assinado. | Ofício 5835/2026. Comunica despacho/decisão _SEJ",
Pet15556,18/03/2026,Comunicação assinada,"Um documento relacionado ao processo, como um ofício ou um alvará, foi assinado. | Ofício 5836/2026. Determinação cumprimento despacho/decisão_SEJ",
Pet15556,18/03/2026,Comunicação assinada,"Um documento relacionado ao processo, como um ofício ou um alvará, foi assinado. | Mandado 1605/2026. Mandado de intimação despacho/decisão_SEJ",
Pet15556,18/03/2026,Certidão,Registro de acontecimentos relacionados ao processo. | Certifico a elaboração de 2 ofícios e 1 mandado de intimação. Decisão de 13/03/2026.,
Pet15556,18/03/2026,Vista à PGR para fins de intimação,O processo foi enviado à Procuradoria-Geral da República (Ministério Público Federal) para comunicação da decisão no processo. | Decisão monocrática,15385209285
Pet15556,18/03/2026,Indeferido,"Decisão monocrática | MIN. ANDRÉ MENDONÇA | ""(...) 11. Ante o exposto, já tendo sido manifestada a objeção da defesa de PAULO SÉRGIO NEVES DE SOUZA, através da Petição nº 33108/2026 (eDocs. 215), afasto a obrigatoriedade",15385209285
Pet15556,17/03/2026,Juntada do mandado cumprido,MI n. 1466,
Pet15556,17/03/2026,Petição,"Petição Físico ou Sigiloso - Petição Sigilosa: 33108 Data: 17/03/2026, às 16:43:58",
Pet15556,16/03/2026,Petição,"Petição Físico ou Sigiloso - Petição Sigilosa: 32472 Data: 16/03/2026, às 23:46:37",
Pet15556,16/03/2026,Petição,"Petição Físico ou Sigiloso - Petição Sigilosa: 32458 Data: 16/03/2026, às 21:59:02",
Pet15556,16/03/2026,Petição,"Petição Físico ou Sigiloso - Petição Sigilosa: 32389 Data: 16/03/2026, às 19:10:02",
Pet15556,16/03/2026,Juntada do mandado cumprido,,
Pet15556,16/03/2026,Juntada do mandado cumprido,,
Pet15556,16/03/2026,Juntada do mandado cumprido,,
Pet15556,16/03/2026,Expedido(a),Um documento relacionado ao processo foi enviado. | Comunica despacho/decisão _SEJ,
Pet15556,16/03/2026,Petição,"Petição Físico ou Sigiloso - Petição Sigilosa: 31842 Data: 16/03/2026, às 11:55:56",
Pet15556,16/03/2026,Expedido(a),Um documento relacionado ao processo foi enviado. | Comunica despacho/decisão _SEJ,
Pet15556,16/03/2026,Expedido(a),Um documento relacionado ao processo foi enviado. | Mandado de intimação despacho/decisão_SEJ,
Pet15556,16/03/2026,Comunicação assinada,"Um documento relacionado ao processo, como um ofício ou um alvará, foi assinado. | Ofício 5459/2026. Comunica despacho/decisão _SEJ",
Pet15556,16/03/2026,Comunicação assinada,"Um documento relacionado ao processo, como um ofício ou um alvará, foi assinado. | Ofício 5458/2026. Comunica despacho/decisão _SEJ",
Pet15556,16/03/2026,Comunicação assinada,"Um documento relacionado ao processo, como um ofício ou um alvará, foi assinado. | Mandado 1466/2026. Mandado de intimação despacho/decisão_SEJ",
Pet15556,16/03/2026,Certidão,Registro de acontecimentos relacionados ao processo. | Certifico a elaboração de 2 ofícios e 1 mandado de intimação. Decisão de 13/03/2026.,
Pet15556,16/03/2026,Vista à PGR para fins de intimação,O processo foi enviado à Procuradoria-Geral da República (Ministério Público Federal) para comunicação da decisão no processo. | Decisão monocrática,15385088489
Pet15556,16/03/2026,Decisão (sigiloso),MIN. ANDRÉ MENDONÇA | Em 13/03/2026,
Pet15556,16/03/2026,Intimado eletronicamente,"A pessoa (o autor, o réu, o executado ou outro interessado) e/ou seu advogado receberam, por sistema eletrônico, a comunicação de uma decisão do processo. | Intimação | PROCURADOR-GERAL DA REPÚBLICA. Intimação relativa a",15385099206
Pet15556,15/03/2026,Petição,"Petição Físico ou Sigiloso - Petição Sigilosa: 31630 Data: 15/03/2026, às 09:44:32",
Pet15556,14/03/2026,Petição,"Petição Físico ou Sigiloso - Petição Sigilosa: 31596 Data: 14/03/2026, às 14:10:03",
Pet15556,13/03/2026,Petição,"Petição Físico ou Sigiloso - Petição Sigilosa: 31482 Data: 13/03/2026, às 20:15:40",
Pet15556,13/03/2026,Iniciado Julgamento Virtual,"O julgamento do processo em sessão virtual começou na data indicada no andamento processual. | Iniciado Julgamento Virtual em 13 de Março de 2026 (Sexta-feira), às 11:00, Pet 15556 Ref",
Pet15556,12/03/2026,Petição,"Petição Físico ou Sigiloso - Petição Sigilosa: 30742 Data: 12/03/2026, às 20:57:13",
Pet15556,12/03/2026,Petição,30627/2026 - 12/03/2026 -,
Pet15556,12/03/2026,Petição,"Petição Físico ou Sigiloso - Petição Sigilosa: 30177 Data: 12/03/2026, às 13:07:02",
Pet15556,12/03/2026,Petição,"Petição Físico ou Sigiloso - Petição Sigilosa: 30167 Data: 12/03/2026, às 12:50:01",
Pet15556,12/03/2026,Expedido(a),Um documento relacionado ao processo foi enviado. | Mandado de intimação despacho/decisão_SEJ,
Pet15556,12/03/2026,Petição,"Petição Físico ou Sigiloso - Petição Sigilosa: 30123 Data: 12/03/2026, às 11:44:44",
Pet15556,12/03/2026,Petição,"Petição Físico ou Sigiloso - Petição Sigilosa: 30043 Data: 12/03/2026, às 10:51:29",
Pet15556,12/03/2026,Petição,"Petição Físico ou Sigiloso - Petição Sigilosa: 29964 Data: 12/03/2026, às 08:18:51",
Pet15556,11/03/2026,Petição,"Petição Físico ou Sigiloso - Petição Sigilosa: 29945 Data: 11/03/2026, às 22:37:34",
Pet15556,11/03/2026,Expedido(a),Um documento relacionado ao processo foi enviado. | Mandado de intimação despacho/decisão_SEJ,
Pet15556,11/03/2026,Expedido(a),Um documento relacionado ao processo foi enviado. | Mandado de intimação despacho/decisão_SEJ,
Pet15556,11/03/2026,Petição,"Petição Físico ou Sigiloso - Petição Sigilosa: 29874 Data: 11/03/2026, às 18:50:47",
Pet15556,11/03/2026,Conclusos ao(à) Relator(a),O processo foi encaminhado para análise do(a) ministro(a) responsável pelo caso.,
Pet15556,11/03/2026,Interposto agravo regimental,"Foi apresentado recurso contra a decisão do(a) ministro(a) responsável pelo caso para exame de uma das Turmas (grupo de 05 ministros) ou do Plenário (11 ministros reunidos), que decidirão se mantêm ou modificam a decisão",
Pet15556,11/03/2026,Petição,"Petição Físico ou Sigiloso - Petição Sigilosa: 29714 Data: 11/03/2026, às 18:11:32",
Pet15556,11/03/2026,"Publicação, DJE",Divulgado em 10/03/2026,
Pet15556,10/03/2026,Juntada do mandado cumprido,n. 1318/2026,
Pet15556,10/03/2026,Expedido(a),Um documento relacionado ao processo foi enviado. | Mandado de intimação despacho/decisão_SEJ,
Pet15556,10/03/2026,Expedido(a),Um documento relacionado ao processo foi enviado. | Determinação cumprimento despacho/decisão_SEJ,
Pet15556,10/03/2026,Comunicação assinada,"Um documento relacionado ao processo, como um ofício ou um alvará, foi assinado. | Ofício 4941/2026. Determinação cumprimento despacho/decisão_SEJ",
Pet15556,10/03/2026,Comunicação assinada,"Um documento relacionado ao processo, como um ofício ou um alvará, foi assinado. | Mandado 1318/2026. Mandado de intimação despacho/decisão_SEJ",
Pet15556,10/03/2026,Certidão,Registro de acontecimentos relacionados ao processo. | Certifico a elaboração de 1 ofício(s) eletrônico(s) e 1 mandado de intimação. Despacho/decisão de 9.3.2026.,
Pet15556,10/03/2026,Petição,"Petição Físico ou Sigiloso - Petição Sigilosa: 28041 Data: 10/03/2026, às 12:10:28",
Pet15556,10/03/2026,Deferido,"Decisão monocrática | MIN. ANDRÉ MENDONÇA | ""(...) 6. Diante de tal conjuntura, acolhendo o pedido formulado pela | defesa, determino à direção da Penitenciária Federal de Brasília que",15384836379
Pet15556,10/03/2026,Vista à PGR para fins de intimação,O processo foi enviado à Procuradoria-Geral da República (Ministério Público Federal) para comunicação da decisão no processo. | Decisão monocrática,15384836379
Pet15556,10/03/2026,Petição,"Petição Físico ou Sigiloso - Petição Sigilosa: 27659 Data: 10/03/2026, às 09:52:54",
Pet15556,09/03/2026,Petição,"Petição Físico ou Sigiloso - Petição Sigilosa: 27569 Data: 09/03/2026, às 23:51:25",
Pet15556,09/03/2026,Petição,"Petição Físico ou Sigiloso - Petição Sigilosa: 27539 Data: 09/03/2026, às 22:25:23",
Pet15556,09/03/2026,Certidão,Registro de acontecimentos relacionados ao processo. | De retificação da autuação.,
Pet15556,09/03/2026,Conclusos ao(à) Relator(a),O processo foi encaminhado para análise do(a) ministro(a) responsável pelo caso.,
Pet15556,09/03/2026,Vista à PGR para fins de intimação,O processo foi enviado à Procuradoria-Geral da República (Ministério Público Federal) para comunicação da decisão no processo. | Despacho,15384778640
Pet15556,09/03/2026,Petição,"Petição Físico ou Sigiloso - Petição Sigilosa: 26788 Data: 09/03/2026, às 13:26:34",
Pet15556,09/03/2026,Despacho,07/03/2025,
Pet15556,09/03/2026,Petição,"Petição Físico ou Sigiloso - Petição Sigilosa: 26678 Data: 09/03/2026, às 10:22:46",
Pet15556,09/03/2026,Petição,"Petição Físico ou Sigiloso - Petição Sigilosa: 26667 Data: 09/03/2026, às 09:55:10",
Pet15556,06/03/2026,Petição,"Petição Físico ou Sigiloso - Petição Sigilosa: 26439 Data: 06/03/2026, às 20:04:11",
Pet15556,06/03/2026,Juntada do mandado cumprido,nº 1196/2026,
Pet15556,06/03/2026,Petição,"Petição Físico ou Sigiloso - Petição Sigilosa: 26370 Data: 06/03/2026, às 18:20:51",
Pet15556,06/03/2026,Lançamento indevido,06/03/2026 Petição 26005/2026 Justificativa: registro indevido,
Pet15556,06/03/2026,Petição,"Petição Físico ou Sigiloso - Petição Sigilosa: 26246 Data: 06/03/2026, às 17:06:45",
Pet15556,06/03/2026,Petição,"25975/2026 Data: 06/03/2026, às 14:58:01 PETV3",
Pet15556,06/03/2026,Petição,"26005/2026 Data: 06/03/2026, às 15:25:43 PETV3",
Pet15556,06/03/2026,Petição,"Petição Físico ou Sigiloso - Petição Sigilosa: 25969 Data: 06/03/2026, às 14:52:39",
Pet15556,06/03/2026,Conclusos ao(à) Relator(a),O processo foi encaminhado para análise do(a) ministro(a) responsável pelo caso.,
Pet15556,06/03/2026,Certidão,Registro de acontecimentos relacionados ao processo. | CERTIDÃO DE RETIFICAÇÃO DE AUTUAÇÃO,
Pet15556,06/03/2026,Petição,"Petição Físico ou Sigiloso - Petição Sigilosa: 25741 Data: 06/03/2026, às 10:40:23",
Pet15556,06/03/2026,Expedido(a),Um documento relacionado ao processo foi enviado. | Mandado de intimação despacho/decisão_Relator,
Pet15556,06/03/2026,"Publicação, DJE",Divulgado em 05/03/2026,
Pet15556,05/03/2026,Expedido(a),Um documento relacionado ao processo foi enviado. | Determinação cumprimento despacho/decisão_Relator,
Pet15556,05/03/2026,Expedido(a),Um documento relacionado ao processo foi enviado. | Determinação cumprimento despacho/decisão_Relator,
Pet15556,05/03/2026,Expedido(a),Um documento relacionado ao processo foi enviado. | Determinação cumprimento despacho/decisão_Relator,
Pet15556,05/03/2026,Expedido(a),Um documento relacionado ao processo foi enviado. | Determinação cumprimento despacho/decisão_Relator,
Pet15556,05/03/2026,Expedido(a),Um documento relacionado ao processo foi enviado. | Determinação cumprimento despacho/decisão_Relator,
Pet15556,05/03/2026,Petição,"Petição Físico ou Sigiloso - Petição Sigilosa: 25645 Data: 05/03/2026, às 22:10:40",
Pet15556,05/03/2026,Comunicação assinada,"Um documento relacionado ao processo, como um ofício ou um alvará, foi assinado. | Ofício 4592/2026. Determinação cumprimento despacho/decisão_Relator",
Pet15556,05/03/2026,Comunicação assinada,"Um documento relacionado ao processo, como um ofício ou um alvará, foi assinado. | Ofício 4595/2026. Determinação cumprimento despacho/decisão_Relator",
Pet15556,05/03/2026,Comunicação assinada,"Um documento relacionado ao processo, como um ofício ou um alvará, foi assinado. | Ofício 4596/2026. Determinação cumprimento despacho/decisão_Relator",
Pet15556,05/03/2026,Comunicação assinada,"Um documento relacionado ao processo, como um ofício ou um alvará, foi assinado. | Ofício 4594/2026. Determinação cumprimento despacho/decisão_Relator",
Pet15556,05/03/2026,Comunicação assinada,"Um documento relacionado ao processo, como um ofício ou um alvará, foi assinado. | Mandado 1196/2026. Mandado de intimação despacho/decisão_Relator",
Pet15556,05/03/2026,Comunicação assinada,"Um documento relacionado ao processo, como um ofício ou um alvará, foi assinado. | Ofício 4593/2026. Determinação cumprimento despacho/decisão_Relator",
Pet15556,05/03/2026,Certidão,Registro de acontecimentos relacionados ao processo. | Certifico a elaboração de 5 ofício(s) eletrônico(s) e 1 mandado de intimação. Despacho/decisão de 5.3.2026.,
Pet15556,05/03/2026,Vista à PGR para fins de intimação,O processo foi enviado à Procuradoria-Geral da República (Ministério Público Federal) para comunicação da decisão no processo. | Decisão monocrática,15384747175
Pet15556,05/03/2026,Deferido,Decisão monocrática | MIN. ANDRÉ MENDONÇA,15384747175
Pet15556,05/03/2026,Petição,"Petição Físico ou Sigiloso - Petição Sigilosa: 25581 Data: 05/03/2026, às 19:50:06",
Pet15556,05/03/2026,Intimado eletronicamente,"A pessoa (o autor, o réu, o executado ou outro interessado) e/ou seu advogado receberam, por sistema eletrônico, a comunicação de uma decisão do processo. | Intimação | PROCURADOR-GERAL DA REPÚBLICA",15384746726
Pet15556,05/03/2026,Intimado eletronicamente,"A pessoa (o autor, o réu, o executado ou outro interessado) e/ou seu advogado receberam, por sistema eletrônico, a comunicação de uma decisão do processo. | Intimação | PROCURADOR-GERAL DA REPÚBLICA. Intimação relativa a",15384746610
Pet15556,05/03/2026,Intimado eletronicamente,"A pessoa (o autor, o réu, o executado ou outro interessado) e/ou seu advogado receberam, por sistema eletrônico, a comunicação de uma decisão do processo. | Intimação | PROCURADOR-GERAL DA REPÚBLICA. Intimação relativa a",15384746592
Pet15556,05/03/2026,Intimado eletronicamente,"A pessoa (o autor, o réu, o executado ou outro interessado) e/ou seu advogado receberam, por sistema eletrônico, a comunicação de uma decisão do processo. | Intimação | PROCURADOR-GERAL DA REPÚBLICA. Intimação relativa a",15384746560
Pet15556,05/03/2026,Petição,"Petição Físico ou Sigiloso - Petição Sigilosa: 25242 Data: 05/03/2026, às 16:13:43",
Pet15556,05/03/2026,Comunicação assinada,"Um documento relacionado ao processo, como um ofício ou um alvará, foi assinado. | Mandado 1183/2026. Mandado de intimação despacho/decisão_SEJ",
Pet15556,05/03/2026,Comunicação assinada,"Um documento relacionado ao processo, como um ofício ou um alvará, foi assinado. | Mandado 1182/2026. Mandado de intimação despacho/decisão_SEJ",
Pet15556,05/03/2026,Comunicação assinada,"Um documento relacionado ao processo, como um ofício ou um alvará, foi assinado. | Mandado 1181/2026. Mandado de intimação despacho/decisão_SEJ",
Pet15556,05/03/2026,Petição,"Petição Físico ou Sigiloso - Petição Sigilosa: 25058 Data: 05/03/2026, às 13:24:37",
Pet15556,05/03/2026,Certidão,Registro de acontecimentos relacionados ao processo. | Certifico a elaboração de 3 mandados de intimação. Despacho de 05.03.2026.,
Pet15556,05/03/2026,Vista à PGR para fins de intimação,O processo foi enviado à Procuradoria-Geral da República (Ministério Público Federal) para comunicação da decisão no processo. | Despacho,15384677974
Pet15556,05/03/2026,Despacho,05/03/2026,
Pet15556,05/03/2026,"Publicação, DJE",Divulgado em 04/03/2026,
Pet15556,05/03/2026,Pauta publicada no DJE - 2ª Turma,"O processo será julgado pela Segunda Turma (grupo de 05 ministros) na data prevista no calendário de julgamento. No caso de julgamento em sessão virtual, será observada a data constante do andamento processual. | DJE pub",
Pet15556,05/03/2026,"Publicação, DJE",Divulgado em 04/03/2026,
Pet15556,05/03/2026,"Publicação, DJE",Divulgado em 04/03/2026,
Pet15556,04/03/2026,Petição,"Petição Físico ou Sigiloso - Petição Sigilosa: 24846 Data: 04/03/2026, às 19:35:57",
Pet15556,04/03/2026,Petição,"Petição Físico ou Sigiloso - Petição Sigilosa: 24750 Data: 04/03/2026, às 18:22:52",
Pet15556,04/03/2026,Vista à PGR para fins de intimação,O processo foi enviado à Procuradoria-Geral da República (Ministério Público Federal) para comunicação da decisão no processo. | Decisão monocrática,15384654978
Pet15556,04/03/2026,"Decisão publicada, DJE",Decisão monocrática | MIN. ANDRÉ MENDONÇA | 04/03/2026,15384654978
Pet15556,04/03/2026,Expedido(a),Um documento relacionado ao processo foi enviado. | Determinação cumprimento despacho/decisão_Relator (CINQ PF),
Pet15556,04/03/2026,Inclua-se em pauta - minuta extraída,"O processo está pronto para ser julgado, mas ainda não foi marcado o dia de julgamento. No caso de julgamento em sessão virtual, será observada a data constante do andamento processual. | 2ª TURMA - SESSÃO VIRTUAL | Julg",
Pet15556,04/03/2026,Conclusos ao(à) Relator(a),O processo foi encaminhado para análise do(a) ministro(a) responsável pelo caso.,
Pet15556,04/03/2026,Certidão,Registro de acontecimentos relacionados ao processo. | CERTIDÃO DE RETIFICAÇÃO DE AUTUAÇÃO,
Pet15556,04/03/2026,Petição,"Petição Físico ou Sigiloso - Petição Sigilosa: 24216 Data: 04/03/2026, às 13:26:08",
Pet15556,04/03/2026,Petição,"Petição Físico ou Sigiloso - Petição Sigilosa: 24211 Data: 04/03/2026, às 13:16:51",
Pet15556,04/03/2026,Petição,"Petição Físico ou Sigiloso - Petição Sigilosa: 24185 Data: 04/03/2026, às 12:28:47",
Pet15556,04/03/2026,Comunicação assinada,"Um documento relacionado ao processo, como um ofício ou um alvará, foi assinado. | Ofício 4278/2026. Determinação cumprimento despacho/decisão_Relator (CINQ PF)",
Pet15556,04/03/2026,Petição,"Petição Físico ou Sigiloso - Petição Sigilosa: 24129 Data: 04/03/2026, às 11:29:23",
Pet15556,04/03/2026,Certidão,Registro de acontecimentos relacionados ao processo. | Certifico a elaboração de 1 ofício eletrônico. Decisão de 4.4.2026.,
Pet15556,04/03/2026,Petição,"Petição Físico ou Sigiloso - Petição Sigilosa: 24102 Data: 04/03/2026, às 11:07:45",
Pet15556,04/03/2026,Vista à PGR para fins de intimação,O processo foi enviado à Procuradoria-Geral da República (Ministério Público Federal) para comunicação da decisão no processo. | Decisão monocrática,15384634119
Pet15556,04/03/2026,Deferido,"Decisão monocrática | MIN. ANDRÉ MENDONÇA | ""(...) DEFIRO o pedido formulado pela Polícia Federal para autorizar | que, após a conclusão dos atos cartorários relativos ao cumprimento das",15384634119
Pet15556,04/03/2026,Despacho,04/03/2026,
Pet15556,04/03/2026,Determinada a diligência,"Decisão monocrática | MIN. ANDRÉ MENDONÇA | ""(...) 106. Ante o exposto, com fundamento nos artigos 282, 311 e 312 do | Código de Processo Penal e com alicerce em toda fundamentação acima,",15384624795
Pet15556,04/03/2026,Petição,"Petição Físico ou Sigiloso - Petição Sigilosa: 24033 Data: 04/03/2026, às 09:19:35",
Pet15556,04/03/2026,Vista à PGR para fins de intimação,O processo foi enviado à Procuradoria-Geral da República (Ministério Público Federal) para comunicação da decisão no processo. | Decisão monocrática,15384624795
Pet15556,04/03/2026,Petição,"Petição Físico ou Sigiloso - Petição Sigilosa: 24020 Data: 04/03/2026, às 07:59:51",
Pet15556,03/03/2026,Comunicação assinada,"Um documento relacionado ao processo, como um ofício ou um alvará, foi assinado. | Mandado 1044/2026. Mandado de Intimação _PF_Relator (diligências)",
Pet15556,03/03/2026,Comunicação assinada,"Um documento relacionado ao processo, como um ofício ou um alvará, foi assinado. | Mandado 1046/2026. Mandado de Intimação _PF_Relator (diligências)",
Pet15556,03/03/2026,Comunicação assinada,"Um documento relacionado ao processo, como um ofício ou um alvará, foi assinado. | Mandado 1059/2026. Mandado de Prisão (ALM)",
Pet15556,03/03/2026,Comunicação assinada,"Um documento relacionado ao processo, como um ofício ou um alvará, foi assinado. | Ofício 4209/2026. Determinação cumprimento despacho/decisão_Relator",
Pet15556,03/03/2026,Comunicação assinada,"Um documento relacionado ao processo, como um ofício ou um alvará, foi assinado. | Ofício 4236/2026. Determinação de diligências_Relator",
Pet15556,03/03/2026,Comunicação assinada,"Um documento relacionado ao processo, como um ofício ou um alvará, foi assinado. | Ofício 4238/2026. Comunicação de despacho/decisão_Relator",
Pet15556,03/03/2026,Comunicação assinada,"Um documento relacionado ao processo, como um ofício ou um alvará, foi assinado. | Mandado 1057/2026. Mandado de Prisão (ALM)",
Pet15556,03/03/2026,Comunicação assinada,"Um documento relacionado ao processo, como um ofício ou um alvará, foi assinado. | Ofício 4215/2026. Determinação cumprimento despacho/decisão_Relator",
Pet15556,03/03/2026,Comunicação assinada,"Um documento relacionado ao processo, como um ofício ou um alvará, foi assinado. | Mandado 1060/2026. Mandado de Prisão (ALM)",
Pet15556,03/03/2026,Comunicação assinada,"Um documento relacionado ao processo, como um ofício ou um alvará, foi assinado. | Ofício 4232/2026. Determinação de diligências_Relator",
Pet15556,03/03/2026,Comunicação assinada,"Um documento relacionado ao processo, como um ofício ou um alvará, foi assinado. | Mandado 1033/2026. Mandado de Intimação _PF_Relator (diligências)",
Pet15556,03/03/2026,Comunicação assinada,"Um documento relacionado ao processo, como um ofício ou um alvará, foi assinado. | Mandado 1035/2026. Mandado de Intimação _PF_Relator (diligências)",
Pet15556,03/03/2026,Comunicação assinada,"Um documento relacionado ao processo, como um ofício ou um alvará, foi assinado. | Ofício 4239/2026. Comunicação de despacho/decisão_Relator",
Pet15556,03/03/2026,Comunicação assinada,"Um documento relacionado ao processo, como um ofício ou um alvará, foi assinado. | Mandado 1058/2026. Mandado de Prisão (ALM)",
Pet15556,03/03/2026,Comunicação assinada,"Um documento relacionado ao processo, como um ofício ou um alvará, foi assinado. | Mandado 1034/2026. Mandado de Intimação _PF_Relator (diligências)",
Pet15556,03/03/2026,Comunicação assinada,"Um documento relacionado ao processo, como um ofício ou um alvará, foi assinado. | Mandado 1047/2026. Mandado de Intimação _PF_Relator (diligências)",
Pet15556,03/03/2026,Comunicação assinada,"Um documento relacionado ao processo, como um ofício ou um alvará, foi assinado. | Mandado 1045/2026. Mandado de Intimação _PF_Relator (diligências)",
Pet15556,03/03/2026,Comunicação assinada,"Um documento relacionado ao processo, como um ofício ou um alvará, foi assinado. | Mandado 1043/2026. Mandado de Intimação _PF_Relator (diligências)",
Pet15556,03/03/2026,Comunicação assinada,"Um documento relacionado ao processo, como um ofício ou um alvará, foi assinado. | Ofício 4210/2026. Envio de documentos_Relator",
Pet15556,03/03/2026,Comunicação assinada,"Um documento relacionado ao processo, como um ofício ou um alvará, foi assinado. | Mandado 1032/2026. Mandado de Intimação _PF_Relator (diligências)",
Pet15556,03/03/2026,Certidão,Registro de acontecimentos relacionados ao processo. | Certifico e elaboração de 20 expedientes. Decisão de 3.3.2026.,
Pet15556,03/03/2026,Decisão (sigiloso),MIN. ANDRÉ MENDONÇA | 03/03/2026,
Pet15556,03/03/2026,Certidão,Registro de acontecimentos relacionados ao processo.,
Pet15556,03/03/2026,Conclusos ao(à) Relator(a),O processo foi encaminhado para análise do(a) ministro(a) responsável pelo caso.,
Pet15556,03/03/2026,Petição,"Petição Físico ou Sigiloso - Petição Sigilosa: 23553 Data: 03/03/2026, às 16:05:07",
Pet15556,27/02/2026,Vista à PGR,O processo foi enviado à Procuradoria-Geral da República (Ministério Público Federal) para manifestação. | Vista à PGR,15384505177
Pet15556,27/02/2026,Despacho,Em 27/02/2026,
Pet15556,27/02/2026,Conclusos ao(à) Relator(a),O processo foi encaminhado para análise do(a) ministro(a) responsável pelo caso.,
Pet15556,27/02/2026,Distribuído por prevenção,"O processo foi enviado para o(a) ministro(a) que já julgou outro processo ou recurso relacionado ao caso. | Certidão | MIN. ANDRÉ MENDONÇA. Prevenção do Relator/Sucessor: MIN. ANDRÉ MENDONÇA. Justificativa legal: RISTF, ",15384501728
Pet15556,27/02/2026,Autuado,O processo recebeu uma numeração e uma classificação. É a identidade do processo.,
Pet15556,27/02/2026,Protocolado,"Petição Inicial (nº 21692) recebida em 27/02/2026, às 15:47:11",
Pet15562,11/09/2026,Conclusos ao(à) Relator(a),O processo foi encaminhado para análise do(a) ministro(a) responsável pelo caso.,
Pet15562,11/09/2026,Certidão,Registro de acontecimentos relacionados ao processo. | Certidão | de retificação de autuação,15390333867
Pet15562,04/09/2026,Petição,"Petição Físico ou Sigiloso - Petição Sigilosa: 112081 Data: 04/09/2026, às 07:59:12",
Pet15562,25/08/2026,Petição,"Petição Físico ou Sigiloso - Petição Sigilosa: 107091 Data: 25/08/2026, às 17:56:25",
Pet15562,18/08/2026,Conclusos ao(à) Relator(a),O processo foi encaminhado para análise do(a) ministro(a) responsável pelo caso.,
Pet15562,17/08/2026,Petição,"Petição Físico ou Sigiloso - Petição Sigilosa: 103114 Data: 17/08/2026, às 16:02:11",
Pet15562,29/07/2026,Juntada do mandado cumprido,MI 4262/2026,
Pet15562,24/07/2026,Expedido(a),Um documento relacionado ao processo foi enviado. | Mandado de intimação despacho/decisão_SEJ,
Pet15562,23/07/2026,Expedido(a),Um documento relacionado ao processo foi enviado. | Mandado de intimação despacho/decisão_SEJ,
Pet15562,23/07/2026,Autos disponibilizados à autoridade policial,Termo de disponibilização de autos,15388894109
Pet15562,23/07/2026,Intimado eletronicamente,"A pessoa (o autor, o réu, o executado ou outro interessado) e/ou seu advogado receberam, por sistema eletrônico, a comunicação de uma decisão do processo. | Intimação | PROCURADOR-GERAL DA REPÚBLICA",15388891024
Pet15562,22/07/2026,Comunicação assinada,"Um documento relacionado ao processo, como um ofício ou um alvará, foi assinado. | Mandado 4481/2026. Mandado de intimação despacho/decisão_SEJ",
Pet15562,22/07/2026,Certidão,Registro de acontecimentos relacionados ao processo. | Certifico a elaboração de 1 (um) mandado de intimação. Decisão de 22.07.2026.,
Pet15562,22/07/2026,Decisão (sigiloso),"Decisão monocrática | MIN. ANDRÉ MENDONÇA | ""1. Ante o teor da manifestação carreada aos autos pela Polícia | Federal (e-Doc. 127), defiro o pedido formulado por Belline Santana, por",15388880978
Pet15562,14/07/2026,Petição,"Petição Físico ou Sigiloso - Petição Sigilosa: 90664 Data: 14/07/2026, às 19:10:12",
Pet15562,13/07/2026,Comunicação assinada,"Um documento relacionado ao processo, como um ofício ou um alvará, foi assinado. | Mandado 4262/2026. Mandado de intimação despacho/decisão_SEJ",
Pet15562,13/07/2026,Certidão,Registro de acontecimentos relacionados ao processo. | Certifico a elaboração de 1 (um) mandado de intimação. Decisão de 13.07.2026.,
Pet15562,13/07/2026,Vista à PGR para fins de intimação,O processo foi enviado à Procuradoria-Geral da República (Ministério Público Federal) para comunicação da decisão no processo. | Decisão monocrática,15388766419
Pet15562,13/07/2026,Decisão (sigiloso),"Decisão monocrática | MIN. ANDRÉ MENDONÇA | ""(...) 3. Ante o exposto, nada há a prover nestes autos quanto aos | requerimentos contidos nos e-Docs. 100 e 110.",15388766419
Pet15562,06/07/2026,Petição,"Petição Físico ou Sigiloso - Petição Sigilosa: 87036 Data: 06/07/2026, às 10:36:08",
Pet15562,27/06/2026,Autos disponibilizados à autoridade policial,Termo de disponibilização de autos,15388408374
Pet15562,27/06/2026,Despacho,"Despacho | MIN. ANDRÉ MENDONÇA | ""Considerando a manifestação da Procuradoria-Geral da República | (e-doc. 123), abra-se vista à Polícia Federal, para manifestação sobre o",15388407902
Pet15562,23/06/2026,Conclusos ao(à) Relator(a),O processo foi encaminhado para análise do(a) ministro(a) responsável pelo caso.,
Pet15562,23/06/2026,Petição,"Petição Físico ou Sigiloso - Petição Sigilosa: 82638 Data: 23/06/2026, às 23:43:36",
Pet15562,22/06/2026,Vista à PGR,O processo foi enviado à Procuradoria-Geral da República (Ministério Público Federal) para manifestação. | Vista à PGR,15388200480
Pet15562,22/06/2026,Despacho,Despacho | MIN. ANDRÉ MENDONÇA | Em 22/06/2026,15388199650
Pet15562,29/05/2026,Conclusos ao(à) Relator(a),O processo foi encaminhado para análise do(a) ministro(a) responsável pelo caso.,
Pet15562,29/05/2026,Petição,"Petição Físico ou Sigiloso - Petição Sigilosa: 72266 Data: 29/05/2026, às 21:51:47",
Pet15562,25/05/2026,Vista à PGR,O processo foi enviado à Procuradoria-Geral da República (Ministério Público Federal) para manifestação. | Vista à PGR,15387407822
Pet15562,25/05/2026,Despacho,Despacho | MIN. ANDRÉ MENDONÇA,15387405598
Pet15562,22/05/2026,Petição,"Petição Físico ou Sigiloso - Petição Sigilosa: 68455 Data: 22/05/2026, às 17:38:06",
Pet15562,21/05/2026,Petição,"Petição Físico ou Sigiloso - Petição Sigilosa: 67827 Data: 21/05/2026, às 18:47:27",
Pet15562,20/05/2026,Petição,"Petição Físico ou Sigiloso - Petição Sigilosa: 66961 Data: 20/05/2026, às 14:52:03",
Pet15562,18/05/2026,Petição,"Petição Físico ou Sigiloso - Petição Sigilosa: 65225 Data: 18/05/2026, às 14:21:48",
Pet15562,05/05/2026,Petição,"Petição Físico ou Sigiloso - Petição Sigilosa: 58642 Data: 05/05/2026, às 16:52:32",
Pet15562,28/04/2026,Petição,"Petição Físico ou Sigiloso - Petição Sigilosa: 55113 Data: 28/04/2026, às 12:19:14",
Pet15562,10/04/2026,Juntada do mandado cumprido,,
Pet15562,10/04/2026,Juntada do mandado cumprido,,
Pet15562,10/04/2026,Juntada do mandado cumprido,,
Pet15562,10/04/2026,Juntada do mandado sem cumprimento,,
Pet15562,08/04/2026,Juntada do mandado cumprido,nº 1922/2026,
Pet15562,08/04/2026,Juntada do mandado cumprido,nº 1925/2026,
Pet15562,07/04/2026,Intimado eletronicamente,"A pessoa (o autor, o réu, o executado ou outro interessado) e/ou seu advogado receberam, por sistema eletrônico, a comunicação de uma decisão do processo. | Intimação | PROCURADOR-GERAL DA REPÚBLICA",15385747156
Pet15562,07/04/2026,Intimado eletronicamente,"A pessoa (o autor, o réu, o executado ou outro interessado) e/ou seu advogado receberam, por sistema eletrônico, a comunicação de uma decisão do processo. | Intimação | PROCURADOR-GERAL DA REPÚBLICA",15385747155
Pet15562,01/04/2026,Petição,"Petição Físico ou Sigiloso - Petição Sigilosa: 42222 Data: 01/04/2026, às 23:11:38",
Pet15562,31/03/2026,Expedido(a),Um documento relacionado ao processo foi enviado. | Mandado de intimação despacho/decisão_SEJ,
Pet15562,31/03/2026,Expedido(a),Um documento relacionado ao processo foi enviado. | Mandado de intimação despacho/decisão_SEJ,
Pet15562,31/03/2026,Conclusos ao(à) Relator(a),O processo foi encaminhado para análise do(a) ministro(a) responsável pelo caso.,
Pet15562,31/03/2026,Comunicação assinada,"Um documento relacionado ao processo, como um ofício ou um alvará, foi assinado. | Mandado 1922/2026. Mandado de intimação despacho/decisão_SEJ",
Pet15562,31/03/2026,Comunicação assinada,"Um documento relacionado ao processo, como um ofício ou um alvará, foi assinado. | Mandado 1925/2026. Mandado de intimação despacho/decisão_SEJ",
Pet15562,31/03/2026,Certidão,Registro de acontecimentos relacionados ao processo. | Certifico a reelaboração de 1 mandado de intimação. Decisão de 27/03/2026.,
Pet15562,31/03/2026,Lançamento indevido,31/03/2026 - Conclusos ao(à) Relator(a) | Justificativa: erro,
Pet15562,31/03/2026,Conclusos ao(à) Relator(a),O processo foi encaminhado para análise do(a) ministro(a) responsável pelo caso.,
Pet15562,31/03/2026,Certidão,Registro de acontecimentos relacionados ao processo. | Certifico a reelaboração de 1 mandado de intimação. Despacho de 27/03/2026.,
Pet15562,30/03/2026,Petição,"Petição Físico ou Sigiloso - Petição Sigilosa: 40840 Data: 30/03/2026, às 20:07:08",
Pet15562,30/03/2026,Expedido(a),Um documento relacionado ao processo foi enviado. | Mandado de intimação despacho/decisão_SEJ,
Pet15562,30/03/2026,Expedido(a),Um documento relacionado ao processo foi enviado. | Mandado de intimação despacho/decisão_SEJ,
Pet15562,30/03/2026,Expedido(a),Um documento relacionado ao processo foi enviado. | Mandado de intimação despacho/decisão_SEJ,
Pet15562,30/03/2026,Expedido(a),Um documento relacionado ao processo foi enviado. | Mandado de intimação despacho/decisão_SEJ,
Pet15562,30/03/2026,Comunicação assinada,"Um documento relacionado ao processo, como um ofício ou um alvará, foi assinado. | Mandado 1881/2026. Mandado de intimação despacho/decisão_SEJ",
Pet15562,30/03/2026,Comunicação assinada,"Um documento relacionado ao processo, como um ofício ou um alvará, foi assinado. | Mandado 1884/2026. Mandado de intimação despacho/decisão_SEJ",
Pet15562,30/03/2026,Comunicação assinada,"Um documento relacionado ao processo, como um ofício ou um alvará, foi assinado. | Mandado 1883/2026. Mandado de intimação despacho/decisão_SEJ",
Pet15562,30/03/2026,Comunicação assinada,"Um documento relacionado ao processo, como um ofício ou um alvará, foi assinado. | Mandado 1882/2026. Mandado de intimação despacho/decisão_SEJ",
Pet15562,30/03/2026,Comunicação assinada,"Um documento relacionado ao processo, como um ofício ou um alvará, foi assinado. | Mandado 1885/2026. Mandado de intimação despacho/decisão_SEJ",
Pet15562,30/03/2026,Autos disponibilizados à autoridade policial,Termo de disponibilização de autos,15385583155
Pet15562,30/03/2026,Expedido(a),Um documento relacionado ao processo foi enviado. | Determinação cumprimento despacho/decisão_Relator (CINQ PF),
Pet15562,30/03/2026,Comunicação assinada,"Um documento relacionado ao processo, como um ofício ou um alvará, foi assinado. | Ofício 6825/2026. Determinação cumprimento despacho/decisão_Relator (CINQ PF)",
Pet15562,30/03/2026,Certidão,Registro de acontecimentos relacionados ao processo. | Certifico a elaboração de 5 mandados de intimação. Decisão de 27/03/2026.,
Pet15562,30/03/2026,Certidão,Registro de acontecimentos relacionados ao processo. | Certifico a elaboração de 1 ofício eletrônico. Despacho de 25.3.2026.,
Pet15562,28/03/2026,Lançamento indevido,28/03/2026 - Vista à PGR para fins de intimação | Justificativa: duplicado,
Pet15562,28/03/2026,Lançamento indevido,28/03/2026 - Despacho | Justificativa: Duplicado,
Pet15562,28/03/2026,Vista à PGR para fins de intimação,O processo foi enviado à Procuradoria-Geral da República (Ministério Público Federal) para comunicação da decisão no processo. | Despacho,15385530865
Pet15562,28/03/2026,Despacho,em 27/03/2026,
Pet15562,28/03/2026,Vista à PGR para fins de intimação,O processo foi enviado à Procuradoria-Geral da República (Ministério Público Federal) para comunicação da decisão no processo. | Decisão monocrática,15385530866
Pet15562,28/03/2026,Vista à PGR para fins de intimação,O processo foi enviado à Procuradoria-Geral da República (Ministério Público Federal) para comunicação da decisão no processo. | Despacho,15385530865
Pet15562,28/03/2026,Decisão (sigiloso),MIN. ANDRÉ MENDONÇA | em 27/03/2026,
Pet15562,28/03/2026,Despacho,em 27/03/2026,
Pet15562,25/03/2026,Petição,"Petição Físico ou Sigiloso - Petição Sigilosa: 38064 Data: 25/03/2026, às 11:39:41",
Pet15562,20/03/2026,Conclusos ao(à) Relator(a),O processo foi encaminhado para análise do(a) ministro(a) responsável pelo caso.,
Pet15562,20/03/2026,Certidão,Registro de acontecimentos relacionados ao processo. | CERTIDÃO DE RETIFICAÇÃO DE AUTUAÇÃO,
Pet15562,17/03/2026,Petição,"Petição Físico ou Sigiloso - Petição Sigilosa: 33361 Data: 17/03/2026, às 20:41:49",
Pet15562,13/03/2026,Petição,"Petição Físico ou Sigiloso - Petição Sigilosa: 31486 Data: 13/03/2026, às 20:17:02",
Pet15562,12/03/2026,Petição,"Petição Físico ou Sigiloso - Petição Sigilosa: 30632 Data: 12/03/2026, às 18:07:36",
Pet15562,11/03/2026,Petição,"Petição Físico ou Sigiloso - Petição Sigilosa: 29747 Data: 11/03/2026, às 18:14:28",
Pet15562,10/03/2026,Petição,"Petição Físico ou Sigiloso - Petição Sigilosa: 28034 Data: 10/03/2026, às 12:08:08",
Pet15562,06/03/2026,Petição,"Petição Físico ou Sigiloso - Petição Sigilosa: 26248 Data: 06/03/2026, às 17:09:37",
Pet15562,05/03/2026,Petição,"Petição Físico ou Sigiloso - Petição Sigilosa: 25647 Data: 05/03/2026, às 22:15:57",
Pet15562,05/03/2026,Petição,"Petição Físico ou Sigiloso - Petição Sigilosa: 25051 Data: 05/03/2026, às 13:16:37",
Pet15562,04/03/2026,Petição,"Petição Físico ou Sigiloso - Petição Sigilosa: 24856 Data: 04/03/2026, às 19:54:22",
Pet15562,04/03/2026,Certidão,Registro de acontecimentos relacionados ao processo. | CERTIDÃO DE RETIFICAÇÃO DE AUTUAÇÃO,
Pet15562,04/03/2026,Despacho,04/03/2026,
Pet15562,04/03/2026,Petição,"Petição Físico ou Sigiloso - Petição Sigilosa: 24125 Data: 04/03/2026, às 11:27:24",
Pet15562,04/03/2026,Petição,"Petição Físico ou Sigiloso - Petição Sigilosa: 24099 Data: 04/03/2026, às 10:59:22",
Pet15562,04/03/2026,Petição,"Petição Físico ou Sigiloso - Petição Sigilosa: 24015 Data: 04/03/2026, às 05:06:58",
Pet15562,04/03/2026,Petição,"Petição Físico ou Sigiloso - Petição Sigilosa: 24014 Data: 04/03/2026, às 04:49:01",
Pet15562,03/03/2026,Comunicação assinada,"Um documento relacionado ao processo, como um ofício ou um alvará, foi assinado. | Mandado 1052/2026. Mandado de Busca e Apreensão (ALM)",
Pet15562,03/03/2026,Comunicação assinada,"Um documento relacionado ao processo, como um ofício ou um alvará, foi assinado. | Mandado 1050/2026. Mandado de Busca e Apreensão (ALM)",
Pet15562,03/03/2026,Comunicação assinada,"Um documento relacionado ao processo, como um ofício ou um alvará, foi assinado. | Mandado 1037/2026. Mandado de Busca e Apreensão (ALM)",
Pet15562,03/03/2026,Comunicação assinada,"Um documento relacionado ao processo, como um ofício ou um alvará, foi assinado. | Ofício 4230/2026. Envio de mandado de busca - PF_Relator",
Pet15562,03/03/2026,Comunicação assinada,"Um documento relacionado ao processo, como um ofício ou um alvará, foi assinado. | Mandado 1039/2026. Mandado de Busca e Apreensão (ALM)",
Pet15562,03/03/2026,Comunicação assinada,"Um documento relacionado ao processo, como um ofício ou um alvará, foi assinado. | Mandado 1056/2026. Mandado de Busca e Apreensão (ALM)",
Pet15562,03/03/2026,Comunicação assinada,"Um documento relacionado ao processo, como um ofício ou um alvará, foi assinado. | Mandado 1051/2026. Mandado de Busca e Apreensão (ALM)",
Pet15562,03/03/2026,Comunicação assinada,"Um documento relacionado ao processo, como um ofício ou um alvará, foi assinado. | Mandado 1049/2026. Mandado de Busca e Apreensão (ALM)",
Pet15562,03/03/2026,Comunicação assinada,"Um documento relacionado ao processo, como um ofício ou um alvará, foi assinado. | Mandado 1036/2026. Mandado de Busca e Apreensão (ALM)",
Pet15562,03/03/2026,Comunicação assinada,"Um documento relacionado ao processo, como um ofício ou um alvará, foi assinado. | Mandado 1048/2026. Mandado de Busca e Apreensão (ALM)",
Pet15562,03/03/2026,Comunicação assinada,"Um documento relacionado ao processo, como um ofício ou um alvará, foi assinado. | Mandado 1042/2026. Mandado de Busca e Apreensão (ALM)",
Pet15562,03/03/2026,Comunicação assinada,"Um documento relacionado ao processo, como um ofício ou um alvará, foi assinado. | Mandado 1026/2026. Mandado de Busca e Apreensão (ALM)",
Pet15562,03/03/2026,Comunicação assinada,"Um documento relacionado ao processo, como um ofício ou um alvará, foi assinado. | Mandado 1053/2026. Mandado de Busca e Apreensão (ALM)",
Pet15562,03/03/2026,Comunicação assinada,"Um documento relacionado ao processo, como um ofício ou um alvará, foi assinado. | Mandado 1055/2026. Mandado de Busca e Apreensão (ALM)",
Pet15562,03/03/2026,Comunicação assinada,"Um documento relacionado ao processo, como um ofício ou um alvará, foi assinado. | Mandado 1038/2026. Mandado de Busca e Apreensão (ALM)",
Pet15562,03/03/2026,Comunicação assinada,"Um documento relacionado ao processo, como um ofício ou um alvará, foi assinado. | Mandado 1031/2026. Mandado de Busca e Apreensão (ALM)",
Pet15562,03/03/2026,Comunicação assinada,"Um documento relacionado ao processo, como um ofício ou um alvará, foi assinado. | Mandado 1040/2026. Mandado de Busca e Apreensão (ALM)",
Pet15562,03/03/2026,Comunicação assinada,"Um documento relacionado ao processo, como um ofício ou um alvará, foi assinado. | Mandado 1041/2026. Mandado de Busca e Apreensão (ALM)",
Pet15562,03/03/2026,Comunicação assinada,"Um documento relacionado ao processo, como um ofício ou um alvará, foi assinado. | Mandado 1054/2026. Mandado de Busca e Apreensão (ALM)",
Pet15562,03/03/2026,Comunicação assinada,"Um documento relacionado ao processo, como um ofício ou um alvará, foi assinado. | Mandado 1023/2026. Mandado de Busca e Apreensão (ALM)",
Pet15562,03/03/2026,Certidão,Registro de acontecimentos relacionados ao processo. | Certifico a elaboração de 1 ofício eletrônico e 19 mandados de busca e apreensão. Decisão de 03/03/2026.,
Pet15562,03/03/2026,Decisão (sigiloso),MIN. ANDRÉ MENDONÇA,
Pet15562,03/03/2026,Petição,"Petição Físico ou Sigiloso - Petição Sigilosa: 23877 Data: 03/03/2026, às 18:56:07",
Pet15562,03/03/2026,Conclusos ao(à) Relator(a),O processo foi encaminhado para análise do(a) ministro(a) responsável pelo caso.,
Pet15562,03/03/2026,Petição,"Petição Físico ou Sigiloso - Petição Sigilosa: 23568 Data: 03/03/2026, às 16:11:44",
Pet15562,02/03/2026,Vista à PGR,O processo foi enviado à Procuradoria-Geral da República (Ministério Público Federal) para manifestação. | Vista à PGR,15384546475
Pet15562,02/03/2026,Despacho,,
Pet15562,02/03/2026,Conclusos ao(à) Relator(a),O processo foi encaminhado para análise do(a) ministro(a) responsável pelo caso.,
Pet15562,02/03/2026,Distribuído por prevenção,"O processo foi enviado para o(a) ministro(a) que já julgou outro processo ou recurso relacionado ao caso. | Certidão | MIN. ANDRÉ MENDONÇA. Prevenção do Relator/Sucessor: MIN. ANDRÉ MENDONÇA. Justificativa legal: RISTF, ",15384543361
Pet15562,02/03/2026,Autuado,O processo recebeu uma numeração e uma classificação. É a identidade do processo.,
Pet15562,02/03/2026,Protocolado,"Petição Inicial (nº 22131) recebida em 02/03/2026, às 06:55:25",
Pet15563,10/07/2026,Conclusos ao(à) Relator(a),O processo foi encaminhado para análise do(a) ministro(a) responsável pelo caso.,
Pet15563,10/07/2026,Petição,"Petição Físico ou Sigiloso - Petição Sigilosa: 89559 Data: 10/07/2026, às 22:58:02",
Pet15563,03/07/2026,Vista à PGR,O processo foi enviado à Procuradoria-Geral da República (Ministério Público Federal) para manifestação. | Vista à PGR,15388589160
Pet15563,03/07/2026,Despacho,Despacho | MIN. ANDRÉ MENDONÇA,15388583380
Pet15563,30/06/2026,Petição,"Petição Físico ou Sigiloso - Petição Sigilosa: 85146 Data: 30/06/2026, às 18:41:31",
Pet15563,11/06/2026,Expedido(a),Um documento relacionado ao processo foi enviado. | Ofício Eletrônico 4213/2026 - Data da Remessa: 11/06/2026,
Pet15563,13/05/2026,Conclusos ao(à) Relator(a),O processo foi encaminhado para análise do(a) ministro(a) responsável pelo caso.,
Pet15563,11/05/2026,Intimado eletronicamente,"A pessoa (o autor, o réu, o executado ou outro interessado) e/ou seu advogado receberam, por sistema eletrônico, a comunicação de uma decisão do processo. | Intimação | PROCURADOR-GERAL DA REPÚBLICA",15386918742
Pet15563,07/05/2026,Petição,"Petição Físico ou Sigiloso - Petição Sigilosa: 60107 Data: 07/05/2026, às 16:48:01",
Pet15563,05/05/2026,Juntada do mandado cumprido,Nº 2552/2026,
Pet15563,01/05/2026,Expedido(a),Um documento relacionado ao processo foi enviado. | Mandado de intimação despacho/decisão_SEJ,
Pet15563,29/04/2026,Comunicação assinada,"Um documento relacionado ao processo, como um ofício ou um alvará, foi assinado. | Mandado 2552/2026. Mandado de intimação despacho/decisão_SEJ",
Pet15563,29/04/2026,Certidão,Registro de acontecimentos relacionados ao processo. | Certifico a elaboração de 1 mandado de intimação. Despacho de 28/04/2026.,
Pet15563,29/04/2026,Certidão,Registro de acontecimentos relacionados ao processo. | de retificação de autuação,
Pet15563,29/04/2026,Vista à PGR para fins de intimação,O processo foi enviado à Procuradoria-Geral da República (Ministério Público Federal) para comunicação da decisão no processo. | Despacho,15386562904
Pet15563,29/04/2026,Despacho,Despacho | MIN. ANDRÉ MENDONÇA | 28/04/2026,15386562904
Pet15563,28/04/2026,Juntada de AR,O.E 4225/2026,
Pet15563,24/04/2026,Petição,"Petição Físico ou Sigiloso - Petição Sigilosa: 53040 Data: 24/04/2026, às 10:36:22",
Pet15563,22/04/2026,Petição,51834/2026 - 22/04/2026 -,
Pet15563,22/04/2026,Petição,51828/2026 - 22/04/2026 -,
Pet15563,10/04/2026,Juntada de AR,,
Pet15563,10/04/2026,Juntada de AR,,
Pet15563,10/04/2026,Juntada de AR,,
Pet15563,07/04/2026,Petição,"Petição Físico ou Sigiloso - Petição Sigilosa: 44302 Data: 07/04/2026, às 17:51:28",
Pet15563,07/04/2026,Petição,"Petição Físico ou Sigiloso - Petição Sigilosa: 44037 Data: 07/04/2026, às 14:28:52",
Pet15563,06/04/2026,Petição,"43473/2026 Data: 06/04/2026, às 17:32:20 PETV3",
Pet15563,26/03/2026,Petição,38862/2026 - 26/03/2026 -,
Pet15563,26/03/2026,Petição,38855/2026 - 26/03/2026 -,
Pet15563,26/03/2026,Petição,"Petição Físico ou Sigiloso - Petição Sigilosa: 38804 Data: 26/03/2026, às 14:58:21",
Pet15563,26/03/2026,Petição,"Petição Físico ou Sigiloso - Petição Sigilosa: 38576 Data: 26/03/2026, às 07:12:47",
Pet15563,25/03/2026,Petição,38349/2026 - 25/03/2026 -,
Pet15563,24/03/2026,Petição,"Petição Físico ou Sigiloso - Petição Sigilosa: 37912 Data: 24/03/2026, às 23:16:06",
Pet15563,24/03/2026,Petição,"Petição Físico ou Sigiloso - Petição Sigilosa: 37369 Data: 24/03/2026, às 15:17:21",
Pet15563,23/03/2026,Conclusos ao(à) Relator(a),O processo foi encaminhado para análise do(a) ministro(a) responsável pelo caso.,
Pet15563,23/03/2026,Certidão,Registro de acontecimentos relacionados ao processo. | CERTIDÃO DE RETIFICAÇÃO DE AUTUAÇÃO,
Pet15563,20/03/2026,Petição,"Petição Físico ou Sigiloso - Petição Sigilosa: 35389 Data: 20/03/2026, às 10:53:35",
Pet15563,18/03/2026,Petição,"Petição Físico ou Sigiloso - Petição Sigilosa: 34312 Data: 18/03/2026, às 18:40:29",
Pet15563,18/03/2026,Juntada de AR,Do Ofício n. 4233/2026,
Pet15563,17/03/2026,Petição,33201/2026 - 17/03/2026 -,
Pet15563,17/03/2026,Petição,33200/2026 - 17/03/2026 -,
Pet15563,17/03/2026,Petição,"Petição Físico ou Sigiloso - Petição Sigilosa: 32920 Data: 17/03/2026, às 14:42:17",
Pet15563,17/03/2026,Petição,"Petição Físico ou Sigiloso - Petição Sigilosa: 32801 Data: 17/03/2026, às 12:31:06",
Pet15563,17/03/2026,Petição,"Petição Físico ou Sigiloso - Petição Sigilosa: 32631 Data: 17/03/2026, às 11:33:29",
Pet15563,16/03/2026,Intimado eletronicamente,"A pessoa (o autor, o réu, o executado ou outro interessado) e/ou seu advogado receberam, por sistema eletrônico, a comunicação de uma decisão do processo. | Intimação | PROCURADOR-GERAL DA REPÚBLICA",15385098500
Pet15563,13/03/2026,Petição,31379/2026 - 13/03/2026 -,
Pet15563,13/03/2026,Petição,31378/2026 - 13/03/2026 -,
Pet15563,12/03/2026,Petição,30496/2026 - 12/03/2026 -,
Pet15563,12/03/2026,Petição,30494/2026 - 12/03/2026 -,
Pet15563,12/03/2026,Petição,30493/2026 - 12/03/2026 -,
Pet15563,12/03/2026,Petição,30492/2026 - 12/03/2026 -,
Pet15563,12/03/2026,Petição,30491/2026 - 12/03/2026 -,
Pet15563,12/03/2026,Petição,30276/2026 - 12/03/2026 -,
Pet15563,10/03/2026,Petição,28900/2026 - 10/03/2026 -,
Pet15563,10/03/2026,Petição,28899/2026 - 10/03/2026 -,
Pet15563,10/03/2026,Petição,"Petição Físico ou Sigiloso - Petição Sigilosa: 28782 Data: 10/03/2026, às 17:31:20",
Pet15563,10/03/2026,Petição,"27391/2026 Data: 09/03/2026, às 18:53:49 PETV3",
Pet15563,09/03/2026,Petição,27258/2026 - 09/03/2026 -,
Pet15563,09/03/2026,Expedido(a),Um documento relacionado ao processo foi enviado. | Ofício Eletrônico 4222/2026 - AD186636267BR - Data da Remessa: 09/03/2026,
Pet15563,09/03/2026,Expedido(a),Um documento relacionado ao processo foi enviado. | Ofício Eletrônico 4228/2026 - AD186636253BR - Data da Remessa: 09/03/2026,
Pet15563,09/03/2026,Petição,"26365/2026 Data: 06/03/2026, às 18:14:00 PETV3",
Pet15563,09/03/2026,Petição,26674/2026 - 09/03/2026 -,
Pet15563,06/03/2026,Petição,"Petição Físico ou Sigiloso - Petição Sigilosa: 26244 Data: 06/03/2026, às 17:05:49",
Pet15563,06/03/2026,Petição,"Petição Físico ou Sigiloso - Petição Sigilosa: 26150 Data: 06/03/2026, às 16:42:31",
Pet15563,05/03/2026,Petição,"Petição Físico ou Sigiloso - Petição Sigilosa: 25338 Data: 05/03/2026, às 16:57:31",
Pet15563,05/03/2026,Petição,25237/2026 - 05/03/2026 -,
Pet15563,04/03/2026,Petição,"Petição Físico ou Sigiloso - Petição Sigilosa: 24884 Data: 04/03/2026, às 22:03:48",
Pet15563,04/03/2026,Petição,24711/2026 - 04/03/2026 -,
Pet15563,04/03/2026,Expedido(a),Um documento relacionado ao processo foi enviado. | Ofício Eletrônico 4212/2026 - AD175854252BR - Data da Remessa: 04/03/2026,
Pet15563,04/03/2026,Expedido(a),Um documento relacionado ao processo foi enviado. | Ofício Eletrônico 4233/2026 - AD175854204BR - Data da Remessa: 04/03/2026,
Pet15563,04/03/2026,Expedido(a),Um documento relacionado ao processo foi enviado. | Ofício Eletrônico 4225/2026 - AD175854164BR - Data da Remessa: 04/03/2026,
Pet15563,04/03/2026,Vista à PGR para fins de intimação,O processo foi enviado à Procuradoria-Geral da República (Ministério Público Federal) para comunicação da decisão no processo. | Decisão monocrática,15384624904
Pet15563,04/03/2026,Expedido(a),Um documento relacionado ao processo foi enviado. | Determinação de diligências_Relator,
Pet15563,04/03/2026,Expedido(a),Um documento relacionado ao processo foi enviado. | Determinação de diligências_Relator,
Pet15563,04/03/2026,Expedido(a),Um documento relacionado ao processo foi enviado. | Determinação de diligências_Relator,
Pet15563,04/03/2026,Expedido(a),Um documento relacionado ao processo foi enviado. | Determinação de diligências_Relator,
Pet15563,04/03/2026,Expedido(a),Um documento relacionado ao processo foi enviado. | Determinação de diligências_Relator,
Pet15563,04/03/2026,Expedido(a),Um documento relacionado ao processo foi enviado. | Determinação de diligências_Relator,
Pet15563,04/03/2026,Expedido(a),Um documento relacionado ao processo foi enviado. | Determinação de diligências_Relator,
Pet15563,04/03/2026,Expedido(a),Um documento relacionado ao processo foi enviado. | Determinação de diligências_Relator,
Pet15563,04/03/2026,Expedido(a),Um documento relacionado ao processo foi enviado. | Determinação de diligências_Relator,
Pet15563,04/03/2026,Expedido(a),Um documento relacionado ao processo foi enviado. | Determinação de diligências_Relator,
Pet15563,04/03/2026,Expedido(a),Um documento relacionado ao processo foi enviado. | Determinação de diligências_Relator,
Pet15563,04/03/2026,Expedido(a),Um documento relacionado ao processo foi enviado. | Determinação de diligências_Relator,
Pet15563,04/03/2026,Expedido(a),Um documento relacionado ao processo foi enviado. | Determinação de diligências_Relator,
Pet15563,04/03/2026,Expedido(a),Um documento relacionado ao processo foi enviado. | Determinação de diligências_Relator,
Pet15563,04/03/2026,Expedido(a),Um documento relacionado ao processo foi enviado. | Determinação de diligências_Relator,
Pet15563,04/03/2026,Expedido(a),Um documento relacionado ao processo foi enviado. | Determinação de diligências_Relator,
Pet15563,03/03/2026,Comunicação assinada,"Um documento relacionado ao processo, como um ofício ou um alvará, foi assinado. | Ofício 4219/2026. Determinação de diligências_Relator",
Pet15563,03/03/2026,Comunicação assinada,"Um documento relacionado ao processo, como um ofício ou um alvará, foi assinado. | Ofício 4234/2026. Comunicação de despacho/decisão_Relator",
Pet15563,03/03/2026,Comunicação assinada,"Um documento relacionado ao processo, como um ofício ou um alvará, foi assinado. | Ofício 4229/2026. Determinação de diligências_Relator",
Pet15563,03/03/2026,Comunicação assinada,"Um documento relacionado ao processo, como um ofício ou um alvará, foi assinado. | Ofício 4216/2026. Determinação de diligências_Relator",
Pet15563,03/03/2026,Comunicação assinada,"Um documento relacionado ao processo, como um ofício ou um alvará, foi assinado. | Ofício 4227/2026. Determinação de diligências_Relator",
Pet15563,03/03/2026,Comunicação assinada,"Um documento relacionado ao processo, como um ofício ou um alvará, foi assinado. | Ofício 4213/2026. Determinação de diligências_Relator",
Pet15563,03/03/2026,Comunicação assinada,"Um documento relacionado ao processo, como um ofício ou um alvará, foi assinado. | Ofício 4220/2026. Determinação de diligências_Relator",
Pet15563,03/03/2026,Comunicação assinada,"Um documento relacionado ao processo, como um ofício ou um alvará, foi assinado. | Ofício 4214/2026. Determinação de diligências_Relator",
Pet15563,03/03/2026,Comunicação assinada,"Um documento relacionado ao processo, como um ofício ou um alvará, foi assinado. | Ofício 4226/2026. Determinação de diligências_Relator",
Pet15563,03/03/2026,Comunicação assinada,"Um documento relacionado ao processo, como um ofício ou um alvará, foi assinado. | Ofício 4233/2026. Determinação de diligências_Relator",
Pet15563,03/03/2026,Comunicação assinada,"Um documento relacionado ao processo, como um ofício ou um alvará, foi assinado. | Ofício 4222/2026. Determinação de diligências_Relator",
Pet15563,03/03/2026,Comunicação assinada,"Um documento relacionado ao processo, como um ofício ou um alvará, foi assinado. | Ofício 4217/2026. Determinação de diligências_Relator",
Pet15563,03/03/2026,Comunicação assinada,"Um documento relacionado ao processo, como um ofício ou um alvará, foi assinado. | Ofício 4224/2026. Determinação de diligências_Relator",
Pet15563,03/03/2026,Comunicação assinada,"Um documento relacionado ao processo, como um ofício ou um alvará, foi assinado. | Ofício 4212/2026. Determinação de diligências_Relator",
Pet15563,03/03/2026,Comunicação assinada,"Um documento relacionado ao processo, como um ofício ou um alvará, foi assinado. | Ofício 4228/2026. Determinação de diligências_Relator",
Pet15563,03/03/2026,Comunicação assinada,"Um documento relacionado ao processo, como um ofício ou um alvará, foi assinado. | Ofício 4218/2026. Determinação de diligências_Relator",
Pet15563,03/03/2026,Comunicação assinada,"Um documento relacionado ao processo, como um ofício ou um alvará, foi assinado. | Ofício 4208/2026. Determinação de diligências_Relator",
Pet15563,03/03/2026,Comunicação assinada,"Um documento relacionado ao processo, como um ofício ou um alvará, foi assinado. | Ofício 4223/2026. Determinação de diligências_Relator",
Pet15563,03/03/2026,Comunicação assinada,"Um documento relacionado ao processo, como um ofício ou um alvará, foi assinado. | Ofício 4225/2026. Determinação de diligências_Relator",
Pet15563,03/03/2026,Comunicação assinada,"Um documento relacionado ao processo, como um ofício ou um alvará, foi assinado. | Ofício 4221/2026. Determinação de diligências_Relator",
Pet15563,03/03/2026,Certidão,Registro de acontecimentos relacionados ao processo. | Certifico a elaboração de 20 (vinte) ofícios eletrônicos. Decisão de 03.03.2026.,
Pet15563,03/03/2026,Decisão (sigiloso),MIN. ANDRÉ MENDONÇA | 03/03/2026,
Pet15563,03/03/2026,Certidão,Registro de acontecimentos relacionados ao processo.,
Pet15563,03/03/2026,Conclusos ao(à) Relator(a),O processo foi encaminhado para análise do(a) ministro(a) responsável pelo caso.,
Pet15563,03/03/2026,Petição,"Petição Físico ou Sigiloso - Petição Sigilosa: 23572 Data: 03/03/2026, às 16:15:03",
Pet15563,02/03/2026,Vista à PGR,O processo foi enviado à Procuradoria-Geral da República (Ministério Público Federal) para manifestação. | Vista à PGR,15384546005
Pet15563,02/03/2026,Despacho,,
Pet15563,02/03/2026,Conclusos ao(à) Relator(a),O processo foi encaminhado para análise do(a) ministro(a) responsável pelo caso.,
Pet15563,02/03/2026,Distribuído por prevenção,"O processo foi enviado para o(a) ministro(a) que já julgou outro processo ou recurso relacionado ao caso. | Certidão | MIN. ANDRÉ MENDONÇA. Prevenção do Relator/Sucessor: MIN. ANDRÉ MENDONÇA. Justificativa legal: RISTF, ",15384543362
Pet15563,02/03/2026,Autuado,O processo recebeu uma numeração e uma classificação. É a identidade do processo.,
Pet15563,02/03/2026,Protocolado,"Petição Inicial (nº 22151) recebida em 02/03/2026, às 09:46:00",
Pet15693,04/08/2026,Conclusos ao(à) Relator(a),O processo foi encaminhado para análise do(a) ministro(a) responsável pelo caso.,
Pet15693,04/08/2026,Juntada de AR,Oficio nº 14613/2026,
Pet15693,08/07/2026,Conclusos ao(à) Relator(a),O processo foi encaminhado para análise do(a) ministro(a) responsável pelo caso.,
Pet15693,08/07/2026,Certidão,"Registro de acontecimentos relacionados ao processo. | Certifico que, no dia 6/7/26, decorreu o prazo concedido na decisão (eDOC 34, Id c6f395b1), para que fossem respondidos os Ofícios n. 14611/2026, 1461",
Pet15693,30/06/2026,Expedido(a),Um documento relacionado ao processo foi enviado. | Ofício Eletrônico 14613/2026 - AD627634357BR - Data da Remessa: 30/06/2026,
Pet15693,30/06/2026,Petição,"Petição Físico ou Sigiloso - Petição Sigilosa: 84924 Data: 30/06/2026, às 15:27:37",
Pet15693,26/06/2026,Expedido(a),Um documento relacionado ao processo foi enviado. | Determinação de diligências_Relator,
Pet15693,26/06/2026,Expedido(a),Um documento relacionado ao processo foi enviado. | Determinação de diligências_Relator,
Pet15693,26/06/2026,Expedido(a),Um documento relacionado ao processo foi enviado. | Determinação de diligências_Relator,
Pet15693,26/06/2026,Expedido(a),Um documento relacionado ao processo foi enviado. | Comunicação de despacho/decisão_Relator,
Pet15693,26/06/2026,Comunicação assinada,"Um documento relacionado ao processo, como um ofício ou um alvará, foi assinado. | Ofício 14616/2026. Comunicação de despacho/decisão_Relator",
Pet15693,26/06/2026,Comunicação assinada,"Um documento relacionado ao processo, como um ofício ou um alvará, foi assinado. | Ofício 14612/2026. Determinação de diligências_Relator",
Pet15693,26/06/2026,Comunicação assinada,"Um documento relacionado ao processo, como um ofício ou um alvará, foi assinado. | Ofício 14613/2026. Determinação de diligências_Relator",
Pet15693,26/06/2026,Comunicação assinada,"Um documento relacionado ao processo, como um ofício ou um alvará, foi assinado. | Ofício 14611/2026. Determinação de diligências_Relator",
Pet15693,19/06/2026,Certidão,Registro de acontecimentos relacionados ao processo. | De elaboração de quatro ofícios eletrônicos. Decisão de 19/6/2026.,
Pet15693,19/06/2026,Decisão (sigiloso),"Decisão monocrática | MIN. ANDRÉ MENDONÇA | ""(...) 90. Após o cumprimento de todas as providências operacionais | determinadas nesta decisão, dê-se ciência à Procuradoria-Geral da",15388189547
Pet15693,17/06/2026,Petição,"Petição Físico ou Sigiloso - Petição Sigilosa: 79809 Data: 17/06/2026, às 17:52:53",
Pet15693,17/06/2026,Conclusos ao(à) Relator(a),O processo foi encaminhado para análise do(a) ministro(a) responsável pelo caso.,
Pet15693,17/06/2026,Petição,"Petição Físico ou Sigiloso - Petição Sigilosa: 79687 Data: 17/06/2026, às 16:42:25",
Pet15693,09/06/2026,Vista à PGR,O processo foi enviado à Procuradoria-Geral da República (Ministério Público Federal) para manifestação. | Vista à PGR,15387845659
Pet15693,09/06/2026,Despacho,"Despacho | MIN. ANDRÉ MENDONÇA | ""1. Abra-se vista à Procuradoria-Geral da República para, no | prazo de 5 (cinco) dias, manifestar-se sobre o pedido formulado pela",15387844725
Pet15693,09/06/2026,Petição,"Petição Físico ou Sigiloso - Petição Sigilosa: 75770 Data: 09/06/2026, às 14:34:17",
Pet15693,21/05/2026,Petição,"Petição Físico ou Sigiloso - Petição Sigilosa: 67950 Data: 21/05/2026, às 22:10:50",
Pet15693,21/05/2026,Intimado eletronicamente,"A pessoa (o autor, o réu, o executado ou outro interessado) e/ou seu advogado receberam, por sistema eletrônico, a comunicação de uma decisão do processo. | Intimação | PROCURADOR-GERAL DA REPÚBLICA",15387269906
Pet15693,11/05/2026,Autos disponibilizados à autoridade policial,Termo de disponibilização de autos,15386951738
Pet15693,11/05/2026,Vista à PGR para fins de intimação,O processo foi enviado à Procuradoria-Geral da República (Ministério Público Federal) para comunicação da decisão no processo. | Despacho,15386951632
Pet15693,11/05/2026,Despacho,"Despacho | MIN. ANDRÉ MENDONÇA | ""1. Informado o cumprimento parcial da determinação de | preservação de dados em nuvem virtual (e-doc. 4), restitua-se à Polícia",15386951632
Pet15693,08/04/2026,Conclusos ao(à) Relator(a),O processo foi encaminhado para análise do(a) ministro(a) responsável pelo caso.,
Pet15693,08/04/2026,Certidão,Registro de acontecimentos relacionados ao processo. | CERTIDÃO DE INFORMAÇÕES NÃO RECEBIDAS,
Pet15693,30/03/2026,Intimado eletronicamente,"A pessoa (o autor, o réu, o executado ou outro interessado) e/ou seu advogado receberam, por sistema eletrônico, a comunicação de uma decisão do processo. | Intimação | PROCURADOR-GERAL DA REPÚBLICA",15385534907
Pet15693,27/03/2026,Petição,"Petição Físico ou Sigiloso - Petição Sigilosa: 39603 Data: 27/03/2026, às 15:11:38",
Pet15693,26/03/2026,Petição,"Petição Físico ou Sigiloso - Petição Sigilosa: 38586 Data: 26/03/2026, às 08:12:50",
Pet15693,20/03/2026,Expedido(a),Um documento relacionado ao processo foi enviado. | Envio de documentos_Relator,
Pet15693,20/03/2026,Comunicação assinada,"Um documento relacionado ao processo, como um ofício ou um alvará, foi assinado. | Ofício 6041/2026. Determinação de diligências_Relator",
Pet15693,20/03/2026,Comunicação assinada,"Um documento relacionado ao processo, como um ofício ou um alvará, foi assinado. | Ofício 6043/2026. Determinação de diligências_Relator",
Pet15693,20/03/2026,Comunicação assinada,"Um documento relacionado ao processo, como um ofício ou um alvará, foi assinado. | Ofício 6051/2026. Envio de documentos_Relator",
Pet15693,19/03/2026,Certidão,Registro de acontecimentos relacionados ao processo. | Certifico a elaboração de 3 ofícios eletrônicos. Decisão de 18.3.2026.,
Pet15693,19/03/2026,Vista à PGR para fins de intimação,O processo foi enviado à Procuradoria-Geral da República (Ministério Público Federal) para comunicação da decisão no processo. | Decisão monocrática,15385243410
Pet15693,19/03/2026,Decisão (sigiloso),MIN. ANDRÉ MENDONÇA | 18/03/2026,
Pet15693,16/03/2026,Conclusos ao(à) Relator(a),O processo foi encaminhado para análise do(a) ministro(a) responsável pelo caso.,
Pet15693,16/03/2026,Distribuído por prevenção,"O processo foi enviado para o(a) ministro(a) que já julgou outro processo ou recurso relacionado ao caso. | Certidão | MIN. ANDRÉ MENDONÇA. Prevenção do Relator/Sucessor: MIN. ANDRÉ MENDONÇA. Justificativa legal: RISTF, ",15385144742
Pet15693,16/03/2026,Autuado,O processo recebeu uma numeração e uma classificação. É a identidade do processo.,
Pet15693,13/03/2026,Protocolado,"Petição Inicial (nº 31068) recebida em 13/03/2026, às 14:47:56",
Pet15976,11/09/2026,Conclusos ao(à) Relator(a),O processo foi encaminhado para análise do(a) ministro(a) responsável pelo caso.,
Pet15976,11/09/2026,Certidão,Registro de acontecimentos relacionados ao processo. | Certidão | de retificação de autuação,15390335061
Pet15976,09/09/2026,Petição,"Petição Físico ou Sigiloso - Petição Sigilosa: 113941 Data: 09/09/2026, às 17:49:25",
Pet15976,29/07/2026,Conclusos ao(à) Relator(a),O processo foi encaminhado para análise do(a) ministro(a) responsável pelo caso.,
Pet15976,29/07/2026,Certidão,Registro de acontecimentos relacionados ao processo. | CERTIDÃO,
Pet15976,29/07/2026,Despacho,Despacho | MIN. ANDRÉ MENDONÇA | 29/07/2026,15388939669
Pet15976,29/07/2026,Petição,"Petição Físico ou Sigiloso - Petição Sigilosa: 95645 Data: 29/07/2026, às 08:53:34",
Pet15976,23/07/2026,Petição,94091/2026 - 23/07/2026 -,
Pet15976,01/07/2026,Petição,"Petição Físico ou Sigiloso - Petição Sigilosa: 85856 Data: 01/07/2026, às 19:44:03",
Pet15976,26/06/2026,Intimado eletronicamente,"A pessoa (o autor, o réu, o executado ou outro interessado) e/ou seu advogado receberam, por sistema eletrônico, a comunicação de uma decisão do processo. | Intimação | PROCURADOR-GERAL DA REPÚBLICA",15388372919
Pet15976,24/06/2026,Conclusos ao(à) Relator(a),O processo foi encaminhado para análise do(a) ministro(a) responsável pelo caso.,
Pet15976,17/06/2026,Petição,"Petição Físico ou Sigiloso - Petição Sigilosa: 79765 Data: 17/06/2026, às 17:25:48",
Pet15976,16/06/2026,Certidão,"Registro de acontecimentos relacionados ao processo. | Certifico que, em cumprimento ao despacho de 16/06/2026, transladei cópia do Protocolado 74537/2026 para a PET 15978.",
Pet15976,16/06/2026,Vista à PGR para fins de intimação,O processo foi enviado à Procuradoria-Geral da República (Ministério Público Federal) para comunicação da decisão no processo. | Despacho,15388037953
Pet15976,16/06/2026,Despacho,Despacho | MIN. ANDRÉ MENDONÇA,15388037953
Pet15976,09/06/2026,Petição,"Petição Físico ou Sigiloso - Petição Sigilosa: 76148 Data: 09/06/2026, às 21:20:52",
Pet15976,05/06/2026,Petição,"Petição Físico ou Sigiloso - Petição Sigilosa: 74537 Data: 05/06/2026, às 13:59:31",
Pet15976,01/06/2026,Conclusos ao(à) Relator(a),O processo foi encaminhado para análise do(a) ministro(a) responsável pelo caso.,
Pet15976,29/05/2026,Intimado eletronicamente,"A pessoa (o autor, o réu, o executado ou outro interessado) e/ou seu advogado receberam, por sistema eletrônico, a comunicação de uma decisão do processo. | Intimação | PROCURADOR-GERAL DA REPÚBLICA",15387579663
Pet15976,28/05/2026,Intimado eletronicamente,"A pessoa (o autor, o réu, o executado ou outro interessado) e/ou seu advogado receberam, por sistema eletrônico, a comunicação de uma decisão do processo. | Intimação | PROCURADOR-GERAL DA REPÚBLICA",15387518914
Pet15976,25/05/2026,Certidão,Registro de acontecimentos relacionados ao processo. | Certidão de retificação de autuação,
Pet15976,22/05/2026,Petição,"Petição Físico ou Sigiloso - Petição Sigilosa: 68153 Data: 22/05/2026, às 12:58:05",
Pet15976,21/05/2026,Petição,"Petição Físico ou Sigiloso - Petição Sigilosa: 67961 Data: 21/05/2026, às 22:16:56",
Pet15976,19/05/2026,Vista à PGR para fins de intimação,O processo foi enviado à Procuradoria-Geral da República (Ministério Público Federal) para comunicação da decisão no processo. | Despacho,15387178197
Pet15976,19/05/2026,Despacho,Despacho | MIN. ANDRÉ MENDONÇA,15387178197
Pet15976,18/05/2026,Certidão,Registro de acontecimentos relacionados ao processo. | Certidão de retificação de autuação,
Pet15976,18/05/2026,Vista à PGR para fins de intimação,O processo foi enviado à Procuradoria-Geral da República (Ministério Público Federal) para comunicação da decisão no processo. | Decisão monocrática,15387066458
Pet15976,15/05/2026,Petição,"Petição Físico ou Sigiloso - Petição Sigilosa: 64417 Data: 15/05/2026, às 12:24:49",
Pet15976,14/05/2026,Petição,"Petição Físico ou Sigiloso - Petição Sigilosa: 64219 Data: 14/05/2026, às 19:53:41",
Pet15976,14/05/2026,Petição,"Petição Físico ou Sigiloso - Petição Sigilosa: 64139 Data: 14/05/2026, às 18:31:01",
Pet15976,14/05/2026,Petição,"Petição Físico ou Sigiloso - Petição Sigilosa: 63827 Data: 14/05/2026, às 14:15:27",
Pet15976,14/05/2026,Certidão,"Registro de acontecimentos relacionados ao processo. | CERTIDÃO DE RETIFICAÇÃO DE AUTUAÇÃO Certifico que retifiquei a autuação destes autos para incluir Bruno Correa Lemos (OAB/MG n. 164.958), e outro, como advogados de ",
Pet15976,14/05/2026,Expedido(a),Um documento relacionado ao processo foi enviado. | Envio de Documentos _PF (ALM),
Pet15976,14/05/2026,Comunicação assinada,"Um documento relacionado ao processo, como um ofício ou um alvará, foi assinado. | Mandado 2901/2026. Mandado de Busca e Apreensão (ALM)",
Pet15976,14/05/2026,Comunicação assinada,"Um documento relacionado ao processo, como um ofício ou um alvará, foi assinado. | Ofício 11295/2026. Envio de Documentos _PF (ALM)",
Pet15976,14/05/2026,Decisão (sigiloso),Decisão monocrática | MIN. ANDRÉ MENDONÇA,15387089980
Pet15976,14/05/2026,Certidão,Registro de acontecimentos relacionados ao processo. | Certifico a elaboração de 1 ofício eletrônico e 1 mandado. Decisão de 14.05.2026.,
Pet15976,14/05/2026,Petição,"Petição Físico ou Sigiloso - Petição Sigilosa: 63702 Data: 14/05/2026, às 10:42:42",
Pet15976,14/05/2026,Petição,"Petição Físico ou Sigiloso - Petição Sigilosa: 63701 Data: 14/05/2026, às 10:42:10",
Pet15976,14/05/2026,Petição,"Petição Físico ou Sigiloso - Petição Sigilosa: 63678 Data: 14/05/2026, às 09:58:51",
Pet15976,13/05/2026,Expedido(a),Um documento relacionado ao processo foi enviado. | Envio de Documentos _PF (ALM),
Pet15976,13/05/2026,Comunicação assinada,"Um documento relacionado ao processo, como um ofício ou um alvará, foi assinado. | Ofício 11269/2026. Envio de Documentos _PF (ALM)",
Pet15976,13/05/2026,Comunicação assinada,"Um documento relacionado ao processo, como um ofício ou um alvará, foi assinado. | Mandado 2896/2026. Mandado de Busca e Apreensão (ALM)",
Pet15976,13/05/2026,Certidão,Registro de acontecimentos relacionados ao processo. | Certifico a elaboração de 1 ofício eletrônico e 1 mandado. Deci~sao de 13.05.2026.,
Pet15976,13/05/2026,Decisão (sigiloso),Decisão monocrática | MIN. ANDRÉ MENDONÇA | 13/05/2026,15387072994
Pet15976,13/05/2026,Expedido(a),Um documento relacionado ao processo foi enviado. | Envio de Documentos _PF (ALM),
Pet15976,13/05/2026,Petição,"Petição Físico ou Sigiloso - Petição Sigilosa: 63502 Data: 13/05/2026, às 18:50:26",
Pet15976,13/05/2026,Comunicação assinada,"Um documento relacionado ao processo, como um ofício ou um alvará, foi assinado. | Mandado 2866/2026. Mandado de Busca e Apreensão (ALM)",
Pet15976,13/05/2026,Comunicação assinada,"Um documento relacionado ao processo, como um ofício ou um alvará, foi assinado. | Mandado 2873/2026. Mandado de Busca e Apreensão (ALM)",
Pet15976,13/05/2026,Comunicação assinada,"Um documento relacionado ao processo, como um ofício ou um alvará, foi assinado. | Mandado 2883/2026. Mandado de Busca e Apreensão (ALM)",
Pet15976,13/05/2026,Comunicação assinada,"Um documento relacionado ao processo, como um ofício ou um alvará, foi assinado. | Mandado 2864/2026. Mandado de Busca e Apreensão (ALM)",
Pet15976,13/05/2026,Comunicação assinada,"Um documento relacionado ao processo, como um ofício ou um alvará, foi assinado. | Mandado 2869/2026. Mandado de Busca e Apreensão (ALM)",
Pet15976,13/05/2026,Comunicação assinada,"Um documento relacionado ao processo, como um ofício ou um alvará, foi assinado. | Mandado 2863/2026. Mandado de Busca e Apreensão (ALM)",
Pet15976,13/05/2026,Comunicação assinada,"Um documento relacionado ao processo, como um ofício ou um alvará, foi assinado. | Mandado 2884/2026. Mandado de Busca e Apreensão (ALM)",
Pet15976,13/05/2026,Comunicação assinada,"Um documento relacionado ao processo, como um ofício ou um alvará, foi assinado. | Mandado 2886/2026. Mandado de Busca e Apreensão (ALM)",
Pet15976,13/05/2026,Comunicação assinada,"Um documento relacionado ao processo, como um ofício ou um alvará, foi assinado. | Mandado 2876/2026. Mandado de Busca e Apreensão (ALM)",
Pet15976,13/05/2026,Comunicação assinada,"Um documento relacionado ao processo, como um ofício ou um alvará, foi assinado. | Mandado 2875/2026. Mandado de Busca e Apreensão (ALM)",
Pet15976,13/05/2026,Comunicação assinada,"Um documento relacionado ao processo, como um ofício ou um alvará, foi assinado. | Mandado 2882/2026. Mandado de Busca e Apreensão (ALM)",
Pet15976,13/05/2026,Comunicação assinada,"Um documento relacionado ao processo, como um ofício ou um alvará, foi assinado. | Ofício 11251/2026. Envio de Documentos _PF (ALM)",
Pet15976,13/05/2026,Comunicação assinada,"Um documento relacionado ao processo, como um ofício ou um alvará, foi assinado. | Mandado 2861/2026. Mandado de Busca e Apreensão (ALM)",
Pet15976,13/05/2026,Comunicação assinada,"Um documento relacionado ao processo, como um ofício ou um alvará, foi assinado. | Mandado 2879/2026. Mandado de Busca e Apreensão (ALM)",
Pet15976,13/05/2026,Comunicação assinada,"Um documento relacionado ao processo, como um ofício ou um alvará, foi assinado. | Mandado 2871/2026. Mandado de Busca e Apreensão (ALM)",
Pet15976,13/05/2026,Comunicação assinada,"Um documento relacionado ao processo, como um ofício ou um alvará, foi assinado. | Mandado 2867/2026. Mandado de Busca e Apreensão (ALM)",
Pet15976,13/05/2026,Comunicação assinada,"Um documento relacionado ao processo, como um ofício ou um alvará, foi assinado. | Mandado 2862/2026. Mandado de Busca e Apreensão (ALM)",
Pet15976,13/05/2026,Certidão,Registro de acontecimentos relacionados ao processo. | Certifico a elaboração de 1 ofício eletrônico e 16 mandados. Decisão de 13.05.2026.,
Pet15976,13/05/2026,Decisão (sigiloso),Decisão monocrática | MIN. ANDRÉ MENDONÇA,15387066458
Pet15976,13/05/2026,Petição,"Petição Físico ou Sigiloso - Petição Sigilosa: 63054 Data: 13/05/2026, às 10:54:36",
Pet15976,05/05/2026,Conclusos ao(à) Relator(a),O processo foi encaminhado para análise do(a) ministro(a) responsável pelo caso.,
Pet15976,05/05/2026,Petição,"Petição Físico ou Sigiloso - Petição Sigilosa: 59016 Data: 05/05/2026, às 22:06:08",
Pet15976,30/04/2026,Vista à PGR,O processo foi enviado à Procuradoria-Geral da República (Ministério Público Federal) para manifestação. | Vista à PGR,15386615304
Pet15976,30/04/2026,Despacho,30/04/2026,
Pet15976,28/04/2026,Conclusos ao(à) Relator(a),O processo foi encaminhado para análise do(a) ministro(a) responsável pelo caso.,
Pet15976,28/04/2026,Distribuído por prevenção,"O processo foi enviado para o(a) ministro(a) que já julgou outro processo ou recurso relacionado ao caso. | Certidão | MIN. ANDRÉ MENDONÇA. Prevenção do Relator/Sucessor: MIN. ANDRÉ MENDONÇA. Justificativa legal: RISTF, ",15386561748
Pet15976,28/04/2026,Autuado,O processo recebeu uma numeração e uma classificação. É a identidade do processo.,
Pet15976,28/04/2026,Protocolado,"Petição Inicial (nº 55463) recebida em 28/04/2026, às 17:47:06",
Pet15977,25/05/2026,Petição,69384/2026 - 25/05/2026 -,
Pet15977,25/05/2026,Petição,69382/2026 - 25/05/2026 -,
Pet15977,25/05/2026,Petição,69381/2026 - 25/05/2026 -,
Pet15977,25/05/2026,Petição,69380/2026 - 25/05/2026 -,
Pet15977,19/05/2026,Petição,66276/2026 - 19/05/2026 -,
Pet15977,11/05/2026,Expedido(a),Um documento relacionado ao processo foi enviado. | PET_ Determinação de diligências_Relator,
Pet15977,11/05/2026,Expedido(a),Um documento relacionado ao processo foi enviado. | PET_ Determinação de diligências_Relator,
Pet15977,11/05/2026,Expedido(a),Um documento relacionado ao processo foi enviado. | PET_ Determinação de diligências_Relator,
Pet15977,11/05/2026,Expedido(a),Um documento relacionado ao processo foi enviado. | PET_ Determinação de diligências_Relator,
Pet15977,11/05/2026,Expedido(a),Um documento relacionado ao processo foi enviado. | Comunicação de despacho/decisão_Relator,
Pet15977,11/05/2026,Comunicação assinada,"Um documento relacionado ao processo, como um ofício ou um alvará, foi assinado. | Ofício 10941/2026. PET_ Determinação de diligências_Relator",
Pet15977,11/05/2026,Comunicação assinada,"Um documento relacionado ao processo, como um ofício ou um alvará, foi assinado. | Ofício 10944/2026. PET_ Determinação de diligências_Relator",
Pet15977,11/05/2026,Comunicação assinada,"Um documento relacionado ao processo, como um ofício ou um alvará, foi assinado. | Ofício 10947/2026. PET_ Determinação de diligências_Relator",
Pet15977,11/05/2026,Comunicação assinada,"Um documento relacionado ao processo, como um ofício ou um alvará, foi assinado. | Ofício 10946/2026. PET_ Determinação de diligências_Relator",
Pet15977,11/05/2026,Comunicação assinada,"Um documento relacionado ao processo, como um ofício ou um alvará, foi assinado. | Ofício 10945/2026. PET_ Determinação de diligências_Relator",
Pet15977,11/05/2026,Comunicação assinada,"Um documento relacionado ao processo, como um ofício ou um alvará, foi assinado. | Ofício 10948/2026. Comunicação de despacho/decisão_Relator",
Pet15977,11/05/2026,Certidão,Registro de acontecimentos relacionados ao processo. | Certifico a elaboração de 6 ofícios eletrônicos. Decisão de 11/05/2026.,
Pet15977,11/05/2026,Decisão (sigiloso),"Decisão monocrática | MIN. ANDRÉ MENDONÇA | ""(...) 46. Diante do exposto, presentes indícios razoáveis de autoria e | materialidade, demonstrada a indispensabilidade da medida e",15386966010
Pet15977,05/05/2026,Conclusos ao(à) Relator(a),O processo foi encaminhado para análise do(a) ministro(a) responsável pelo caso.,
Pet15977,05/05/2026,Petição,"Petição Físico ou Sigiloso - Petição Sigilosa: 59017 Data: 05/05/2026, às 22:06:52",
Pet15977,30/04/2026,Vista à PGR,O processo foi enviado à Procuradoria-Geral da República (Ministério Público Federal) para manifestação. | Vista à PGR,15386616018
Pet15977,30/04/2026,Despacho,Despacho | MIN. ANDRÉ MENDONÇA | 30/04/2026,15386615105
Pet15977,28/04/2026,Conclusos ao(à) Relator(a),O processo foi encaminhado para análise do(a) ministro(a) responsável pelo caso.,
Pet15977,28/04/2026,Distribuído por prevenção,"O processo foi enviado para o(a) ministro(a) que já julgou outro processo ou recurso relacionado ao caso. | Certidão | MIN. ANDRÉ MENDONÇA. Prevenção do Relator/Sucessor: MIN. ANDRÉ MENDONÇA. Justificativa legal: RISTF, ",15386561747
Pet15977,28/04/2026,Autuado,O processo recebeu uma numeração e uma classificação. É a identidade do processo.,
Pet15977,28/04/2026,Protocolado,"Petição Inicial (nº 55464) recebida em 28/04/2026, às 17:47:22",
Pet15978,08/09/2026,Juntada do mandado cumprido,MI nº 5464/2026,
Pet15978,08/09/2026,Expedido(a),Um documento relacionado ao processo foi enviado. | Mandado de intimação despacho/decisão_SEJ,
Pet15978,08/09/2026,Petição,"Petição Físico ou Sigiloso - Petição Sigilosa: 112945 Data: 08/09/2026, às 11:21:35",
Pet15978,04/09/2026,Expedido(a),Um documento relacionado ao processo foi enviado. | Comunica despacho/decisão _SEJ,
Pet15978,04/09/2026,Comunicação assinada,"Um documento relacionado ao processo, como um ofício ou um alvará, foi assinado. | Comunicação assinada | Ofício 21088/2026. Comunica despacho/decisão _SEJ",15390146800
Pet15978,04/09/2026,Comunicação assinada,"Um documento relacionado ao processo, como um ofício ou um alvará, foi assinado. | Comunicação assinada | Mandado 5464/2026. Mandado de intimação despacho/decisão_SEJ",15390146798
Pet15978,04/09/2026,Certidão,Registro de acontecimentos relacionados ao processo. | Certifico a elaboração de 1 ofício eletrônico e 1 mandado de intimação. Despacho de 1º.9.2026.,
Pet15978,04/09/2026,Despacho,Despacho | MIN. ANDRÉ MENDONÇA,15390146275
Pet15978,04/09/2026,Vista à PGR,O processo foi enviado à Procuradoria-Geral da República (Ministério Público Federal) para manifestação. | Vista à PGR,15390146416
Pet15978,04/09/2026,Despacho,Despacho | MIN. ANDRÉ MENDONÇA | 4/9/2026,15390146245
Pet15978,04/09/2026,Decisão (sigiloso),Despacho | MIN. ANDRÉ MENDONÇA,15390146280
Pet15978,03/09/2026,Petição,"Petição Físico ou Sigiloso - Petição Sigilosa: 111622 Data: 03/09/2026, às 13:08:34",
Pet15978,03/09/2026,Petição,"Petição Físico ou Sigiloso - Petição Sigilosa: 111500 Data: 03/09/2026, às 09:48:38",
Pet15978,02/09/2026,Petição,"Petição Físico ou Sigiloso - Petição Sigilosa: 111174 Data: 02/09/2026, às 17:12:25",
Pet15978,01/09/2026,Petição,"Petição Físico ou Sigiloso - Petição Sigilosa: 110641 Data: 01/09/2026, às 18:00:13",
Pet15978,31/08/2026,Petição,"Petição Físico ou Sigiloso - Petição Sigilosa: 109963 Data: 31/08/2026, às 17:49:22",
Pet15978,28/08/2026,Petição,"Petição Físico ou Sigiloso - Petição Sigilosa: 108963 Data: 28/08/2026, às 16:29:46",
Pet15978,26/08/2026,Vista à PGR,O processo foi enviado à Procuradoria-Geral da República (Ministério Público Federal) para manifestação. | Vista à PGR,15389657397
Pet15978,26/08/2026,Despacho,Despacho | MIN. ANDRÉ MENDONÇA | Em 25/08/2026,15389657077
Pet15978,26/08/2026,Despacho,Despacho | MIN. ANDRÉ MENDONÇA | Em 25/08/2026,15389657075
Pet15978,25/08/2026,Petição,"Petição Físico ou Sigiloso - Petição Sigilosa: 107112 Data: 25/08/2026, às 18:13:48",
Pet15978,25/08/2026,"Ata de Julgamento Publicada, DJE","A decisão tomada pela Turma (grupo de 05 ministros) ou pelo Plenário (os 11 ministros reunidos) foi divulgada. | Pet-Ref. DJE divulgado em 24/08/2026, publicado em 25/08/2026.",
Pet15978,24/08/2026,Petição,"Petição Físico ou Sigiloso - Petição Sigilosa: 106345 Data: 24/08/2026, às 16:57:26",
Pet15978,20/08/2026,Conclusos ao(à) Relator(a),O processo foi encaminhado para análise do(a) ministro(a) responsável pelo caso.,
Pet15978,20/08/2026,Interposto agravo regimental,"Foi apresentado recurso contra a decisão do(a) ministro(a) responsável pelo caso para exame de uma das Turmas (grupo de 05 ministros) ou do Plenário (11 ministros reunidos), que decidirão se mantêm ou modificam a decisão",
Pet15978,20/08/2026,Petição,"Petição Físico ou Sigiloso - Petição Sigilosa: 104860 Data: 20/08/2026, às 13:48:48",
Pet15978,19/08/2026,Conclusos ao(à) Relator(a),O processo foi encaminhado para análise do(a) ministro(a) responsável pelo caso.,
Pet15978,19/08/2026,Petição,"Petição Físico ou Sigiloso - Petição Sigilosa: 104519 Data: 19/08/2026, às 17:25:40",
Pet15978,14/08/2026,Petição,102367/2026 - 14/08/2026 -,
Pet15978,13/08/2026,Petição,"Petição Físico ou Sigiloso - Petição Sigilosa: 102042 Data: 13/08/2026, às 20:17:44",
Pet15978,12/08/2026,Vista à PGR,O processo foi enviado à Procuradoria-Geral da República (Ministério Público Federal) para manifestação. | Vista à PGR,15389165378
Pet15978,12/08/2026,Despacho,Despacho | MIN. ANDRÉ MENDONÇA | Em 10/08/2026,15389142935
Pet15978,10/08/2026,Petição,"Petição Físico ou Sigiloso - Petição Sigilosa: 100312 Data: 10/08/2026, às 16:21:54",
Pet15978,06/08/2026,Petição,"Petição Físico ou Sigiloso - Petição Sigilosa: 98905 Data: 06/08/2026, às 12:43:49",
Pet15978,05/08/2026,Petição,"Petição Físico ou Sigiloso - Petição Sigilosa: 98748 Data: 05/08/2026, às 22:19:43",
Pet15978,05/08/2026,Petição,"Petição Físico ou Sigiloso - Petição Sigilosa: 98746 Data: 05/08/2026, às 22:18:54",
Pet15978,30/07/2026,Petição,"Petição Físico ou Sigiloso - Petição Sigilosa: 96415 Data: 30/07/2026, às 18:28:00",
Pet15978,30/07/2026,Conclusos ao(à) Relator(a),O processo foi encaminhado para análise do(a) ministro(a) responsável pelo caso.,
Pet15978,30/07/2026,Petição,"Petição Físico ou Sigiloso - Petição Sigilosa: 96413 Data: 30/07/2026, às 18:27:21",
Pet15978,28/07/2026,Vista à PGR,O processo foi enviado à Procuradoria-Geral da República (Ministério Público Federal) para manifestação. | Vista à PGR,15388928829
Pet15978,28/07/2026,Despacho,"Despacho | MIN. ANDRÉ MENDONÇA | ""(...) 1. Abra-se vista à Procuradoria-Geral da República, para | manifestação sobre os pedidos de Katherine Venancio Teles (e-doc. 236), e",15388926915
Pet15978,23/07/2026,Intimado eletronicamente,"A pessoa (o autor, o réu, o executado ou outro interessado) e/ou seu advogado receberam, por sistema eletrônico, a comunicação de uma decisão do processo. | Intimação | PROCURADOR-GERAL DA REPÚBLICA",15388891023
Pet15978,22/07/2026,Petição,"Petição Físico ou Sigiloso - Petição Sigilosa: 93320 Data: 22/07/2026, às 11:08:43",
Pet15978,21/07/2026,Petição,"Petição Físico ou Sigiloso - Petição Sigilosa: 93112 Data: 21/07/2026, às 17:57:07",
Pet15978,21/07/2026,Conclusos ao(à) Relator(a),O processo foi encaminhado para análise do(a) ministro(a) responsável pelo caso.,
Pet15978,21/07/2026,Petição,"Petição Físico ou Sigiloso - Petição Sigilosa: 93109 Data: 21/07/2026, às 17:56:19",
Pet15978,21/07/2026,Juntada do mandado cumprido,MI 4257/2026,
Pet15978,21/07/2026,Vista à PGR,O processo foi enviado à Procuradoria-Geral da República (Ministério Público Federal) para manifestação. | Vista à PGR,15388866520
Pet15978,21/07/2026,Despacho,Despacho | MIN. ANDRÉ MENDONÇA | Em 20/07/2026,15388863620
Pet15978,20/07/2026,Expedido(a),Um documento relacionado ao processo foi enviado. | Mandado de intimação despacho/decisão_SEJ,
Pet15978,20/07/2026,Petição,"Petição Físico ou Sigiloso - Petição Sigilosa: 92404 Data: 20/07/2026, às 14:39:05",
Pet15978,20/07/2026,Petição,"Petição Físico ou Sigiloso - Petição Sigilosa: 92276 Data: 20/07/2026, às 10:29:07",
Pet15978,16/07/2026,Petição,"Petição Físico ou Sigiloso - Petição Sigilosa: 91388 Data: 16/07/2026, às 16:20:25",
Pet15978,16/07/2026,Juntada do mandado cumprido,MI n. 4259/2026,
Pet15978,16/07/2026,Juntada do mandado cumprido,MI n. 4258/2026,
Pet15978,16/07/2026,Juntada do mandado cumprido,MI n. 4256/2026,
Pet15978,15/07/2026,Petição,"Petição Físico ou Sigiloso - Petição Sigilosa: 90949 Data: 15/07/2026, às 16:38:09",
Pet15978,14/07/2026,Juntada do mandado cumprido,"MI 4272/2026, ciente em 14/7/26.",
Pet15978,14/07/2026,Expedido(a),Um documento relacionado ao processo foi enviado. | Mandado de intimação despacho/decisão_SEJ,
Pet15978,14/07/2026,Vista à PGR,O processo foi enviado à Procuradoria-Geral da República (Ministério Público Federal) para manifestação. | Vista à PGR,15388793769
Pet15978,14/07/2026,Expedido(a),Um documento relacionado ao processo foi enviado. | Mandado de intimação despacho/decisão_SEJ,
Pet15978,14/07/2026,Expedido(a),Um documento relacionado ao processo foi enviado. | Mandado de intimação despacho/decisão_SEJ,
Pet15978,14/07/2026,Expedido(a),Um documento relacionado ao processo foi enviado. | Mandado de intimação despacho/decisão_SEJ,
Pet15978,14/07/2026,Expedido(a),Um documento relacionado ao processo foi enviado. | Determinação cumprimento despacho/decisão_SEJ,
Pet15978,14/07/2026,Comunicação assinada,"Um documento relacionado ao processo, como um ofício ou um alvará, foi assinado. | Mandado 4272/2026. Mandado de intimação despacho/decisão_SEJ",
Pet15978,14/07/2026,Comunicação assinada,"Um documento relacionado ao processo, como um ofício ou um alvará, foi assinado. | Ofício 16443/2026. Determinação cumprimento despacho/decisão_SEJ",
Pet15978,14/07/2026,Certidão,Registro de acontecimentos relacionados ao processo. | Certifico a elaboração de 1 ofício eletrônico e 1 mandado de intimação. Decisão de 14/07/2026.,
Pet15978,14/07/2026,Decisão (sigiloso),"Decisão monocrática | MIN. ANDRÉ MENDONÇA | ""(...) 11. Com base em tal premissa normativa, determino a | expedição de ofício, com a máxima urgência, ao CDP — Centro de",15388787163
Pet15978,14/07/2026,Petição,90284/2026 - 14/07/2026 - (Via Malote Digital),
Pet15978,13/07/2026,Comunicação assinada,"Um documento relacionado ao processo, como um ofício ou um alvará, foi assinado. | Mandado 4256/2026. Mandado de intimação despacho/decisão_SEJ",
Pet15978,13/07/2026,Comunicação assinada,"Um documento relacionado ao processo, como um ofício ou um alvará, foi assinado. | Mandado 4257/2026. Mandado de intimação despacho/decisão_SEJ",
Pet15978,13/07/2026,Comunicação assinada,"Um documento relacionado ao processo, como um ofício ou um alvará, foi assinado. | Mandado 4258/2026. Mandado de intimação despacho/decisão_SEJ",
Pet15978,13/07/2026,Comunicação assinada,"Um documento relacionado ao processo, como um ofício ou um alvará, foi assinado. | Mandado 4259/2026. Mandado de intimação despacho/decisão_SEJ",
Pet15978,13/07/2026,Certidão,Registro de acontecimentos relacionados ao processo. | Certifico a elaboração de 4 (quatro) mandados de intimação. Decisão de 12.07.2026.,
Pet15978,13/07/2026,Vista à PGR para fins de intimação,O processo foi enviado à Procuradoria-Geral da República (Ministério Público Federal) para comunicação da decisão no processo. | Decisão monocrática,15388766397
Pet15978,13/07/2026,Decisão (sigiloso),"Decisão monocrática | MIN. ANDRÉ MENDONÇA | ""(...) 5. Ante o exposto, julgo prejudicados os pedidos de | revogação ou substituição das prisões decretadas, formulados por",15388766397
Pet15978,07/07/2026,Vista à PGR,O processo foi enviado à Procuradoria-Geral da República (Ministério Público Federal) para manifestação. | Vista à PGR,15388674713
Pet15978,07/07/2026,Certidão,"Registro de acontecimentos relacionados ao processo. | Certifico que, por determinação do despacho de 6/7/2026, proferido na PET 15198, foram desentranhadas do mencionado processo, as petições 79635/2026 e",
Pet15978,07/07/2026,Petição,80746/2026,
Pet15978,07/07/2026,Petição,79635/2026,
Pet15978,07/07/2026,Vista à PGR,O processo foi enviado à Procuradoria-Geral da República (Ministério Público Federal) para manifestação. | Vista à PGR,15388651875
Pet15978,07/07/2026,Despacho,"Despacho | MIN. ANDRÉ MENDONÇA | 1. Abra-se vista à Procuradoria-Geral da República, para | manifestação sobre o pedido deduzido por Victor Lima Sedlmaier (e-doc.",15388644881
Pet15978,03/07/2026,Petição,"Petição Físico ou Sigiloso - Petição Sigilosa: 86688 Data: 03/07/2026, às 16:07:51",
Pet15978,02/07/2026,Petição,"Petição Físico ou Sigiloso - Petição Sigilosa: 86357 Data: 02/07/2026, às 22:32:08",
Pet15978,02/07/2026,Intimado eletronicamente,"A pessoa (o autor, o réu, o executado ou outro interessado) e/ou seu advogado receberam, por sistema eletrônico, a comunicação de uma decisão do processo. | Intimação | PROCURADOR-GERAL DA REPÚBLICA",15388508572
Pet15978,30/06/2026,Petição,"Petição Físico ou Sigiloso - Petição Sigilosa: 84910 Data: 30/06/2026, às 15:19:52",
Pet15978,26/06/2026,Intimado eletronicamente,"A pessoa (o autor, o réu, o executado ou outro interessado) e/ou seu advogado receberam, por sistema eletrônico, a comunicação de uma decisão do processo. | Intimação | PROCURADOR-GERAL DA REPÚBLICA",15388372927
Pet15978,24/06/2026,Despacho,Despacho | MIN. ANDRÉ MENDONÇA,15388324527
Pet15978,23/06/2026,Vista à PGR,O processo foi enviado à Procuradoria-Geral da República (Ministério Público Federal) para manifestação. | Vista à PGR,15388270661
Pet15978,23/06/2026,Expedido(a),Um documento relacionado ao processo foi enviado. | Informação Geral_SEJ,
Pet15978,23/06/2026,Expedido(a),Um documento relacionado ao processo foi enviado. | Informação Geral_SEJ,
Pet15978,22/06/2026,Comunicação assinada,"Um documento relacionado ao processo, como um ofício ou um alvará, foi assinado. | Comunicação assinada | Ofício 14750/2026. Informação Geral_SEJ",15388232508
Pet15978,22/06/2026,Comunicação assinada,"Um documento relacionado ao processo, como um ofício ou um alvará, foi assinado. | Comunicação assinada | Ofício 14751/2026. Informação Geral_SEJ",15388232506
Pet15978,22/06/2026,Certidão,Registro de acontecimentos relacionados ao processo. | Certifico a elaboração de 2 ofícios eletrônicos. Despacho de 22.06.2026.,
Pet15978,22/06/2026,Despacho,Despacho | MIN. ANDRÉ MENDONÇA,15388221192
Pet15978,22/06/2026,Vista à PGR para fins de intimação,O processo foi enviado à Procuradoria-Geral da República (Ministério Público Federal) para comunicação da decisão no processo. | Despacho,15388221287
Pet15978,22/06/2026,Despacho,"Despacho | MIN. ANDRÉ MENDONÇA | ""Conforme solicitado pela Procuradoria-Geral da República, abrase vista à Polícia Federal e ao Ministério da Relações Exteriores, para | informação sobre a existência de passaportes válid",15388221287
Pet15978,19/06/2026,Conclusos ao(à) Relator(a),O processo foi encaminhado para análise do(a) ministro(a) responsável pelo caso.,
Pet15978,19/06/2026,Petição,"Manifestação - Petição: 81037 Data: 19/06/2026, às 16:46:46",
Pet15978,19/06/2026,Conclusos ao(à) Relator(a),O processo foi encaminhado para análise do(a) ministro(a) responsável pelo caso.,
Pet15978,19/06/2026,Petição,"Defesa - Petição: 80753 Data: 19/06/2026, às 12:00:13",
Pet15978,17/06/2026,Petição,"PROCURADOR-GERAL DA REPÚBLICA - Petição: 79766 - Data: 17/06/2026, às 17:26:52, via Web Service MNI 2.2.2.",
Pet15978,17/06/2026,Conclusos ao(à) Relator(a),O processo foi encaminhado para análise do(a) ministro(a) responsável pelo caso.,
Pet15978,17/06/2026,Petição,"Reconsideração - Petição: 79638 Data: 17/06/2026, às 16:12:40",
Pet15978,17/06/2026,Juntada,Certidão de Julgamento da Sessão Ordinária de 16/06/2026,
Pet15978,17/06/2026,Decisão Referendada,"Decisão de Julgamento | 2ª TURMA | Decisão: A Turma, por maioria, referendou à decisão, tal como proferida, nos termos do voto do Ministro André Mendonça (Relator), vencido, em parte, o Ministro Gilmar Mendes, que substi",
Pet15978,17/06/2026,Conclusos ao(à) Relator(a),O processo foi encaminhado para análise do(a) ministro(a) responsável pelo caso.,
Pet15978,17/06/2026,Petição,"Juntada de documentos - Petição: 79341 Data: 17/06/2026, às 10:55:57",
Pet15978,17/06/2026,Conclusos ao(à) Relator(a),O processo foi encaminhado para análise do(a) ministro(a) responsável pelo caso.,
Pet15978,17/06/2026,Petição,"Manifestação - Petição: 79330 Data: 17/06/2026, às 10:44:38",
Pet15978,16/06/2026,Apresentado em mesa para julgamento,"O processo foi liberado para julgamento, que poderá ocorrer em qualquer data (quando presencial) ou no período agendado (quando em sistema eletrônico), sem publicação de aviso prévio. | 2ª Turma em 16/06/2026 17:40:41 - ",
Pet15978,16/06/2026,Conclusos ao(à) Relator(a),O processo foi encaminhado para análise do(a) ministro(a) responsável pelo caso.,
Pet15978,16/06/2026,Vista à PGR para fins de intimação,O processo foi enviado à Procuradoria-Geral da República (Ministério Público Federal) para comunicação da decisão no processo. | Despacho,15388042807
Pet15978,16/06/2026,Despacho,Despacho | MIN. ANDRÉ MENDONÇA,15388042807
Pet15978,16/06/2026,Certidão,"Registro de acontecimentos relacionados ao processo. | Certidão | Certifico que, em cumprimento ao despacho de 16/06/2026 na PET 15976, juntei cópia do Protocolado 74537/2026 nestes autos.",15388040914
Pet15978,16/06/2026,Vista - Devolução dos autos para julgamento,"O(A) ministro(a) que, durante o julgamento, pediu para examinar melhor o processo informa que finalizou o seu exame e que pode ser marcada data para a continuação do julgamento. Pelo andamento processual é possível acomp",
Pet15978,15/06/2026,Petição,78218/2026 - 15/06/2026 - (Via Malote Digital),
Pet15978,12/06/2026,Petição,"Petição Físico ou Sigiloso - Petição Sigilosa: 77876 Data: 12/06/2026, às 22:14:56",
Pet15978,12/06/2026,Conclusos ao(à) Relator(a),O processo foi encaminhado para análise do(a) ministro(a) responsável pelo caso.,
Pet15978,12/06/2026,Petição,"Petição Físico ou Sigiloso - Petição Sigilosa: 77356 Data: 12/06/2026, às 00:10:40",
Pet15978,11/06/2026,Certidão,Registro de acontecimentos relacionados ao processo. | Certidão | de retificação de autuação,15387950102
Pet15978,11/06/2026,Vista à PGR,O processo foi enviado à Procuradoria-Geral da República (Ministério Público Federal) para manifestação. | Vista à PGR,15387942878
Pet15978,11/06/2026,Despacho,Despacho | MIN. ANDRÉ MENDONÇA,15387942530
Pet15978,11/06/2026,Petição,"Petição Físico ou Sigiloso - Petição Sigilosa: 76814 Data: 11/06/2026, às 08:59:44",
Pet15978,10/06/2026,Petição,"Petição Físico ou Sigiloso - Petição Sigilosa: 76567 Data: 10/06/2026, às 17:10:35",
Pet15978,09/06/2026,Petição,"Petição Físico ou Sigiloso - Petição Sigilosa: 76149 Data: 09/06/2026, às 21:21:28",
Pet15978,08/06/2026,Petição,75128/2026 - 08/06/2026 -,
Pet15978,03/06/2026,Petição,"Petição Físico ou Sigiloso - Petição Sigilosa: 74137 Data: 03/06/2026, às 17:12:41",
Pet15978,03/06/2026,Petição,74003/2026 - 03/06/2026 - (Via Malote Digital),
Pet15978,03/06/2026,Petição,"Petição Físico ou Sigiloso - Petição Sigilosa: 73758 Data: 03/06/2026, às 08:28:19",
Pet15978,03/06/2026,"Ata de Julgamento Publicada, DJE",A decisão tomada pela Turma (grupo de 05 ministros) ou pelo Plenário (os 11 ministros reunidos) foi divulgada. | Divulgado em 02/06/2026. https://digital.stf.jus.br/publico/publicacao/944107,
Pet15978,02/06/2026,Petição,"Petição Físico ou Sigiloso - Petição Sigilosa: 73131 Data: 02/06/2026, às 07:23:44",
Pet15978,01/06/2026,Juntada,"Certidão de julgamento | Certidão de Julgamento da Sessão Virtual, Pet-Ref",15387688284
Pet15978,01/06/2026,Vista ao(à) Ministro(a),"O processo foi enviado para o(a) ministro(a) que, durante o julgamento, pediu para examinar melhor o caso. | Decisão de Julgamento | MIN. GILMAR MENDES | Decisão: Após o voto do Ministro André Mendonça (Relator), pelo re",
Pet15978,29/05/2026,Petição,"Petição Físico ou Sigiloso - Petição Sigilosa: 72219 Data: 29/05/2026, às 19:10:43",
Pet15978,29/05/2026,Petição,"Petição Físico ou Sigiloso - Petição Sigilosa: 72162 Data: 29/05/2026, às 18:11:42",
Pet15978,29/05/2026,Vista à PGR,O processo foi enviado à Procuradoria-Geral da República (Ministério Público Federal) para manifestação. | Vista à PGR,15387609227
Pet15978,29/05/2026,Despacho,Despacho | MIN. ANDRÉ MENDONÇA,15387608173
Pet15978,29/05/2026,Certidão,Registro de acontecimentos relacionados ao processo. | Certidão | CERTIDÃO DE RETIFICAÇÃO DE AUTUAÇÃO Certifico que retifiquei a autuação destes autos nos termos dos Protocolados de IDs: a3c33383; 7f5cd72f; 72aa28c4; 81b,15387609177
Pet15978,29/05/2026,Intimado eletronicamente,"A pessoa (o autor, o réu, o executado ou outro interessado) e/ou seu advogado receberam, por sistema eletrônico, a comunicação de uma decisão do processo. | Intimação | PROCURADOR-GERAL DA REPÚBLICA",15387579664
Pet15978,25/05/2026,Petição,"Petição Físico ou Sigiloso - Petição Sigilosa: 68923 Data: 25/05/2026, às 13:00:18",
Pet15978,25/05/2026,Intimado eletronicamente,"A pessoa (o autor, o réu, o executado ou outro interessado) e/ou seu advogado receberam, por sistema eletrônico, a comunicação de uma decisão do processo. | Intimação | PROCURADOR-GERAL DA REPÚBLICA. Intimação relativa a",15387375897
Pet15978,25/05/2026,Intimado eletronicamente,"A pessoa (o autor, o réu, o executado ou outro interessado) e/ou seu advogado receberam, por sistema eletrônico, a comunicação de uma decisão do processo. | Intimação | PROCURADOR-GERAL DA REPÚBLICA",15387375891
Pet15978,22/05/2026,Petição,"Petição Físico ou Sigiloso - Petição Sigilosa: 68486 Data: 22/05/2026, às 17:45:50",
Pet15978,22/05/2026,Petição,"Petição Físico ou Sigiloso - Petição Sigilosa: 68152 Data: 22/05/2026, às 12:56:46",
Pet15978,22/05/2026,Petição,"Petição Físico ou Sigiloso - Petição Sigilosa: 68093 Data: 22/05/2026, às 11:25:16",
Pet15978,22/05/2026,Suspenso o julgamento,MIN. GILMAR MENDES | Pedido de vista,
Pet15978,22/05/2026,Petição,"Petição Físico ou Sigiloso - Petição Sigilosa: 68086 Data: 22/05/2026, às 11:08:26",
Pet15978,22/05/2026,Iniciado Julgamento Virtual,"O julgamento do processo em sessão virtual começou na data indicada no andamento processual. | Iniciado Julgamento Virtual em 22 de Maio de 2026 (Sexta-feira), às 11:00, Pet 15978 Ref",
Pet15978,21/05/2026,Petição,"Petição Físico ou Sigiloso - Petição Sigilosa: 67962 Data: 21/05/2026, às 22:17:47",
Pet15978,21/05/2026,Petição,67846/2026 - 21/05/2026 -,
Pet15978,21/05/2026,Petição,67549/2026 - 21/05/2026 -,
Pet15978,21/05/2026,Petição,67536/2026 - 21/05/2026 - (Via Malote Digital),
Pet15978,21/05/2026,Petição,"Petição Físico ou Sigiloso - Petição Sigilosa: 67502 Data: 21/05/2026, às 13:14:53",
Pet15978,21/05/2026,Petição,"Petição Físico ou Sigiloso - Petição Sigilosa: 67379 Data: 21/05/2026, às 06:15:41",
Pet15978,21/05/2026,Petição,"Petição Físico ou Sigiloso - Petição Sigilosa: 67378 Data: 21/05/2026, às 06:15:18",
Pet15978,21/05/2026,Petição,"Petição Físico ou Sigiloso - Petição Sigilosa: 67377 Data: 21/05/2026, às 06:13:12",
Pet15978,20/05/2026,Petição,"Petição Físico ou Sigiloso - Petição Sigilosa: 67251 Data: 20/05/2026, às 18:38:29",
Pet15978,20/05/2026,Petição,"Petição Físico ou Sigiloso - Petição Sigilosa: 66720 Data: 20/05/2026, às 11:50:41",
Pet15978,19/05/2026,Petição,66411/2026 - 19/05/2026 - (Via Malote Digital),
Pet15978,19/05/2026,Conclusos ao(à) Relator(a),O processo foi encaminhado para análise do(a) ministro(a) responsável pelo caso.,
Pet15978,19/05/2026,Petição,66096/2026 - 19/05/2026 -,
Pet15978,19/05/2026,Vista à PGR para fins de intimação,O processo foi enviado à Procuradoria-Geral da República (Ministério Público Federal) para comunicação da decisão no processo. | Despacho,15387178192
Pet15978,19/05/2026,Despacho,Despacho | MIN. ANDRÉ MENDONÇA,15387178192
Pet15978,19/05/2026,Petição,"Petição Físico ou Sigiloso - Petição Sigilosa: 66071 Data: 19/05/2026, às 12:54:59",
Pet15978,18/05/2026,Incluído na lista de julgamento,"O processo está pronto para ser julgado e foi marcado o dia de julgamento. Em caso de julgamento em sessão virtual, será observada a data constante do andamento processual. | 2ª TURMA - SESSÃO VIRTUAL | Julgamento Virtua",
Pet15978,18/05/2026,Petição,65690/2026 - 18/05/2026 -,
Pet15978,18/05/2026,Petição,65626/2026 - 18/05/2026 -,
Pet15978,18/05/2026,Petição,65479/2026 - 18/05/2026 -,
Pet15978,18/05/2026,Petição,65446/2026 - 18/05/2026 -,
Pet15978,18/05/2026,Petição,65209/2026 - 18/05/2026 - (Via Malote Digital),
Pet15978,18/05/2026,Petição,"Petição Físico ou Sigiloso - Petição Sigilosa: 65136 Data: 18/05/2026, às 12:10:18",
Pet15978,15/05/2026,Conclusos ao(à) Relator(a),O processo foi encaminhado para análise do(a) ministro(a) responsável pelo caso.,
Pet15978,15/05/2026,Certidão,Registro de acontecimentos relacionados ao processo. | de retificação,
Pet15978,15/05/2026,Petição,64476/2026 - 15/05/2026 - (Via Malote Digital),
Pet15978,15/05/2026,Petição,"Petição Físico ou Sigiloso - Petição Sigilosa: 64404 Data: 15/05/2026, às 12:08:36",
Pet15978,15/05/2026,Petição,"Petição Físico ou Sigiloso - Petição Sigilosa: 64403 Data: 15/05/2026, às 12:06:21",
Pet15978,15/05/2026,"Publicação, DJE",Divulgado em 14/05/2026,
Pet15978,14/05/2026,Petição,"Petição Físico ou Sigiloso - Petição Sigilosa: 64166 Data: 14/05/2026, às 19:01:20",
Pet15978,14/05/2026,Petição,"Petição Físico ou Sigiloso - Petição Sigilosa: 64155 Data: 14/05/2026, às 18:55:36",
Pet15978,14/05/2026,Petição,"Petição Físico ou Sigiloso - Petição Sigilosa: 64138 Data: 14/05/2026, às 18:28:43",
Pet15978,14/05/2026,Petição,"Petição Físico ou Sigiloso - Petição Sigilosa: 64039 Data: 14/05/2026, às 17:16:35",
Pet15978,14/05/2026,Conclusos ao(à) Relator(a),O processo foi encaminhado para análise do(a) ministro(a) responsável pelo caso.,
Pet15978,14/05/2026,Petição,"Petição Físico ou Sigiloso - Petição Sigilosa: 63778 Data: 14/05/2026, às 12:44:50",
Pet15978,14/05/2026,Expedido(a),Um documento relacionado ao processo foi enviado. | Determinação de diligências_Relator,
Pet15978,14/05/2026,Expedido(a),Um documento relacionado ao processo foi enviado. | Determinação de diligências_Relator,
Pet15978,14/05/2026,Petição,"Petição Físico ou Sigiloso - Petição Sigilosa: 63708 Data: 14/05/2026, às 10:47:32",
Pet15978,14/05/2026,Petição,"Petição Físico ou Sigiloso - Petição Sigilosa: 63704 Data: 14/05/2026, às 10:46:00",
Pet15978,14/05/2026,Comunicação assinada,"Um documento relacionado ao processo, como um ofício ou um alvará, foi assinado. | Comunicação assinada | Ofício 11294/2026. Determinação de diligências_Relator",15387083197
Pet15978,14/05/2026,Comunicação assinada,"Um documento relacionado ao processo, como um ofício ou um alvará, foi assinado. | Comunicação assinada | Ofício 11293/2026. Determinação de diligências_Relator",15387083195
Pet15978,14/05/2026,Vista à PGR para fins de intimação,O processo foi enviado à Procuradoria-Geral da República (Ministério Público Federal) para comunicação da decisão no processo. | Decisão monocrática,15387066782
Pet15978,14/05/2026,Vista à PGR para fins de intimação,O processo foi enviado à Procuradoria-Geral da República (Ministério Público Federal) para comunicação da decisão no processo. | Despacho,15387077431
Pet15978,14/05/2026,"Decisão publicada, DJE",Decisão monocrática | MIN. ANDRÉ MENDONÇA,15387066782
Pet15978,14/05/2026,Despacho,Despacho | MIN. ANDRÉ MENDONÇA,15387077431
Pet15978,14/05/2026,Certidão,Registro de acontecimentos relacionados ao processo. | Certifico a elaboração de 2 ofícios eletrônicos. Decisão de 13.5.2026,
Pet15978,13/05/2026,Expedido(a),Um documento relacionado ao processo foi enviado. | Envio de documentos_Relator,
Pet15978,13/05/2026,Comunicação assinada,"Um documento relacionado ao processo, como um ofício ou um alvará, foi assinado. | Comunicação assinada | Ofício 11260/2026. Envio de documentos_Relator",15387072953
Pet15978,13/05/2026,Comunicação assinada,"Um documento relacionado ao processo, como um ofício ou um alvará, foi assinado. | Comunicação assinada | Mandado 2877/2026. Mandado de Prisão (ALM)",15387072954
Pet15978,13/05/2026,Comunicação assinada,"Um documento relacionado ao processo, como um ofício ou um alvará, foi assinado. | Comunicação assinada | Mandado 2889/2026. Mandado de Intimação _PF_Relator (medidas) _ ALM",15387072952
Pet15978,13/05/2026,Comunicação assinada,"Um documento relacionado ao processo, como um ofício ou um alvará, foi assinado. | Comunicação assinada | Mandado 2890/2026. Mandado de Intimação _PF_Relator (medidas) _ ALM",15387072950
Pet15978,13/05/2026,Comunicação assinada,"Um documento relacionado ao processo, como um ofício ou um alvará, foi assinado. | Comunicação assinada | Mandado 2887/2026. Mandado de Intimação _PF_Relator (medidas) _ ALM",15387072948
Pet15978,13/05/2026,Comunicação assinada,"Um documento relacionado ao processo, como um ofício ou um alvará, foi assinado. | Comunicação assinada | Mandado 2872/2026. Mandado de Prisão (ALM)",15387072947
Pet15978,13/05/2026,Comunicação assinada,"Um documento relacionado ao processo, como um ofício ou um alvará, foi assinado. | Comunicação assinada | Mandado 2868/2026. Mandado de Prisão (ALM)",15387072946
Pet15978,13/05/2026,Comunicação assinada,"Um documento relacionado ao processo, como um ofício ou um alvará, foi assinado. | Comunicação assinada | Mandado 2870/2026. Mandado de Prisão (ALM)",15387072945
Pet15978,13/05/2026,Comunicação assinada,"Um documento relacionado ao processo, como um ofício ou um alvará, foi assinado. | Comunicação assinada | Mandado 2888/2026. Mandado de Intimação _PF_Relator (medidas) _ ALM",15387072944
Pet15978,13/05/2026,Comunicação assinada,"Um documento relacionado ao processo, como um ofício ou um alvará, foi assinado. | Comunicação assinada | Mandado 2885/2026. Mandado de Intimação _PF_Relator (medidas) _ ALM",15387072943
Pet15978,13/05/2026,Comunicação assinada,"Um documento relacionado ao processo, como um ofício ou um alvará, foi assinado. | Comunicação assinada | Mandado 2881/2026. Mandado de Prisão (ALM)",15387072942
Pet15978,13/05/2026,Comunicação assinada,"Um documento relacionado ao processo, como um ofício ou um alvará, foi assinado. | Comunicação assinada | Mandado 2874/2026. Mandado de Prisão (ALM)",15387072941
Pet15978,13/05/2026,Comunicação assinada,"Um documento relacionado ao processo, como um ofício ou um alvará, foi assinado. | Comunicação assinada | Mandado 2880/2026. Mandado de Prisão (ALM)",15387072940
Pet15978,13/05/2026,Certidão,"Registro de acontecimentos relacionados ao processo. | Certifico a elaboração de 7 (sete) mandados de prisão, de 5 (cinco) mandados de intimação e de 1 (um) ofício eletrônico. Decisão de 13.05.2026.",
Pet15978,13/05/2026,Decisão (sigiloso),Decisão monocrática | MIN. ANDRÉ MENDONÇA,15387066782
Pet15978,05/05/2026,Conclusos ao(à) Relator(a),O processo foi encaminhado para análise do(a) ministro(a) responsável pelo caso.,
Pet15978,05/05/2026,Petição,"Petição Físico ou Sigiloso - Petição Sigilosa: 59018 Data: 05/05/2026, às 22:07:43",
Pet15978,30/04/2026,Vista à PGR,O processo foi enviado à Procuradoria-Geral da República (Ministério Público Federal) para manifestação. | Vista à PGR,15386615670
Pet15978,30/04/2026,Despacho,Despacho | MIN. ANDRÉ MENDONÇA | 30/04/2026,15386615109
Pet15978,28/04/2026,Conclusos ao(à) Relator(a),O processo foi encaminhado para análise do(a) ministro(a) responsável pelo caso.,
Pet15978,28/04/2026,Distribuído por prevenção,"O processo foi enviado para o(a) ministro(a) que já julgou outro processo ou recurso relacionado ao caso. | Certidão | MIN. ANDRÉ MENDONÇA. Prevenção do Relator/Sucessor: MIN. ANDRÉ MENDONÇA. Justificativa legal: RISTF, ",15386561746
Pet15978,28/04/2026,Autuado,O processo recebeu uma numeração e uma classificação. É a identidade do processo.,
Pet15978,28/04/2026,Protocolado,"Petição Inicial (nº 55466) recebida em 28/04/2026, às 17:48:54",
Pet16019,11/09/2026,Conclusos ao(à) Relator(a),O processo foi encaminhado para análise do(a) ministro(a) responsável pelo caso.,
Pet16019,11/09/2026,Certidão,Registro de acontecimentos relacionados ao processo. | Certidão | de retificação de autuação,15390339685
Pet16019,07/09/2026,Petição,"Petição Físico ou Sigiloso - Petição Sigilosa: 112792 Data: 07/09/2026, às 00:32:25",
Pet16019,12/08/2026,Petição,101023/2026 - 12/08/2026 -,
Pet16019,01/07/2026,Petição,85792/2026 - 01/07/2026 -,
Pet16019,23/06/2026,Juntada de AR,Do ofício 11303/2026,
Pet16019,22/06/2026,Juntada do mandado cumprido,MI n. 3710/2026. Em 17/6/2026,
Pet16019,22/06/2026,Conclusos ao(à) Relator(a),O processo foi encaminhado para análise do(a) ministro(a) responsável pelo caso.,
Pet16019,22/06/2026,Certidão,"Registro de acontecimentos relacionados ao processo. | Certifico que não vieram respostas a esta Corte aos Ofícios nº 11.296/2026, 11.297/2026, 11.300/2026, 11.303/2026, 11.304/2026, 11.305/2026, 11.306/20",
Pet16019,22/06/2026,Intimado eletronicamente,"A pessoa (o autor, o réu, o executado ou outro interessado) e/ou seu advogado receberam, por sistema eletrônico, a comunicação de uma decisão do processo. | Intimação | PROCURADOR-GERAL DA REPÚBLICA",15388194386
Pet16019,19/06/2026,Petição,"Petição Físico ou Sigiloso - Petição Sigilosa: 80842 Data: 19/06/2026, às 14:20:48",
Pet16019,18/06/2026,Petição,80152/2026 - 18/06/2026 -,
Pet16019,17/06/2026,Expedido(a),Um documento relacionado ao processo foi enviado. | Mandado de intimação despacho/decisão_SEJ,
Pet16019,17/06/2026,Petição,"Petição Físico ou Sigiloso - Petição Sigilosa: 79768 Data: 17/06/2026, às 17:27:11",
Pet16019,15/06/2026,Petição,"78420/2026 Data: 15/06/2026, às 17:23:19 PETV3",
Pet16019,15/06/2026,Petição,78245/2026 - 15/06/2026 -,
Pet16019,15/06/2026,Petição,78242/2026 - 15/06/2026 -,
Pet16019,15/06/2026,Petição,78236/2026 - 15/06/2026 -,
Pet16019,15/06/2026,Comunicação assinada,"Um documento relacionado ao processo, como um ofício ou um alvará, foi assinado. | Mandado 3710/2026. Mandado de intimação despacho/decisão_SEJ",
Pet16019,14/06/2026,Certidão,Registro de acontecimentos relacionados ao processo. | Certifico a elaboração de 1 (um) mandado de intimação. Decisão de 12.06.2026.,
Pet16019,12/06/2026,Vista à PGR para fins de intimação,O processo foi enviado à Procuradoria-Geral da República (Ministério Público Federal) para comunicação da decisão no processo. | Decisão monocrática,15388000511
Pet16019,12/06/2026,Decisão (sigiloso),Decisão monocrática | MIN. ANDRÉ MENDONÇA,15388000511
Pet16019,12/06/2026,Petição,"Petição Físico ou Sigiloso - Petição Sigilosa: 77768 Data: 12/06/2026, às 18:24:54",
Pet16019,10/06/2026,Petição,"Petição Físico ou Sigiloso - Petição Sigilosa: 76587 Data: 10/06/2026, às 17:31:52",
Pet16019,09/06/2026,Juntada de AR,não cumprido do of 11298/2026,
Pet16019,09/06/2026,Juntada de AR,não cumprido do of. 11302/2026,
Pet16019,08/06/2026,Petição,"Petição Físico ou Sigiloso - Petição Sigilosa: 74889 Data: 08/06/2026, às 14:16:30",
Pet16019,03/06/2026,Petição,74209/2026 - 03/06/2026 -,
Pet16019,03/06/2026,Petição,"73471/2026 Data: 02/06/2026, às 16:13:09 PETV3",
Pet16019,28/05/2026,Petição,"Petição Físico ou Sigiloso - Petição Sigilosa: 71574 Data: 28/05/2026, às 18:32:10",
Pet16019,27/05/2026,Petição,70942/2026 - 27/05/2026 -,
Pet16019,25/05/2026,Petição,69383/2026 - 25/05/2026 -,
Pet16019,20/05/2026,Petição,"Petição Físico ou Sigiloso - Petição Sigilosa: 66641 Data: 20/05/2026, às 10:01:08",
Pet16019,19/05/2026,Petição,66278/2026 - 19/05/2026 -,
Pet16019,19/05/2026,Petição,66091/2026 - 19/05/2026 -,
Pet16019,18/05/2026,Expedido(a),Um documento relacionado ao processo foi enviado. | Ofício Eletrônico 11303/2026 - AD463751262BR - Data da Remessa: 18/05/2026,
Pet16019,18/05/2026,Expedido(a),Um documento relacionado ao processo foi enviado. | Ofício Eletrônico 11309/2026 - AD463751165BR - Data da Remessa: 18/05/2026,
Pet16019,18/05/2026,Expedido(a),Um documento relacionado ao processo foi enviado. | Ofício Eletrônico 11302/2026 - AD463751055BR - Data da Remessa: 18/05/2026,
Pet16019,18/05/2026,Certidão,"Registro de acontecimentos relacionados ao processo. | Certifico a reexpedição dos Ofícios Eletrônicos 11302/2026, 11303/2026 e 11309/2026, via e-mail registrado.",
Pet16019,18/05/2026,Petição,"Petição Físico ou Sigiloso - Petição Sigilosa: 65060 Data: 18/05/2026, às 10:12:51",
Pet16019,18/05/2026,Petição,"Petição Físico ou Sigiloso - Petição Sigilosa: 65040 Data: 18/05/2026, às 09:35:54",
Pet16019,15/05/2026,Expedido(a),Um documento relacionado ao processo foi enviado. | Ofício Eletrônico 11298/2026 - AD452451559BR - Data da Remessa: 15/05/2026,
Pet16019,15/05/2026,Expedido(a),Um documento relacionado ao processo foi enviado. | Ofício Eletrônico 11306/2026 - AD452451531BR - Data da Remessa: 15/05/2026,
Pet16019,15/05/2026,Expedido(a),Um documento relacionado ao processo foi enviado. | Ofício Eletrônico 11318/2026 - AD452451505BR - Data da Remessa: 15/05/2026,
Pet16019,15/05/2026,Petição,"Petição Físico ou Sigiloso - Petição Sigilosa: 64575 Data: 15/05/2026, às 15:27:30",
Pet16019,14/05/2026,Expedido(a),Um documento relacionado ao processo foi enviado. | Determinação de diligências_Relator,
Pet16019,14/05/2026,Expedido(a),Um documento relacionado ao processo foi enviado. | Determinação de diligências_Relator (corretoras),
Pet16019,14/05/2026,Expedido(a),Um documento relacionado ao processo foi enviado. | Determinação de diligências_Relator (corretoras),
Pet16019,14/05/2026,Expedido(a),Um documento relacionado ao processo foi enviado. | Determinação de diligências_Relator (corretoras),
Pet16019,14/05/2026,Expedido(a),Um documento relacionado ao processo foi enviado. | Determinação de diligências_Relator (corretoras),
Pet16019,14/05/2026,Expedido(a),Um documento relacionado ao processo foi enviado. | Determinação de diligências_Relator (corretoras),
Pet16019,14/05/2026,Expedido(a),Um documento relacionado ao processo foi enviado. | Determinação de diligências_Relator (corretoras),
Pet16019,14/05/2026,Expedido(a),Um documento relacionado ao processo foi enviado. | Determinação de diligências_Relator (corretoras),
Pet16019,14/05/2026,Expedido(a),Um documento relacionado ao processo foi enviado. | Determinação de diligências_Relator (corretoras),
Pet16019,14/05/2026,Expedido(a),Um documento relacionado ao processo foi enviado. | Determinação de diligências_Relator (corretoras),
Pet16019,14/05/2026,Expedido(a),Um documento relacionado ao processo foi enviado. | Determinação de diligências_Relator,
Pet16019,14/05/2026,Expedido(a),Um documento relacionado ao processo foi enviado. | Comunicação de despacho/decisão_Relator,
Pet16019,14/05/2026,Expedido(a),Um documento relacionado ao processo foi enviado. | Determinação de diligências_Relator (corretoras),
Pet16019,14/05/2026,Expedido(a),Um documento relacionado ao processo foi enviado. | Determinação de diligências_Relator (corretoras),
Pet16019,14/05/2026,Expedido(a),Um documento relacionado ao processo foi enviado. | Determinação de diligências_Relator (corretoras),
Pet16019,14/05/2026,Expedido(a),Um documento relacionado ao processo foi enviado. | Determinação de diligências_Relator,
Pet16019,14/05/2026,Expedido(a),Um documento relacionado ao processo foi enviado. | Determinação de diligências_Relator (corretoras),
Pet16019,14/05/2026,Comunicação assinada,"Um documento relacionado ao processo, como um ofício ou um alvará, foi assinado. | Ofício 11296/2026. Determinação de diligências_Relator (corretoras)",
Pet16019,14/05/2026,Comunicação assinada,"Um documento relacionado ao processo, como um ofício ou um alvará, foi assinado. | Ofício 11307/2026. Determinação de diligências_Relator (corretoras)",
Pet16019,14/05/2026,Comunicação assinada,"Um documento relacionado ao processo, como um ofício ou um alvará, foi assinado. | Ofício 11299/2026. Determinação de diligências_Relator (corretoras)",
Pet16019,14/05/2026,Comunicação assinada,"Um documento relacionado ao processo, como um ofício ou um alvará, foi assinado. | Ofício 11318/2026. Determinação de diligências_Relator",
Pet16019,14/05/2026,Comunicação assinada,"Um documento relacionado ao processo, como um ofício ou um alvará, foi assinado. | Ofício 11316/2026. Determinação de diligências_Relator",
Pet16019,14/05/2026,Comunicação assinada,"Um documento relacionado ao processo, como um ofício ou um alvará, foi assinado. | Ofício 11306/2026. Determinação de diligências_Relator (corretoras)",
Pet16019,14/05/2026,Comunicação assinada,"Um documento relacionado ao processo, como um ofício ou um alvará, foi assinado. | Ofício 11297/2026. Determinação de diligências_Relator (corretoras)",
Pet16019,14/05/2026,Comunicação assinada,"Um documento relacionado ao processo, como um ofício ou um alvará, foi assinado. | Ofício 11308/2026. Determinação de diligências_Relator (corretoras)",
Pet16019,14/05/2026,Comunicação assinada,"Um documento relacionado ao processo, como um ofício ou um alvará, foi assinado. | Ofício 11305/2026. Determinação de diligências_Relator (corretoras)",
Pet16019,14/05/2026,Comunicação assinada,"Um documento relacionado ao processo, como um ofício ou um alvará, foi assinado. | Ofício 11304/2026. Determinação de diligências_Relator (corretoras)",
Pet16019,14/05/2026,Comunicação assinada,"Um documento relacionado ao processo, como um ofício ou um alvará, foi assinado. | Ofício 11301/2026. Determinação de diligências_Relator (corretoras)",
Pet16019,14/05/2026,Comunicação assinada,"Um documento relacionado ao processo, como um ofício ou um alvará, foi assinado. | Ofício 11302/2026. Determinação de diligências_Relator (corretoras)",
Pet16019,14/05/2026,Comunicação assinada,"Um documento relacionado ao processo, como um ofício ou um alvará, foi assinado. | Ofício 11309/2026. Determinação de diligências_Relator (corretoras)",
Pet16019,14/05/2026,Comunicação assinada,"Um documento relacionado ao processo, como um ofício ou um alvará, foi assinado. | Ofício 11298/2026. Determinação de diligências_Relator (corretoras)",
Pet16019,14/05/2026,Comunicação assinada,"Um documento relacionado ao processo, como um ofício ou um alvará, foi assinado. | Ofício 11300/2026. Determinação de diligências_Relator (corretoras)",
Pet16019,14/05/2026,Comunicação assinada,"Um documento relacionado ao processo, como um ofício ou um alvará, foi assinado. | Ofício 11315/2026. Determinação de diligências_Relator",
Pet16019,14/05/2026,Comunicação assinada,"Um documento relacionado ao processo, como um ofício ou um alvará, foi assinado. | Ofício 11313/2026. Determinação de diligências_Relator (corretoras)",
Pet16019,14/05/2026,Comunicação assinada,"Um documento relacionado ao processo, como um ofício ou um alvará, foi assinado. | Ofício 11303/2026. Determinação de diligências_Relator (corretoras)",
Pet16019,14/05/2026,Comunicação assinada,"Um documento relacionado ao processo, como um ofício ou um alvará, foi assinado. | Ofício 11317/2026. Determinação de diligências_Relator",
Pet16019,14/05/2026,Comunicação assinada,"Um documento relacionado ao processo, como um ofício ou um alvará, foi assinado. | Ofício 11319/2026. Comunicação de despacho/decisão_Relator",
Pet16019,14/05/2026,Certidão,Registro de acontecimentos relacionados ao processo. | Certifico a elaboração de 20 ofícios eletrônicos. Decisão de 13.5.2026.,
Pet16019,13/05/2026,Decisão (sigiloso),Decisão monocrática | MIN. ANDRÉ MENDONÇA,15387071515
Pet16019,13/05/2026,Conclusos ao(à) Relator(a),O processo foi encaminhado para análise do(a) ministro(a) responsável pelo caso.,
Pet16019,13/05/2026,Petição,"Petição Físico ou Sigiloso - Petição Sigilosa: 63390 Data: 13/05/2026, às 17:29:19",
Pet16019,09/05/2026,Vista à PGR,O processo foi enviado à Procuradoria-Geral da República (Ministério Público Federal) para manifestação. | Vista à PGR,15386917208
Pet16019,09/05/2026,Despacho,Despacho | MIN. ANDRÉ MENDONÇA | 09/05/2026,15386917190
Pet16019,08/05/2026,Conclusos ao(à) Relator(a),O processo foi encaminhado para análise do(a) ministro(a) responsável pelo caso.,
Pet16019,08/05/2026,Distribuído por prevenção,"O processo foi enviado para o(a) ministro(a) que já julgou outro processo ou recurso relacionado ao caso. | Certidão | MIN. ANDRÉ MENDONÇA. Prevenção do Relator/Sucessor: MIN. ANDRÉ MENDONÇA. Justificativa legal: RISTF, ",15386907118
Pet16019,08/05/2026,Autuado,O processo recebeu uma numeração e uma classificação. É a identidade do processo.,
Pet16019,08/05/2026,Protocolado,"Petição Inicial (nº 60643) recebida em 08/05/2026, às 12:02:49",
Pet16662,10/09/2026,Intimado eletronicamente,"A pessoa (o autor, o réu, o executado ou outro interessado) e/ou seu advogado receberam, por sistema eletrônico, a comunicação de uma decisão do processo. | Intimação | PROCURADOR-GERAL DA REPÚBLICA. Intimação relativa a",15390299034
Pet16662,10/09/2026,Intimado eletronicamente,"A pessoa (o autor, o réu, o executado ou outro interessado) e/ou seu advogado receberam, por sistema eletrônico, a comunicação de uma decisão do processo. | Intimação | PROCURADOR-GERAL DA REPÚBLICA. Intimação relativa a",15390299028
Pet16662,10/09/2026,Conclusos ao(à) Relator(a),O processo foi encaminhado para análise do(a) ministro(a) responsável pelo caso.,
Pet16662,10/09/2026,Petição,"Interessado - Petição: 114209 Data: 10/09/2026, às 11:54:22",
Pet16662,10/09/2026,"Republicado, DJE",Divulgado em 09/09/2026. https://digital.stf.jus.br/publico/publicacao/1008683,
Pet16662,10/09/2026,"Ata de Julgamento Publicada, DJE",A decisão tomada pela Turma (grupo de 05 ministros) ou pelo Plenário (os 11 ministros reunidos) foi divulgada. | Divulgado em 09/09/2026. https://digital.stf.jus.br/publico/publicacao/1008343,
Pet16662,10/09/2026,"Republicado, DJE",Divulgado em 09/09/2026. https://digital.stf.jus.br/publico/publicacao/1008681,
Pet16662,09/09/2026,Incluído no calendário de julgamento pelo Presidente,Data de Julgamento: 15/09/2026,
Pet16662,09/09/2026,Certidão,"Registro de acontecimentos relacionados ao processo. | Certidão | Certifico que, em cumprimento à decisão de 09/09/2026 proferida nos autos da PET 16.704, procedi à juntada de cópia da referida decisão aos presentes",15390244206
Pet16662,09/09/2026,Certidão,"Registro de acontecimentos relacionados ao processo. | Certidão | Certifico que, em cumprimento à decisão de 09/09/2026 proferida nos autos da | SL 1.946, procedi à juntada de cópia da referida decisão aos presentes auto",15390243671
Pet16662,09/09/2026,Juntada,"Certidão de julgamento | Certidão de Julgamento da Sessão Virtual Extraordinária, Pet-Ref",15390237543
Pet16662,09/09/2026,Vista ao(à) Ministro(a),"O processo foi enviado para o(a) ministro(a) que, durante o julgamento, pediu para examinar melhor o caso. | Decisão de Julgamento | MIN. GILMAR MENDES | Decisão: Após o voto do Ministro André Mendonça (Relator) que refe",
Pet16662,09/09/2026,Remessa,Protocolado 113526/2026,
Pet16662,09/09/2026,Lançamento indevido,09/09/2026 - Conclusos ao(à) Relator(a) | Justificativa: erro,
Pet16662,09/09/2026,Conclusos ao(à) Relator(a),O processo foi encaminhado para análise do(a) ministro(a) responsável pelo caso.,
Pet16662,09/09/2026,Petição,"Informações - Petição: 113526 Data: 09/09/2026, às 03:28:25",
Pet16662,09/09/2026,Pauta publicada no DJE - Plenário,"O processo será julgado pelo Plenário (11 ministros) na data prevista no calendário de julgamento. No caso de julgamento em sessão virtual, será observada a data constante do andamento processual. | Pet. DJE divulgado em",
Pet16662,09/09/2026,"Publicação, DJE",Divulgado em 08/09/2026,
Pet16662,09/09/2026,"Publicação, DJE",Divulgado em 08/09/2026,
Pet16662,08/09/2026,Vista à PGR para fins de intimação,O processo foi enviado à Procuradoria-Geral da República (Ministério Público Federal) para comunicação da decisão no processo. | Despacho,15390205543
Pet16662,08/09/2026,Despacho,"Despacho | MIN. GILMAR MENDES | Assim, diante de elementos que apontam para a incompetência da Segunda Turma e do risco de decisões conflitantes sobre uma mesma matéria, pedi vista do processo para melhor exame dos autos",15390205543
Pet16662,08/09/2026,Expedido(a),Um documento relacionado ao processo foi enviado. | Mandado de intimação despacho/decisão_Relator,
Pet16662,08/09/2026,Expedido(a),Um documento relacionado ao processo foi enviado. | Mandado de intimação despacho/decisão_Relator,
Pet16662,08/09/2026,Expedido(a),Um documento relacionado ao processo foi enviado. | Mandado de intimação despacho/decisão_Relator,
Pet16662,08/09/2026,Juntada do mandado cumprido,Mandado de Intimação n°5534/2026,
Pet16662,08/09/2026,Juntada do mandado cumprido,Mandado de Intimação n°5536/2026,
Pet16662,08/09/2026,Juntada do mandado cumprido,Mandado de Intimação n°5535/2026,
Pet16662,08/09/2026,Expedido(a),Um documento relacionado ao processo foi enviado. | Determinação cumprimento despacho/decisão_Relator,
Pet16662,08/09/2026,Comunicação assinada,"Um documento relacionado ao processo, como um ofício ou um alvará, foi assinado. | Comunicação assinada | Mandado 5535/2026. Mandado de intimação despacho/decisão_Relator",15390170377
Pet16662,08/09/2026,Comunicação assinada,"Um documento relacionado ao processo, como um ofício ou um alvará, foi assinado. | Comunicação assinada | Mandado 5534/2026. Mandado de intimação despacho/decisão_Relator",15390170305
Pet16662,08/09/2026,Comunicação assinada,"Um documento relacionado ao processo, como um ofício ou um alvará, foi assinado. | Comunicação assinada | Mandado 5536/2026. Mandado de intimação despacho/decisão_Relator",15390170308
Pet16662,08/09/2026,Comunicação assinada,"Um documento relacionado ao processo, como um ofício ou um alvará, foi assinado. | Comunicação assinada | Ofício 21119/2026. Determinação cumprimento despacho/decisão_Relator",15390170273
Pet16662,08/09/2026,Suspenso o julgamento,MIN. GILMAR MENDES | Pedido de vista,
Pet16662,08/09/2026,Iniciado Julgamento Virtual,"O julgamento do processo em sessão virtual começou na data indicada no andamento processual. | Iniciado Julgamento Virtual em 08 de Setembro de 2026 (Terça-feira), às 10:00, Pet 16662 Ref",
Pet16662,08/09/2026,Certidão,Registro de acontecimentos relacionados ao processo. | Certifico a elaboração de 3 mandados de intimação e 1 ofício eletrônico. Decisão de 08/09/2026.,
Pet16662,08/09/2026,Vista à PGR para fins de intimação,O processo foi enviado à Procuradoria-Geral da República (Ministério Público Federal) para comunicação da decisão no processo. | Decisão monocrática,15390163796
Pet16662,08/09/2026,Apresentado em mesa para julgamento,"O processo foi liberado para julgamento, que poderá ocorrer em qualquer data (quando presencial) ou no período agendado (quando em sistema eletrônico), sem publicação de aviso prévio. | 2ª TURMA - SESSÃO VIRTUAL | Julgam",
Pet16662,08/09/2026,Liminar deferida ad referendum,Decisão monocrática | MIN. ANDRÉ MENDONÇA,15390163796
Pet16662,06/09/2026,Inclua-se em pauta - minuta extraída,"O processo está pronto para ser julgado, mas ainda não foi marcado o dia de julgamento. No caso de julgamento em sessão virtual, será observada a data constante do andamento processual. | TRIBUNAL PLENO | Julgamento Pres",
Pet16662,04/09/2026,Intimado eletronicamente,"A pessoa (o autor, o réu, o executado ou outro interessado) e/ou seu advogado receberam, por sistema eletrônico, a comunicação de uma decisão do processo. | Intimação | PROCURADOR-GERAL DA REPÚBLICA. Intimação relativa a",15390133416
Pet16662,03/09/2026,Certidão,Registro de acontecimentos relacionados ao processo. | Certidão | Certidão de cumprimento de despacho,15390098973
Pet16662,03/09/2026,Conclusos ao(à) Relator(a),O processo foi encaminhado para análise do(a) ministro(a) responsável pelo caso.,
Pet16662,03/09/2026,Petição,"Manifestação - Petição: 111499 Data: 03/09/2026, às 09:46:48",
Pet16662,02/09/2026,Conclusos ao(à) Relator(a),O processo foi encaminhado para análise do(a) ministro(a) responsável pelo caso.,
Pet16662,02/09/2026,Petição,"Manifestação - Petição: 111410 Data: 02/09/2026, às 20:06:27",
Pet16662,02/09/2026,"Publicação, DJE",Divulgado em 01/09/2026,
Pet16662,01/09/2026,Conclusos ao(à) Relator(a),O processo foi encaminhado para análise do(a) ministro(a) responsável pelo caso.,
Pet16662,01/09/2026,Petição,"PROCURADOR-GERAL DA REPÚBLICA - Petição: 110720 - Data: 01/09/2026, às 19:28:11, via Web Service MNI 2.2.2.",
Pet16662,01/09/2026,Vista à PGR para fins de intimação,O processo foi enviado à Procuradoria-Geral da República (Ministério Público Federal) para comunicação da decisão no processo. | Despacho,15389904874
Pet16662,01/09/2026,Despacho,"Despacho | MIN. ANDRÉ MENDONÇA | ""[...]. 23. Com base em tais razões, determino o levantamento do | sigilo dos presentes autos.",15389904874
Pet16662,31/08/2026,Vista à PGR,O processo foi enviado à Procuradoria-Geral da República (Ministério Público Federal) para manifestação. | Vista à PGR,15389893343
Pet16662,31/08/2026,Despacho,Despacho | MIN. ANDRÉ MENDONÇA,15389893016
Pet16662,28/08/2026,Conclusos ao(à) Relator(a),O processo foi encaminhado para análise do(a) ministro(a) responsável pelo caso.,
Pet16662,28/08/2026,Distribuído por prevenção,"O processo foi enviado para o(a) ministro(a) que já julgou outro processo ou recurso relacionado ao caso. | Certidão | MIN. ANDRÉ MENDONÇA. Prevenção do Relator/Sucessor: MIN. ANDRÉ MENDONÇA. Justificativa legal: RISTF, ",15389808871
Pet16662,28/08/2026,Autuado,O processo recebeu uma numeração e uma classificação. É a identidade do processo.,
Pet16662,28/08/2026,Protocolado,,
Pet16704,11/09/2026,Certidão,Registro de acontecimentos relacionados ao processo. | Certifico a elaboração de 1 ofício eletrônico. Despacho de 11.9.2026.,
Pet16704,11/09/2026,Certidão,Registro de acontecimentos relacionados ao processo. | Certifico a elaboração de 1 ofício eletrônico. Despacho de 11.9.2026.,
Pet16704,11/09/2026,Certidão,"Registro de acontecimentos relacionados ao processo. | Certidão | Certifico o cumprimento do despacho de 11 de setembro de 2026, juntando-se aos autos o Ofício nº 13/2026 (ID: 537f6b7f, edoc. 75).",15390348253
Pet16704,11/09/2026,Vista à PGR para fins de intimação,O processo foi enviado à Procuradoria-Geral da República (Ministério Público Federal) para comunicação da decisão no processo. | Despacho,15390346414
Pet16704,11/09/2026,Vista à PGR para fins de intimação,O processo foi enviado à Procuradoria-Geral da República (Ministério Público Federal) para comunicação da decisão no processo. | Despacho,15390346059
Pet16704,11/09/2026,Despacho,"Despacho | PRESIDÊNCIA | "" Junte-se aos autos o Ofício nº. 13/2026, do eminente | Ministro Cristiano Zanin, solicitando-se informações ao eminente",15390346414
Pet16704,11/09/2026,Despacho,"Despacho | PRESIDÊNCIA | ""(...) Acolho o pedido feito pelo Vice-Procurador-Geral da República, | titular da ação penal, para solicitar que o e. Ministro André Mendonça",15390346059
Pet16704,11/09/2026,Conclusos à Presidência,O processo foi enviado para análise do(a) ministro(a) Presidente.,
Pet16704,11/09/2026,Petição,"PROCURADOR-GERAL DA REPÚBLICA - Petição: 114913 - Data: 11/09/2026, às 13:32:07, via Web Service MNI 2.2.2.",
Pet16704,11/09/2026,Remessa,da Petição nº 114740/2026 para PRESIDÊNCIA,
Pet16704,11/09/2026,Vista à PGR para fins de intimação,O processo foi enviado à Procuradoria-Geral da República (Ministério Público Federal) para comunicação da decisão no processo. | Despacho,15390328472
Pet16704,11/09/2026,Petição,"Manifestação - Petição: 114740 Data: 11/09/2026, às 09:12:16",
Pet16704,11/09/2026,Vista à PGR para fins de intimação,O processo foi enviado à Procuradoria-Geral da República (Ministério Público Federal) para comunicação da decisão no processo. | Despacho,15390328327
Pet16704,11/09/2026,"Publicação, DJE",Divulgado em 10/09/2026,
Pet16704,11/09/2026,"Publicação, DJE",Divulgado em 10/09/2026,
Pet16704,10/09/2026,Despacho,"Despacho | MIN. ANDRÉ MENDONÇA | ""1. | Em harmonia à solicitação formulada pelo eminente",15390328472
Pet16704,10/09/2026,Despacho,"Despacho | PRESIDÊNCIA | ""Tendo em vista a inclusão da Pet 16.662 em calendário | de julgamento da sessão extraordinária de 15 de setembro de 2026 e",15390328327
Pet16704,10/09/2026,Conclusos ao(à) Relator(a),O processo foi encaminhado para análise do(a) ministro(a) responsável pelo caso.,
Pet16704,10/09/2026,Petição,"Manifestação - Petição: 114682 Data: 10/09/2026, às 19:45:13",
Pet16704,10/09/2026,Intimado eletronicamente,"A pessoa (o autor, o réu, o executado ou outro interessado) e/ou seu advogado receberam, por sistema eletrônico, a comunicação de uma decisão do processo. | Intimação | PROCURADOR-GERAL DA REPÚBLICA. Intimação relativa a",15390303869
Pet16704,10/09/2026,Intimado eletronicamente,"A pessoa (o autor, o réu, o executado ou outro interessado) e/ou seu advogado receberam, por sistema eletrônico, a comunicação de uma decisão do processo. | Intimação | PROCURADOR-GERAL DA REPÚBLICA. Intimação relativa a",15390303863
Pet16704,10/09/2026,Expedido(a),Um documento relacionado ao processo foi enviado. | Ofício Eletrônico 21353/2026 - MINISTRO FLÁVIO DINO Relator da PET nº 16.669 do Supremo Tribunal Federal - Com cópia da Decisão - Data da Remessa: 09/09/2026,
Pet16704,10/09/2026,Expedido(a),Um documento relacionado ao processo foi enviado. | Ofício Eletrônico 21354/2026 - MINISTRO ANDRÉ MENDONÇA Relator da PET nº 16.662 do Supremo Tribunal Federal - Com cópia da Decisão - Data da Remessa: 09/09/2026,
Pet16704,10/09/2026,Conclusos ao(à) Relator(a),O processo foi encaminhado para análise do(a) ministro(a) responsável pelo caso.,
Pet16704,10/09/2026,"Publicação, DJE",Divulgado em 09/09/2026,
Pet16704,09/09/2026,Petição,"Manifestação - Petição: 114080 Data: 09/09/2026, às 22:58:48",
Pet16704,09/09/2026,Petição,"Manifestação - Petição: 114077 Data: 09/09/2026, às 22:49:23",
Pet16704,09/09/2026,Petição,"Manifestação - Petição: 114047 Data: 09/09/2026, às 21:03:32",
Pet16704,09/09/2026,Expedido(a),Um documento relacionado ao processo foi enviado. | Comunicação decisão_Presidente,
Pet16704,09/09/2026,Expedido(a),Um documento relacionado ao processo foi enviado. | Comunicação decisão_Presidente,
Pet16704,09/09/2026,Comunicação assinada,"Um documento relacionado ao processo, como um ofício ou um alvará, foi assinado. | Comunicação assinada | Ofício 21354/2026. Comunicação decisão_Presidente",15390249033
Pet16704,09/09/2026,Comunicação assinada,"Um documento relacionado ao processo, como um ofício ou um alvará, foi assinado. | Comunicação assinada | Ofício 21359/2026. Comunicação decisão_Presidente",15390248974
Pet16704,09/09/2026,Comunicação assinada,"Um documento relacionado ao processo, como um ofício ou um alvará, foi assinado. | Comunicação assinada | Ofício 21356/2026. Comunicação decisão_Presidente",15390248939
Pet16704,09/09/2026,Comunicação assinada,"Um documento relacionado ao processo, como um ofício ou um alvará, foi assinado. | Comunicação assinada | Ofício 21353/2026. Comunicação decisão_Presidente",15390248937
Pet16704,09/09/2026,Certidão,Registro de acontecimentos relacionados ao processo. | Certifico a elaboração de 4 (quatro) ofícios eletrônicos. Decisão de 09.09.2026.,
Pet16704,09/09/2026,Certidão,"Registro de acontecimentos relacionados ao processo. | Certidão | Certifico que, em cumprimento à decisão de 09/09/2026 (eDoc 27, ID e2a0c781), | procedi à juntada de cópia da referida decisão aos autos da PET 16.662.",15390244102
Pet16704,09/09/2026,Certidão,"Registro de acontecimentos relacionados ao processo. | Certidão | Certifico que, em cumprimento à decisão de 09/09/2026 proferida nos autos da | SL 1.946, procedi à juntada de cópia da referida decisão aos presentes auto",15390243825
Pet16704,09/09/2026,Vista à PGR para fins de intimação,O processo foi enviado à Procuradoria-Geral da República (Ministério Público Federal) para comunicação da decisão no processo. | Decisão monocrática,15390243254
Pet16704,09/09/2026,Deferido,"Decisão monocrática | PRESIDÊNCIA | ""(...) Ante o exposto, no exercício das atribuições conferidas pelo artigo | 13, I e III do RISTF, em consonância com a decisão proferida na SL 1.946,",15390243254
Pet16704,08/09/2026,Remessa,da Petição nº 113162/2026 para PRESIDÊNCIA,
Pet16704,08/09/2026,Petição,"Manifestação - Petição: 113162 Data: 08/09/2026, às 15:43:15",
Pet16704,08/09/2026,"Publicação, DJE",Divulgado em 04/09/2026,
Pet16704,06/09/2026,Petição,"Manifestação - Petição: 112785 Data: 06/09/2026, às 23:11:30",
Pet16704,04/09/2026,Conclusos ao(à) Relator(a),O processo foi encaminhado para análise do(a) ministro(a) responsável pelo caso.,
Pet16704,04/09/2026,Petição,"Parecer da PGR - Petição Sigilosa: 112637 Data: 04/09/2026, às 20:00:52",
Pet16704,04/09/2026,Remessa,da Petição nº 112609/2026 para PRESIDÊNCIA,
Pet16704,04/09/2026,Petição,"Manifestação - Petição: 112609 Data: 04/09/2026, às 19:08:46",
Pet16704,04/09/2026,Expedido(a),Um documento relacionado ao processo foi enviado. | Ofício Eletrônico 20993/2026 - Ministro ANDRÉ MENDONÇA SUPREMO TRIBUNAL FEDERAL - Com Cópia do Despacho - Data da Remessa: 04/09/2026,
Pet16704,04/09/2026,Expedido(a),Um documento relacionado ao processo foi enviado. | Ofício Eletrônico 20992/2026 - MINISTRO ALEXANDRE DE MORAES SUPREMO TRIBUNAL FEDERAL - Com Cópia do Despacho - Data da Remessa: 04/09/2026,
Pet16704,04/09/2026,Expedido(a),Um documento relacionado ao processo foi enviado. | Ofício Eletrônico 20994/2026 - A Sua Excelência o Senhor Paulo Gustavo Gonet Branco PROCURADOR-GERAL DA REPÚBLICA - Encaminha despacho/decisão - Data da Remessa: 04/09/,
Pet16704,04/09/2026,Expedido(a),Um documento relacionado ao processo foi enviado. | Ofício Eletrônico 20991/2026 - Delegado ANDREI AUGUSTO PASSOS RODRIGUES DIRETOR-GERAL DO DEPARTAMENTO DE POLÍCIA FEDERAL - Encaminha despacho/decisão - Data da Remessa:,
Pet16704,04/09/2026,Vista à PGR,O processo foi enviado à Procuradoria-Geral da República (Ministério Público Federal) para manifestação. | Vista à PGR,15390101773
Pet16704,04/09/2026,Certidão,Registro de acontecimentos relacionados ao processo. | Certidão | de cumprimento de despacho,15390101765
Pet16704,04/09/2026,Despacho,"Despacho | PRESIDÊNCIA | "" Faço referência à decisão e anexos encaminhada pelo Ministro | Alexandre de Moraes a esta Presidência na data de 3 de setembro de",15390100430
Pet16704,04/09/2026,Comunicação assinada,"Um documento relacionado ao processo, como um ofício ou um alvará, foi assinado. | Comunicação assinada | Ofício 20994/2026. Informação Geral _ Presidente",15390100251
Pet16704,04/09/2026,Comunicação assinada,"Um documento relacionado ao processo, como um ofício ou um alvará, foi assinado. | Comunicação assinada | Ofício 20992/2026. Informação Geral _ Presidente",15390100248
Pet16704,04/09/2026,Comunicação assinada,"Um documento relacionado ao processo, como um ofício ou um alvará, foi assinado. | Comunicação assinada | Ofício 20993/2026. Informação Geral _ Presidente",15390100244
Pet16704,04/09/2026,Comunicação assinada,"Um documento relacionado ao processo, como um ofício ou um alvará, foi assinado. | Comunicação assinada | Ofício 20991/2026. Informação Geral _ Presidente",15390100243
Pet16704,04/09/2026,"Publicação, DJE",Divulgado em 03/09/2026,
Pet16704,03/09/2026,Certidão,Registro de acontecimentos relacionados ao processo. | De elaboração de quatro ofícios eletrônicos. Despacho de 3/9/2026.,
Pet16704,03/09/2026,Vista à PGR para fins de intimação,O processo foi enviado à Procuradoria-Geral da República (Ministério Público Federal) para comunicação da decisão no processo. | Despacho,15390098604
Pet16704,03/09/2026,Conclusos à Presidência,O processo foi enviado para análise do(a) ministro(a) Presidente.,
Pet16704,03/09/2026,Lançamento indevido,03/09/2026 - Conclusos ao(à) Relator(a) | Justificativa: equívoco,
Pet16704,03/09/2026,Conclusos ao(à) Relator(a),O processo foi encaminhado para análise do(a) ministro(a) responsável pelo caso.,
Pet16704,03/09/2026,Certidão,Registro de acontecimentos relacionados ao processo. | Certidão | de cumprimento de despacho,15390098929
Pet16704,03/09/2026,Despacho,"Despacho | PRESIDÊNCIA | "" No âmbito da PET nº 16.662, cujas peças foram | recentemente tornadas públicas, o e. Ministro Relator despachou",15390098604
Pet16704,03/09/2026,Conclusos à Presidência,O processo foi enviado para análise do(a) ministro(a) Presidente.,
Pet16704,03/09/2026,Registrado à Presidência,O processo foi encaminhado para análise do(a) Ministro(a) Presidente. | Certidão,15390098593
Pet16704,03/09/2026,Autuado,O processo recebeu uma numeração e uma classificação. É a identidade do processo.,
Pet16704,03/09/2026,Protocolado,,
Rcl88121,25/08/2026,Petição,"Petição Físico ou Sigiloso - Petição Sigilosa: 107068 Data: 25/08/2026, às 17:39:08",
Rcl88121,19/08/2026,Petição,"Petição Físico ou Sigiloso - Petição Sigilosa: 104532 Data: 19/08/2026, às 17:32:28",
Rcl88121,17/08/2026,Petição,"Petição Físico ou Sigiloso - Petição Sigilosa: 103125 Data: 17/08/2026, às 16:06:41",
Rcl88121,04/08/2026,Petição,"Petição Físico ou Sigiloso - Petição Sigilosa: 98089 Data: 04/08/2026, às 19:05:04",
Rcl88121,23/07/2026,Petição,"Petição Físico ou Sigiloso - Petição Sigilosa: 93891 Data: 23/07/2026, às 14:59:39",
Rcl88121,23/07/2026,Petição,"Petição Físico ou Sigiloso - Petição Sigilosa: 93865 Data: 23/07/2026, às 14:22:04",
Rcl88121,01/07/2026,Petição,"Petição Físico ou Sigiloso - Petição Sigilosa: 85544 Data: 01/07/2026, às 15:03:37",
Rcl88121,24/06/2026,Petição,"Petição Físico ou Sigiloso - Petição Sigilosa: 82782 Data: 24/06/2026, às 13:02:00",
Rcl88121,15/06/2026,Petição,"Petição Físico ou Sigiloso - Petição Sigilosa: 77978 Data: 15/06/2026, às 07:44:19",
Rcl88121,11/06/2026,Petição,"Petição Físico ou Sigiloso - Petição Sigilosa: 77037 Data: 11/06/2026, às 15:38:44",
Rcl88121,20/05/2026,Petição,"Petição Físico ou Sigiloso - Petição Sigilosa: 66659 Data: 20/05/2026, às 10:23:49",
Rcl88121,06/05/2026,Petição,"Petição Físico ou Sigiloso - Petição Sigilosa: 59538 Data: 06/05/2026, às 18:29:18",
Rcl88121,05/05/2026,Petição,"Petição Físico ou Sigiloso - Petição Sigilosa: 58638 Data: 05/05/2026, às 16:49:48",
Rcl88121,05/05/2026,Petição,"Petição Físico ou Sigiloso - Petição Sigilosa: 58332 Data: 05/05/2026, às 12:52:11",
Rcl88121,28/04/2026,Petição,"Petição Físico ou Sigiloso - Petição Sigilosa: 55655 Data: 28/04/2026, às 20:19:49",
Rcl88121,23/04/2026,Petição,"Petição Físico ou Sigiloso - Petição Sigilosa: 52317 Data: 23/04/2026, às 13:15:38",
Rcl88121,22/04/2026,Petição,"Petição Físico ou Sigiloso - Petição Sigilosa: 51957 Data: 22/04/2026, às 19:11:10",
Rcl88121,02/04/2026,Petição,"Petição Físico ou Sigiloso - Petição Sigilosa: 42392 Data: 02/04/2026, às 16:36:43",
Rcl88121,23/03/2026,Juntada de AR,,
Rcl88121,20/03/2026,Conclusos ao(à) Relator(a),O processo foi encaminhado para análise do(a) ministro(a) responsável pelo caso.,
Rcl88121,18/03/2026,Despacho,,
Rcl88121,18/03/2026,Certidão,Registro de acontecimentos relacionados ao processo. | Cumprimento de despacho - SEJ/CPIN - autuação de PET 15719,
Rcl88121,18/03/2026,Remessa,"gerência de AUTUAÇÃO, ANÁLISE DE PREVENÇÃO E DISTRIBUIÇÃO DE ORIGINÁRIOS CRIMINAIS",
Rcl88121,16/03/2026,Petição,"Petição Físico ou Sigiloso - Petição Sigilosa: 32373 Data: 16/03/2026, às 18:45:05",
Rcl88121,10/03/2026,Petição,"Petição Físico ou Sigiloso - Petição Sigilosa: 29042 Data: 10/03/2026, às 23:47:22",
Rcl88121,05/03/2026,Expedido(a),Um documento relacionado ao processo foi enviado. | Ofício Eletrônico 3886/2026 - AD180602407BR - Data da Remessa: 05/03/2026,
Rcl88121,05/03/2026,Certidão,Registro de acontecimentos relacionados ao processo. | Certifico a reexpedição do Ofício Eletrônico 4374/2026 via e-mail registrado.,
Rcl88121,04/03/2026,Expedido(a),Um documento relacionado ao processo foi enviado. | Determinação cumprimento despacho/decisão_SEJ,
Rcl88121,04/03/2026,Certidão,Registro de acontecimentos relacionados ao processo. | Certifico a elaboração de 1 (um) ofício eletrônico. Despacho de 04.03.2026.,
Rcl88121,04/03/2026,Petição,"Petição Físico ou Sigiloso - Petição Sigilosa: 24764 Data: 04/03/2026, às 18:27:34",
Rcl88121,04/03/2026,Petição,"Petição Físico ou Sigiloso - Petição Sigilosa: 24652 Data: 04/03/2026, às 17:40:59",
Rcl88121,04/03/2026,Despacho,,
Rcl88121,04/03/2026,Petição,"Petição Físico ou Sigiloso - Petição Sigilosa: 24409 Data: 04/03/2026, às 15:30:54",
Rcl88121,03/03/2026,Petição,"Petição Físico ou Sigiloso - Petição Sigilosa: 23961 Data: 03/03/2026, às 20:53:27",
Rcl88121,02/03/2026,Vista à PGR,O processo foi enviado à Procuradoria-Geral da República (Ministério Público Federal) para manifestação. | Vista à PGR,15384557933
Rcl88121,02/03/2026,Expedido(a),Um documento relacionado ao processo foi enviado. | Determinação cumprimento despacho/decisão_SEJ,
Rcl88121,02/03/2026,Expedido(a),Um documento relacionado ao processo foi enviado. | Determinação cumprimento despacho/decisão_SEJ,
Rcl88121,02/03/2026,Expedido(a),Um documento relacionado ao processo foi enviado. | Determinação cumprimento despacho/decisão_SEJ,
Rcl88121,02/03/2026,Despacho,,
Rcl88121,02/03/2026,Retorno ao trâmite,,
Rcl88121,27/02/2026,Certidão,Registro de acontecimentos relacionados ao processo. | Certifico a elaboração de 3 ofícios eletrônicos. Despacho de 27.2.2026.,
Rcl88121,27/02/2026,Despacho,,
Rcl88121,27/02/2026,Petição,"Petição Físico ou Sigiloso - Petição Sigilosa: 21738 Data: 27/02/2026, às 16:07:31",
Rcl88121,26/02/2026,Petição,"Petição Físico ou Sigiloso - Petição Sigilosa: 21272 Data: 26/02/2026, às 21:07:33",
Rcl88121,26/02/2026,Conclusos ao(à) Relator(a),O processo foi encaminhado para análise do(a) ministro(a) responsável pelo caso.,
Rcl88121,26/02/2026,Redistribuído,"Um(a) novo(a) ministro(a) se tornou responsável pelo caso. | Certidão | MIN. ANDRÉ MENDONÇA. Prevenção do Relator/Sucessor: MIN. ANDRÉ MENDONÇA. Justificativa legal: RISTF, art. 69, caput. Processo que justifica: Inq 502",15384450182
Rcl88121,26/02/2026,Remessa,à CPIN.,
Rcl88121,26/02/2026,Despacho,,
Rcl88121,24/02/2026,Conclusos à Presidência,O processo foi enviado para análise do(a) ministro(a) Presidente.,
Rcl88121,24/02/2026,Remessa,da Petição nº 19721/2026 para RECURSOS CRIMINAIS E HABEAS CORPUS,
Rcl88121,24/02/2026,Petição,"Petição Físico ou Sigiloso - Petição Sigilosa: 19721 Data: 24/02/2026, às 18:10:16",
Rcl88121,23/02/2026,Conclusos à Presidência,O processo foi enviado para análise do(a) ministro(a) Presidente.,
Rcl88121,19/02/2026,Remessa,da Petição nº 17272/2026 para RECURSOS CRIMINAIS E HABEAS CORPUS,
Rcl88121,19/02/2026,Petição,"Petição Físico ou Sigiloso - Petição Sigilosa: 17272 Data: 19/02/2026, às 16:46:00",
Rcl88121,18/02/2026,Certidão,Registro de acontecimentos relacionados ao processo. | .,
Rcl88121,18/02/2026,Remessa,da Petição nº 16015/2026 para RECURSOS CRIMINAIS E HABEAS CORPUS,
Rcl88121,13/02/2026,Petição,"Petição Físico ou Sigiloso - Petição Sigilosa: 16015 Data: 13/02/2026, às 20:21:59",
Rcl88121,13/02/2026,Certidão,Registro de acontecimentos relacionados ao processo. | .,
Rcl88121,13/02/2026,Remessa,da Petição nº 15968/2026 para RECURSOS CRIMINAIS E HABEAS CORPUS,
Rcl88121,13/02/2026,Petição,"Petição Físico ou Sigiloso - Petição Sigilosa: 15968 Data: 13/02/2026, às 18:50:26",
Rcl88121,12/02/2026,"Publicação, DJE",Divulgado em 11/02/2026,
Rcl88121,11/02/2026,Lançamento indevido,"18/12/2025 Petição 181531/2025 Justificativa: mudança de vinculação, por determinação do gabinete.",
Rcl88121,11/02/2026,"Baixa ao arquivo do STF, Guia nº","Guia: 4524/2026 - COORDENADORIA DE GESTÃO DA INFORMAÇÃO, MEMÓRIA INSTITUCIONAL E MUSEU",
Rcl88121,11/02/2026,Transitado(a) em julgado,"Processo com decisão definitiva, sem a possibilidade de recurso. | Certidão de trânsito em julgado | 10/02/2026",15383955631
Rcl88121,11/02/2026,Despacho,Despacho | MIN. DIAS TOFFOLI | Sem Descrição,15383904170
Rcl88121,11/02/2026,Despacho,,
Rcl88121,09/02/2026,Expedido(a),Um documento relacionado ao processo foi enviado. | Determinação cumprimento despacho/decisão_SEJ,
Rcl88121,09/02/2026,Comunicação assinada,"Um documento relacionado ao processo, como um ofício ou um alvará, foi assinado. | Ofício 2091/2026. Determinação cumprimento despacho/decisão_SEJ",
Rcl88121,09/02/2026,Certidão,Registro de acontecimentos relacionados ao processo. | Certifico a elaboração de 1 ofício eletrônico. Despacho de 09.02.2026.,
Rcl88121,09/02/2026,Despacho,,
Rcl88121,06/02/2026,Petição,"Petição Físico ou Sigiloso - Petição Sigilosa: 12158 Data: 06/02/2026, às 18:57:44",
Rcl88121,04/02/2026,Conclusos ao(à) Relator(a),O processo foi encaminhado para análise do(a) ministro(a) responsável pelo caso.,
Rcl88121,03/02/2026,Expedido(a),Um documento relacionado ao processo foi enviado. | Comunica despacho/decisão _SEJ,
Rcl88121,03/02/2026,Comunicação assinada,"Um documento relacionado ao processo, como um ofício ou um alvará, foi assinado. | Ofício 1652/2026. Comunica despacho/decisão _SEJ",
Rcl88121,03/02/2026,Despacho,,
Rcl88121,03/02/2026,Certidão,Registro de acontecimentos relacionados ao processo. | Certifico a elaboração de 1 ofício eletrônico. Despacho de 02/02/2026.,
Rcl88121,03/02/2026,Remessa,da Petição nº 174377/2025 para RECURSOS CRIMINAIS E HABEAS CORPUS,
Rcl88121,03/02/2026,Remessa,da Petição nº 174430/2025 para RECURSOS CRIMINAIS E HABEAS CORPUS,
Rcl88121,03/02/2026,Remessa,da Petição nº 174438/2025 para RECURSOS CRIMINAIS E HABEAS CORPUS,
Rcl88121,03/02/2026,Remessa,da Petição nº 174533/2025 para RECURSOS CRIMINAIS E HABEAS CORPUS,
Rcl88121,03/02/2026,Remessa,da Petição nº 175090/2025 para RECURSOS CRIMINAIS E HABEAS CORPUS,
Rcl88121,03/02/2026,Remessa,da Petição nº 175097/2025 para RECURSOS CRIMINAIS E HABEAS CORPUS,
Rcl88121,03/02/2026,Remessa,da Petição nº 175487/2025 para RECURSOS CRIMINAIS E HABEAS CORPUS,
Rcl88121,03/02/2026,Remessa,da Petição nº 175531/2025 para RECURSOS CRIMINAIS E HABEAS CORPUS,
Rcl88121,03/02/2026,Remessa,da Petição nº 176072/2025 para RECURSOS CRIMINAIS E HABEAS CORPUS,
Rcl88121,03/02/2026,Remessa,da Petição nº 177854/2025 para RECURSOS CRIMINAIS E HABEAS CORPUS,
Rcl88121,03/02/2026,Remessa,da Petição nº 183874/2025 para RECURSOS CRIMINAIS E HABEAS CORPUS,
Rcl88121,03/02/2026,Remessa,da Petição nº 183960/2025 para RECURSOS CRIMINAIS E HABEAS CORPUS,
Rcl88121,03/02/2026,Remessa,da Petição nº 184798/2025 para RECURSOS CRIMINAIS E HABEAS CORPUS,
Rcl88121,03/02/2026,Remessa,da Petição nº 184823/2025 para RECURSOS CRIMINAIS E HABEAS CORPUS,
Rcl88121,03/02/2026,Remessa,da Petição nº 394/2026 para RECURSOS CRIMINAIS E HABEAS CORPUS,
Rcl88121,03/02/2026,Remessa,da Petição nº 1146/2026 para RECURSOS CRIMINAIS E HABEAS CORPUS,
Rcl88121,03/02/2026,Remessa,da Petição nº 1928/2026 para RECURSOS CRIMINAIS E HABEAS CORPUS,
Rcl88121,03/02/2026,Remessa,da Petição nº 2013/2026 para RECURSOS CRIMINAIS E HABEAS CORPUS,
Rcl88121,03/02/2026,Remessa,da Petição nº 3700/2026 para RECURSOS CRIMINAIS E HABEAS CORPUS,
Rcl88121,03/02/2026,Remessa,da Petição nº 4083/2026 para RECURSOS CRIMINAIS E HABEAS CORPUS,
Rcl88121,02/02/2026,Conclusos ao(à) Relator(a),O processo foi encaminhado para análise do(a) ministro(a) responsável pelo caso.,
Rcl88121,02/02/2026,Remessa,da Petição nº 6585/2026 para RECURSOS CRIMINAIS E HABEAS CORPUS,
Rcl88121,02/02/2026,Remessa,da Petição nº 2233/2026 para RECURSOS CRIMINAIS E HABEAS CORPUS,
Rcl88121,02/02/2026,Remessa,da Petição nº 3125/2026 para RECURSOS CRIMINAIS E HABEAS CORPUS,
Rcl88121,02/02/2026,Remessa,da Petição nº 7242/2026 para RECURSOS CRIMINAIS E HABEAS CORPUS,
Rcl88121,02/02/2026,Remessa,da Petição nº 8194/2026 para RECURSOS CRIMINAIS E HABEAS CORPUS,
Rcl88121,02/02/2026,Remessa,da Petição nº 6585/2026 para PROCESSOS ORIGINÁRIOS CRIMINAIS,
Rcl88121,02/02/2026,Remessa,da Petição nº 8413/2026 para RECURSOS CRIMINAIS E HABEAS CORPUS,
Rcl88121,02/02/2026,Remessa,da Petição nº 2233/2026 para PROCESSOS ORIGINÁRIOS CRIMINAIS,
Rcl88121,02/02/2026,Remessa,da Petição nº 3125/2026 para PROCESSOS ORIGINÁRIOS CRIMINAIS,
Rcl88121,02/02/2026,Remessa,da Petição nº 7242/2026 para PROCESSOS ORIGINÁRIOS CRIMINAIS,
Rcl88121,02/02/2026,Remessa,da Petição nº 8194/2026 para PROCESSOS ORIGINÁRIOS CRIMINAIS,
Rcl88121,30/01/2026,Petição,8413/2026 - 30/01/2026 -,
Rcl88121,30/01/2026,Petição,"Petição Físico ou Sigiloso - Petição Sigilosa: 8194 Data: 30/01/2026, às 10:34:30",
Rcl88121,28/01/2026,Petição,"Petição Físico ou Sigiloso - Petição Sigilosa: 7242 Data: 28/01/2026, às 12:12:32",
Rcl88121,27/01/2026,Remessa,da Petição nº 3125/2026 para GABINETE MINISTRO DIAS TOFFOLI,
Rcl88121,27/01/2026,Remessa,da Petição nº 2233/2026 para GABINETE MINISTRO DIAS TOFFOLI,
Rcl88121,26/01/2026,Petição,"Petição Físico ou Sigiloso - Petição Sigilosa: 6585 Data: 26/01/2026, às 21:12:16",
Rcl88121,19/01/2026,Petição,"Petição Físico ou Sigiloso - Petição Sigilosa: 4083 Data: 19/01/2026, às 21:41:41",
Rcl88121,17/01/2026,Petição,"Petição Físico ou Sigiloso - Petição Sigilosa: 3700 Data: 17/01/2026, às 12:50:14",
Rcl88121,15/01/2026,Remessa,da Petição nº 3125/2026 para RECURSOS CRIMINAIS E HABEAS CORPUS,
Rcl88121,15/01/2026,Petição,"3125/2026 Data: 15/01/2026, às 15:46:24 PETV3",
Rcl88121,13/01/2026,Petição,"2233/2026 Data: 13/01/2026, às 14:30:15 PETV3",
Rcl88121,12/01/2026,Petição,"Petição Físico ou Sigiloso - Petição Sigilosa: 2013 Data: 12/01/2026, às 22:32:07",
Rcl88121,12/01/2026,Petição,"Petição Físico ou Sigiloso - Petição Sigilosa: 1928 Data: 12/01/2026, às 17:53:35",
Rcl88121,08/01/2026,Petição,"Petição Físico ou Sigiloso - Petição Sigilosa: 1146 Data: 08/01/2026, às 18:18:14",
Rcl88121,06/01/2026,Petição,"Petição Físico ou Sigiloso - Petição Sigilosa: 394 Data: 06/01/2026, às 17:25:38",
Rcl88121,06/01/2026,Conclusos ao(à) Relator(a),O processo foi encaminhado para análise do(a) ministro(a) responsável pelo caso.,
Rcl88121,06/01/2026,Remessa,da Petição nº 140/2026 para RECURSOS CRIMINAIS E HABEAS CORPUS,
Rcl88121,06/01/2026,Remessa,da Petição nº 140/2026 para PROCESSOS ORIGINÁRIOS CRIMINAIS,
Rcl88121,04/01/2026,Petição,"Petição Físico ou Sigiloso - Petição Sigilosa: 140 Data: 04/01/2026, às 17:47:47",
Rcl88121,29/12/2025,Petição,"Petição Físico ou Sigiloso - Petição Sigilosa: 184823 Data: 29/12/2025, às 17:55:17",
Rcl88121,29/12/2025,Petição,"Petição Físico ou Sigiloso - Petição Sigilosa: 184798 Data: 29/12/2025, às 16:22:50",
Rcl88121,24/12/2025,Conclusos ao(à) Relator(a),O processo foi encaminhado para análise do(a) ministro(a) responsável pelo caso.,
Rcl88121,23/12/2025,Expedido(a),Um documento relacionado ao processo foi enviado. | Comunica despacho/decisão _SEJ,
Rcl88121,23/12/2025,Comunicação assinada,"Um documento relacionado ao processo, como um ofício ou um alvará, foi assinado. | Ofício 27341/2025. Comunica despacho/decisão _SEJ",
Rcl88121,23/12/2025,Juntada do mandado cumprido,n. 7153/2025,
Rcl88121,23/12/2025,Juntada do mandado cumprido,n. 7152/2025,
Rcl88121,23/12/2025,Certidão,Registro de acontecimentos relacionados ao processo. | Certifico a elaboração de 1 ofício eletrônico. Despacho de 23.12.2025.,
Rcl88121,23/12/2025,Remessa,às Comunicações,
Rcl88121,23/12/2025,Despacho,,
Rcl88121,23/12/2025,Conclusos ao(à) Relator(a),O processo foi encaminhado para análise do(a) ministro(a) responsável pelo caso.,
Rcl88121,23/12/2025,Petição,"Petição Físico ou Sigiloso - Petição Sigilosa: 183960 Data: 23/12/2025, às 07:27:45",
Rcl88121,22/12/2025,Expedido(a),Um documento relacionado ao processo foi enviado. | Mandado de intimação despacho/decisão_PGR_SEJ,
Rcl88121,22/12/2025,Expedido(a),Um documento relacionado ao processo foi enviado. | Mandado de intimação despacho/decisão_SEJ,
Rcl88121,22/12/2025,Expedido(a),Um documento relacionado ao processo foi enviado. | Comunica despacho/decisão _SEJ,
Rcl88121,22/12/2025,Comunicação assinada,"Um documento relacionado ao processo, como um ofício ou um alvará, foi assinado. | Mandado 7153/2025. Mandado de intimação despacho/decisão_PGR_SEJ",
Rcl88121,22/12/2025,Comunicação assinada,"Um documento relacionado ao processo, como um ofício ou um alvará, foi assinado. | Ofício 27272/2025. Comunica despacho/decisão _SEJ",
Rcl88121,22/12/2025,Comunicação assinada,"Um documento relacionado ao processo, como um ofício ou um alvará, foi assinado. | Mandado 7152/2025. Mandado de intimação despacho/decisão_SEJ",
Rcl88121,22/12/2025,Certidão,Registro de acontecimentos relacionados ao processo. | Certifico a elaboração de 1 ofício eletrônico e 2 mandados de intimação. Decisão de 22.12.2025.,
Rcl88121,22/12/2025,Remessa,Sem Descrição,
Rcl88121,22/12/2025,Decisão (sigiloso),MIN. DIAS TOFFOLI,
Rcl88121,22/12/2025,Petição,"Petição Físico ou Sigiloso - Petição Sigilosa: 183874 Data: 22/12/2025, às 18:25:55",
Rcl88121,22/12/2025,Remessa,da Petição nº 183053/2025 para RECURSOS CRIMINAIS E HABEAS CORPUS,
Rcl88121,22/12/2025,Remessa,da Petição nº 183107/2025 para RECURSOS CRIMINAIS E HABEAS CORPUS,
Rcl88121,22/12/2025,Remessa,da Petição nº 183347/2025 para RECURSOS CRIMINAIS E HABEAS CORPUS,
Rcl88121,22/12/2025,Conclusos ao(à) Relator(a),O processo foi encaminhado para análise do(a) ministro(a) responsável pelo caso.,
Rcl88121,19/12/2025,Petição,"Petição Físico ou Sigiloso - Petição Sigilosa: 183347 Data: 19/12/2025, às 20:25:10",
Rcl88121,19/12/2025,Petição,183302/2025 - 19/12/2025 - (Via Malote Digital),
Rcl88121,19/12/2025,Petição,"Petição Físico ou Sigiloso - Petição Sigilosa: 183107 Data: 19/12/2025, às 17:06:06",
Rcl88121,19/12/2025,Petição,"Petição Físico ou Sigiloso - Petição Sigilosa: 183053 Data: 19/12/2025, às 16:29:00",
Rcl88121,19/12/2025,Petição,182890/2025 - 19/12/2025 -,
Rcl88121,18/12/2025,Remessa,da Petição nº 179241/2025 para RECURSOS CRIMINAIS E HABEAS CORPUS,
Rcl88121,18/12/2025,Remessa,da Petição nº 181747/2025 para RECURSOS CRIMINAIS E HABEAS CORPUS,
Rcl88121,18/12/2025,Remessa,da Petição nº 181944/2025 para RECURSOS CRIMINAIS E HABEAS CORPUS,
Rcl88121,18/12/2025,Conclusos ao(à) Relator(a),O processo foi encaminhado para análise do(a) ministro(a) responsável pelo caso.,
Rcl88121,18/12/2025,Certidão,Registro de acontecimentos relacionados ao processo. | .,
Rcl88121,18/12/2025,Petição,181531/2025 - 18/12/2025 -,
Rcl88121,18/12/2025,Petição,"Petição Físico ou Sigiloso - Petição Sigilosa: 181944 Data: 18/12/2025, às 13:54:20",
Rcl88121,17/12/2025,Petição,"Petição Físico ou Sigiloso - Petição Sigilosa: 181747 Data: 17/12/2025, às 23:42:22",
Rcl88121,17/12/2025,Remessa,da Petição nº 179241/2025 para GABINETE MINISTRO DIAS TOFFOLI,
Rcl88121,16/12/2025,Juntada do mandado cumprido,n. 6770.,
Rcl88121,16/12/2025,Petição,"Petição Físico ou Sigiloso - Petição Sigilosa: 180608 Data: 16/12/2025, às 15:42:43",
Rcl88121,16/12/2025,Conclusos ao(à) Relator(a),O processo foi encaminhado para análise do(a) ministro(a) responsável pelo caso.,
Rcl88121,16/12/2025,Petição,"Petição Físico ou Sigiloso - Petição Sigilosa: 180365 Data: 16/12/2025, às 12:43:47",
Rcl88121,16/12/2025,Petição,"Petição Físico ou Sigiloso - Petição Sigilosa: 180330 Data: 16/12/2025, às 12:14:28",
Rcl88121,16/12/2025,"Publicação, DJE",Divulgado em 15/12/2025,
Rcl88121,15/12/2025,Petição,"Petição Físico ou Sigiloso - Petição Sigilosa: 180161 Data: 15/12/2025, às 22:18:36",
Rcl88121,15/12/2025,Comunicação assinada,"Um documento relacionado ao processo, como um ofício ou um alvará, foi assinado. | Ofício 26601/2025. Comunica despacho/decisão _SEJ",
Rcl88121,15/12/2025,Certidão,Registro de acontecimentos relacionados ao processo. | Certifico a elaboração de 1 ofício eletrônico. Despacho de 15.12.2025.,
Rcl88121,15/12/2025,Deferido,Decisão monocrática | MIN. DIAS TOFFOLI,15383154196
Rcl88121,15/12/2025,Petição,"179241/2025 Data: 12/12/2025, às 20:37:17 PETV3",
Rcl88121,12/12/2025,Petição,"Petição Físico ou Sigiloso - Petição Sigilosa: 178959 Data: 12/12/2025, às 15:21:24",
Rcl88121,12/12/2025,Juntada do mandado cumprido,nº 6763/2025.,
Rcl88121,12/12/2025,Expedido(a),Um documento relacionado ao processo foi enviado. | Determinação cumprimento despacho/decisão_Relator (DTO),
Rcl88121,12/12/2025,Expedido(a),Um documento relacionado ao processo foi enviado. | Determinação cumprimento despacho/decisão_Relator (DTO),
Rcl88121,12/12/2025,Expedido(a),Um documento relacionado ao processo foi enviado. | Determinação cumprimento despacho/decisão_Relator (DTO),
Rcl88121,12/12/2025,Expedido(a),Um documento relacionado ao processo foi enviado. | Determinação cumprimento despacho/decisão_Relator (DTO),
Rcl88121,12/12/2025,Expedido(a),Um documento relacionado ao processo foi enviado. | Determinação cumprimento despacho/decisão_Relator (DTO),
Rcl88121,12/12/2025,Comunicação assinada,"Um documento relacionado ao processo, como um ofício ou um alvará, foi assinado. | Ofício 26420/2025. Determinação cumprimento despacho/decisão_Relator (DTO)",
Rcl88121,12/12/2025,Comunicação assinada,"Um documento relacionado ao processo, como um ofício ou um alvará, foi assinado. | Ofício 26422/2025. Determinação cumprimento despacho/decisão_Relator (DTO)",
Rcl88121,12/12/2025,Comunicação assinada,"Um documento relacionado ao processo, como um ofício ou um alvará, foi assinado. | Ofício 26419/2025. Determinação cumprimento despacho/decisão_Relator (DTO)",
Rcl88121,12/12/2025,Comunicação assinada,"Um documento relacionado ao processo, como um ofício ou um alvará, foi assinado. | Ofício 26423/2025. Determinação cumprimento despacho/decisão_Relator (DTO)",
Rcl88121,12/12/2025,Comunicação assinada,"Um documento relacionado ao processo, como um ofício ou um alvará, foi assinado. | Ofício 26421/2025. Determinação cumprimento despacho/decisão_Relator (DTO)",
Rcl88121,12/12/2025,Comunicação assinada,"Um documento relacionado ao processo, como um ofício ou um alvará, foi assinado. | Ofício 26417/2025. Determinação cumprimento despacho/decisão_Relator (DTO)",
Rcl88121,12/12/2025,Comunicação assinada,"Um documento relacionado ao processo, como um ofício ou um alvará, foi assinado. | Ofício 26415/2025. Determinação cumprimento despacho/decisão_Relator (DTO)",
Rcl88121,12/12/2025,Comunicação assinada,"Um documento relacionado ao processo, como um ofício ou um alvará, foi assinado. | Ofício 26416/2025. Determinação cumprimento despacho/decisão_Relator (DTO)",
Rcl88121,12/12/2025,Petição,"Petição Físico ou Sigiloso - Petição Sigilosa: 178709 Data: 12/12/2025, às 10:58:09",
Rcl88121,12/12/2025,Petição,"Petição Físico ou Sigiloso - Petição Sigilosa: 178707 Data: 12/12/2025, às 10:57:02",
Rcl88121,12/12/2025,Comunicação assinada,"Um documento relacionado ao processo, como um ofício ou um alvará, foi assinado. | Ofício 26408/2025. Comunica despacho/decisão e solicita informações_Relator (DTO)",
Rcl88121,12/12/2025,Certidão,Registro de acontecimentos relacionados ao processo. | Certifico a elaboração de 9 ofícios. Decisão de 12/12/2025.,
Rcl88121,12/12/2025,Petição,"Petição Físico ou Sigiloso - Petição Sigilosa: 178674 Data: 12/12/2025, às 09:47:40",
Rcl88121,12/12/2025,Decisão (sigiloso),MIN. DIAS TOFFOLI,
Rcl88121,11/12/2025,Petição,"Petição Físico ou Sigiloso - Petição Sigilosa: 178520 Data: 11/12/2025, às 19:16:30",
Rcl88121,11/12/2025,Petição,"Petição Físico ou Sigiloso - Petição Sigilosa: 178410 Data: 11/12/2025, às 17:36:44",
Rcl88121,11/12/2025,Petição,"Petição Físico ou Sigiloso - Petição Sigilosa: 178356 Data: 11/12/2025, às 16:45:22",
Rcl88121,11/12/2025,Expedido(a),Um documento relacionado ao processo foi enviado. | Mandado de intimação despacho/decisão_Relator,
Rcl88121,10/12/2025,Petição,"Petição Físico ou Sigiloso - Petição Sigilosa: 177854 Data: 10/12/2025, às 18:59:20",
Rcl88121,10/12/2025,Lançamento indevido,09/12/2025 - Vista à PGR para fins de intimação | Justificativa: Erro.,
Rcl88121,10/12/2025,Expedido(a),Um documento relacionado ao processo foi enviado. | Mandado de intimação despacho/decisão_SEJ,
Rcl88121,10/12/2025,Comunicação assinada,"Um documento relacionado ao processo, como um ofício ou um alvará, foi assinado. | Mandado 6770/2025. Mandado de intimação despacho/decisão_SEJ",
Rcl88121,10/12/2025,Certidão,Registro de acontecimentos relacionados ao processo. | Certifico a elaboração de 1 mandado de intimação. Decisão de 09.12.2025.,
Rcl88121,10/12/2025,Comunicação assinada,"Um documento relacionado ao processo, como um ofício ou um alvará, foi assinado. | Ofício 26180/2025. Comunicação de despacho/decisão_Relator (DTO)",
Rcl88121,10/12/2025,Comunicação assinada,"Um documento relacionado ao processo, como um ofício ou um alvará, foi assinado. | Ofício 26177/2025. Determinação cumprimento despacho/decisão_Relator (DTO)",
Rcl88121,10/12/2025,Comunicação assinada,"Um documento relacionado ao processo, como um ofício ou um alvará, foi assinado. | Ofício 26181/2025. Determinação cumprimento despacho/decisão_Relator (DTO)",
Rcl88121,10/12/2025,Comunicação assinada,"Um documento relacionado ao processo, como um ofício ou um alvará, foi assinado. | Mandado 6763/2025. Mandado de intimação despacho/decisão_Relator",
Rcl88121,10/12/2025,Comunicação assinada,"Um documento relacionado ao processo, como um ofício ou um alvará, foi assinado. | Ofício 26179/2025. Determinação cumprimento despacho/decisão_Relator (DTO)",
Rcl88121,10/12/2025,Comunicação assinada,"Um documento relacionado ao processo, como um ofício ou um alvará, foi assinado. | Carta Postal 4547/2025. Intimação postal _Relator",
Rcl88121,10/12/2025,Comunicação assinada,"Um documento relacionado ao processo, como um ofício ou um alvará, foi assinado. | Ofício 26178/2025. Determinação cumprimento despacho/decisão_Relator (DTO)",
Rcl88121,09/12/2025,Intimado eletronicamente,"A pessoa (o autor, o réu, o executado ou outro interessado) e/ou seu advogado receberam, por sistema eletrônico, a comunicação de uma decisão do processo. | Intimação | PROCURADOR-GERAL DA REPÚBLICA",15382951171
Rcl88121,09/12/2025,Certidão,Registro de acontecimentos relacionados ao processo. | CERTIDÃO DE RETIFICAÇÃO DE AUTUAÇÃO,
Rcl88121,09/12/2025,Certidão,"Registro de acontecimentos relacionados ao processo. | Certifico a elaboração de 5 ofícios eletrônicos, 1 mandado de intimação e 1 intimação postal. Decisão de 09/12/2025.",
Rcl88121,09/12/2025,Remessa,às Comunicações,
Rcl88121,09/12/2025,Vista à PGR para fins de intimação,O processo foi enviado à Procuradoria-Geral da República (Ministério Público Federal) para comunicação da decisão no processo. | Decisão monocrática,15382943120
Rcl88121,09/12/2025,Decisão (sigiloso),MIN. DIAS TOFFOLI,
Rcl88121,08/12/2025,Petição,"Petição Físico ou Sigiloso - Petição Sigilosa: 176072 Data: 08/12/2025, às 17:46:43",
Rcl88121,05/12/2025,Petição,"Petição Físico ou Sigiloso - Petição Sigilosa: 175531 Data: 05/12/2025, às 18:58:53",
Rcl88121,05/12/2025,Petição,"Petição Físico ou Sigiloso - Petição Sigilosa: 175487 Data: 05/12/2025, às 18:16:32",
Rcl88121,05/12/2025,Juntada do mandado cumprido,6567/2025,
Rcl88121,05/12/2025,Petição,"Petição Físico ou Sigiloso - Petição Sigilosa: 175097 Data: 05/12/2025, às 13:45:12",
Rcl88121,05/12/2025,Petição,"Petição Físico ou Sigiloso - Petição Sigilosa: 175090 Data: 05/12/2025, às 13:29:48",
Rcl88121,04/12/2025,Petição,"Petição Físico ou Sigiloso - Petição Sigilosa: 174533 Data: 04/12/2025, às 16:29:20",
Rcl88121,04/12/2025,Petição,"Petição Físico ou Sigiloso - Petição Sigilosa: 174438 Data: 04/12/2025, às 15:19:39",
Rcl88121,04/12/2025,Petição,"Petição Físico ou Sigiloso - Petição Sigilosa: 174430 Data: 04/12/2025, às 15:07:51",
Rcl88121,04/12/2025,Petição,"Petição Físico ou Sigiloso - Petição Sigilosa: 174377 Data: 04/12/2025, às 14:18:43",
Rcl88121,04/12/2025,Expedido(a),Um documento relacionado ao processo foi enviado. | Comunicação de despacho/decisão_Relator (DTO),
Rcl88121,04/12/2025,Expedido(a),Um documento relacionado ao processo foi enviado. | Comunicação de despacho/decisão_Relator (DTO),
Rcl88121,04/12/2025,Expedido(a),Um documento relacionado ao processo foi enviado. | Comunicação de despacho/decisão_Relator (DTO),
Rcl88121,04/12/2025,Expedido(a),Um documento relacionado ao processo foi enviado. | Comunicação de despacho/decisão_Relator (DTO),
Rcl88121,04/12/2025,Comunicação assinada,"Um documento relacionado ao processo, como um ofício ou um alvará, foi assinado. | Ofício 25727/2025. Comunicação de despacho/decisão_Relator (DTO)",
Rcl88121,04/12/2025,Comunicação assinada,"Um documento relacionado ao processo, como um ofício ou um alvará, foi assinado. | Ofício 25726/2025. Comunicação de despacho/decisão_Relator (DTO)",
Rcl88121,04/12/2025,Comunicação assinada,"Um documento relacionado ao processo, como um ofício ou um alvará, foi assinado. | Ofício 25725/2025. Comunicação de despacho/decisão_Relator (DTO)",
Rcl88121,04/12/2025,Comunicação assinada,"Um documento relacionado ao processo, como um ofício ou um alvará, foi assinado. | Ofício 25724/2025. Comunicação de despacho/decisão_Relator (DTO)",
Rcl88121,03/12/2025,Certidão,Registro de acontecimentos relacionados ao processo. | .,
Rcl88121,03/12/2025,Certidão,Registro de acontecimentos relacionados ao processo. | Certifico a elaboração de 4 ofícios eletrônicos. Despacho de 3.12.2025.,
Rcl88121,03/12/2025,Despacho,03/12/2025,
Rcl88121,03/12/2025,Petição,"Petição Físico ou Sigiloso - Petição Sigilosa: 173533 Data: 03/12/2025, às 11:45:40",
Rcl88121,02/12/2025,Petição,"Petição Físico ou Sigiloso - Petição Sigilosa: 173359 Data: 02/12/2025, às 20:00:09",
Rcl88121,02/12/2025,Expedido(a),Um documento relacionado ao processo foi enviado. | Informação Geral_SEJ,
Rcl88121,02/12/2025,Comunicação assinada,"Um documento relacionado ao processo, como um ofício ou um alvará, foi assinado. | Ofício 25522/2025. Informação Geral_SEJ",
Rcl88121,02/12/2025,Certidão,Registro de acontecimentos relacionados ao processo. | Certifico a elaboração de 1 ofício eletrônico. Despacho de 28.11.2025,
Rcl88121,02/12/2025,Remessa,,
Rcl88121,02/12/2025,Petição,"Petição Físico ou Sigiloso - Petição Sigilosa: 172896 Data: 02/12/2025, às 13:21:03",
Rcl88121,02/12/2025,Petição,"Petição Físico ou Sigiloso - Petição Sigilosa: 172780 Data: 02/12/2025, às 10:48:13",
Rcl88121,01/12/2025,Expedido(a),Um documento relacionado ao processo foi enviado. | Mandado de intimação despacho/decisão_SEJ,
Rcl88121,01/12/2025,Petição,"Petição Físico ou Sigiloso - Petição Sigilosa: 172162 Data: 01/12/2025, às 14:09:53",
Rcl88121,29/11/2025,Comunicação assinada,"Um documento relacionado ao processo, como um ofício ou um alvará, foi assinado. | Mandado 6567/2025. Mandado de intimação despacho/decisão_SEJ",
Rcl88121,29/11/2025,Despacho,28/11/2025,
Rcl88121,29/11/2025,Certidão,Registro de acontecimentos relacionados ao processo. | Certifico a elaboração de 1 mandado de intimação. Despacho de 28.11.2025.,
Rcl88121,28/11/2025,Conclusos ao(à) Relator(a),O processo foi encaminhado para análise do(a) ministro(a) responsável pelo caso.,
Rcl88121,28/11/2025,Distribuído,"Após sorteio, um(a) ministro(a) se tornou responsável pelo caso. | Certidão | MIN. DIAS TOFFOLI. APOSENTADORIA: Excluído(a) da distribuição MIN. LUÍS ROBERTO BARROSO de 10/10/2025 a 10/12/2025, motivo: Art. 67 - § 13º RI",15382675765
Rcl88121,28/11/2025,Autuado,O processo recebeu uma numeração e uma classificação. É a identidade do processo.,
Rcl88121,27/11/2025,Protocolado,"Petição Inicial (nº 171195) recebida em 27/11/2025, às 22:21:24",
